{
  "run_label": "fixed_hashseed_run_a",
  "seed": 0,
  "pythonhashseed": "12345",
  "n_trials": 400,
  "n_initial_design_configs": 25,
  "final_incumbent_cost": -3.202248555930834,
  "best_at_end": -3.202248555930834,
  "incumbent": {
    "x1": 0.4040846935115,
    "x2": 0.8805966344405,
    "x3": 0.8268243579324,
    "x4": 0.5762430678389,
    "x5": 0.1647098089717,
    "x6": 0.0356165241821
  },
  "run_dir": "/rwthfs/rz/cluster/home/io632776/experiments/adaptive-smac/experiments/hartmann/Debug_06/fixed_pythonhashseed_two_jobs/fixed_hashseed_run_a/0"
}