{
  "run_label": "same_function_b",
  "seed": 0,
  "n_trials": 400,
  "n_initial_design_configs": 25,
  "final_incumbent_cost": -2.8741901343576894,
  "best_at_100": -2.848787199327822,
  "best_at_200": -2.8621131489745633,
  "best_at_300": -2.8725588756037803,
  "best_at_400": -2.8741901343576894,
  "incumbent": {
    "x1": 0.4033750970859,
    "x2": 0.9988570225111,
    "x3": 0.9015220874078,
    "x4": 0.5738454560328,
    "x5": 0.1324636745169,
    "x6": 0.0363716198801
  },
  "run_dir": "/home/io632776/experiments/adaptive-smac/experiments/hartmann/Debug_03/same_function_two_names/same_function_b/0"
}