{
  "seed": 1,
  "depths": [
    2,
    5,
    10,
    15,
    20
  ],
  "trials_per_block": 100,
  "n_blocks": 5,
  "selected_depths": [
    10,
    10,
    10,
    15,
    15
  ],
  "selected_trials": 500,
  "actual_evaluations": 2500,
  "final_incumbent_cost": -3.198470046405117,
  "final_incumbent": {
    "x1": 0.4031279566469,
    "x2": 0.8829621779842,
    "x3": 0.8785657278028,
    "x4": 0.574895845936,
    "x5": 0.0171959109095,
    "x6": 0.0373082615745
  },
  "blocks": [
    {
      "block": 1,
      "start_trial": 1,
      "end_trial": 100,
      "branches": [
        {
          "seed": 1,
          "block": 1,
          "depth": 2,
          "branch_dir": "/home/io632776/experiments/adaptive-smac/experiments/hartmann/04_force_variable_policy/hartmann_6d_branch_select_policy/seed_1/block_01/depth_2/1",
          "n_trials": 100,
          "incumbent_cost": -2.8237518298562696,
          "incumbent": {
            "x1": 0.4187570658423,
            "x2": 0.8540748580987,
            "x3": 0.0419477161332,
            "x4": 0.4955998244833,
            "x5": 0.1445262616496,
            "x6": 8.03301536e-05
          }
        },
        {
          "seed": 1,
          "block": 1,
          "depth": 5,
          "branch_dir": "/home/io632776/experiments/adaptive-smac/experiments/hartmann/04_force_variable_policy/hartmann_6d_branch_select_policy/seed_1/block_01/depth_5/1",
          "n_trials": 100,
          "incumbent_cost": -3.0098931871452015,
          "incumbent": {
            "x1": 0.4163991170553,
            "x2": 0.9506608952626,
            "x3": 0.2829300862442,
            "x4": 0.5707007638302,
            "x5": 0.0048346854246,
            "x6": 0.0549448039026
          }
        },
        {
          "seed": 1,
          "block": 1,
          "depth": 10,
          "branch_dir": "/home/io632776/experiments/adaptive-smac/experiments/hartmann/04_force_variable_policy/hartmann_6d_branch_select_policy/seed_1/block_01/depth_10/1",
          "n_trials": 100,
          "incumbent_cost": -3.1536756816635974,
          "incumbent": {
            "x1": 0.4278826108497,
            "x2": 0.8979204401795,
            "x3": 0.7876344337057,
            "x4": 0.5596002431958,
            "x5": 0.0170115207655,
            "x6": 0.045763832838
          }
        },
        {
          "seed": 1,
          "block": 1,
          "depth": 15,
          "branch_dir": "/home/io632776/experiments/adaptive-smac/experiments/hartmann/04_force_variable_policy/hartmann_6d_branch_select_policy/seed_1/block_01/depth_15/1",
          "n_trials": 100,
          "incumbent_cost": -3.1361726438421345,
          "incumbent": {
            "x1": 0.4329802395542,
            "x2": 0.8967864579171,
            "x3": 0.7192461753241,
            "x4": 0.5576132934324,
            "x5": 0.0160225058062,
            "x6": 0.0458725521123
          }
        },
        {
          "seed": 1,
          "block": 1,
          "depth": 20,
          "branch_dir": "/home/io632776/experiments/adaptive-smac/experiments/hartmann/04_force_variable_policy/hartmann_6d_branch_select_policy/seed_1/block_01/depth_20/1",
          "n_trials": 100,
          "incumbent_cost": -3.1361726438421345,
          "incumbent": {
            "x1": 0.4329802395542,
            "x2": 0.8967864579171,
            "x3": 0.7192461753241,
            "x4": 0.5576132934324,
            "x5": 0.0160225058062,
            "x6": 0.0458725521123
          }
        }
      ],
      "selected": {
        "seed": 1,
        "block": 1,
        "depth": 10,
        "branch_dir": "/home/io632776/experiments/adaptive-smac/experiments/hartmann/04_force_variable_policy/hartmann_6d_branch_select_policy/seed_1/block_01/depth_10/1",
        "n_trials": 100,
        "incumbent_cost": -3.1536756816635974,
        "incumbent": {
          "x1": 0.4278826108497,
          "x2": 0.8979204401795,
          "x3": 0.7876344337057,
          "x4": 0.5596002431958,
          "x5": 0.0170115207655,
          "x6": 0.045763832838
        }
      }
    },
    {
      "block": 2,
      "start_trial": 101,
      "end_trial": 200,
      "branches": [
        {
          "seed": 1,
          "block": 2,
          "depth": 2,
          "branch_dir": "/home/io632776/experiments/adaptive-smac/experiments/hartmann/04_force_variable_policy/hartmann_6d_branch_select_policy/seed_1/block_02/depth_2/1",
          "n_trials": 200,
          "incumbent_cost": -3.1536756816635974,
          "incumbent": {
            "x1": 0.4278826108497,
            "x2": 0.8979204401795,
            "x3": 0.7876344337057,
            "x4": 0.5596002431958,
            "x5": 0.0170115207655,
            "x6": 0.045763832838
          }
        },
        {
          "seed": 1,
          "block": 2,
          "depth": 5,
          "branch_dir": "/home/io632776/experiments/adaptive-smac/experiments/hartmann/04_force_variable_policy/hartmann_6d_branch_select_policy/seed_1/block_02/depth_5/1",
          "n_trials": 200,
          "incumbent_cost": -3.1827492104388364,
          "incumbent": {
            "x1": 0.4181997708489,
            "x2": 0.896543610621,
            "x3": 0.8528827857937,
            "x4": 0.5790071840558,
            "x5": 0.0522008013248,
            "x6": 0.045763832838
          }
        },
        {
          "seed": 1,
          "block": 2,
          "depth": 10,
          "branch_dir": "/home/io632776/experiments/adaptive-smac/experiments/hartmann/04_force_variable_policy/hartmann_6d_branch_select_policy/seed_1/block_02/depth_10/1",
          "n_trials": 200,
          "incumbent_cost": -3.1902782050131493,
          "incumbent": {
            "x1": 0.402910667536,
            "x2": 0.8811927804621,
            "x3": 0.9141835151571,
            "x4": 0.5592121509261,
            "x5": 0.01651572043,
            "x6": 0.0417432709242
          }
        },
        {
          "seed": 1,
          "block": 2,
          "depth": 15,
          "branch_dir": "/home/io632776/experiments/adaptive-smac/experiments/hartmann/04_force_variable_policy/hartmann_6d_branch_select_policy/seed_1/block_02/depth_15/1",
          "n_trials": 200,
          "incumbent_cost": -3.1623442985604684,
          "incumbent": {
            "x1": 0.4289908572949,
            "x2": 0.8800415296692,
            "x3": 0.7500970155174,
            "x4": 0.5805025106785,
            "x5": 0.012971472535,
            "x6": 0.0424603418411
          }
        },
        {
          "seed": 1,
          "block": 2,
          "depth": 20,
          "branch_dir": "/home/io632776/experiments/adaptive-smac/experiments/hartmann/04_force_variable_policy/hartmann_6d_branch_select_policy/seed_1/block_02/depth_20/1",
          "n_trials": 200,
          "incumbent_cost": -3.1765092310070324,
          "incumbent": {
            "x1": 0.4207949807487,
            "x2": 0.8987028755407,
            "x3": 0.7964298233349,
            "x4": 0.569229983937,
            "x5": 0.0160225058062,
            "x6": 0.039497725224
          }
        }
      ],
      "selected": {
        "seed": 1,
        "block": 2,
        "depth": 10,
        "branch_dir": "/home/io632776/experiments/adaptive-smac/experiments/hartmann/04_force_variable_policy/hartmann_6d_branch_select_policy/seed_1/block_02/depth_10/1",
        "n_trials": 200,
        "incumbent_cost": -3.1902782050131493,
        "incumbent": {
          "x1": 0.402910667536,
          "x2": 0.8811927804621,
          "x3": 0.9141835151571,
          "x4": 0.5592121509261,
          "x5": 0.01651572043,
          "x6": 0.0417432709242
        }
      }
    },
    {
      "block": 3,
      "start_trial": 201,
      "end_trial": 300,
      "branches": [
        {
          "seed": 1,
          "block": 3,
          "depth": 2,
          "branch_dir": "/home/io632776/experiments/adaptive-smac/experiments/hartmann/04_force_variable_policy/hartmann_6d_branch_select_policy/seed_1/block_03/depth_2/1",