{
  "seed": 1,
  "depths": [
    2,
    5,
    10,
    15,
    20
  ],
  "trials_per_block": 100,
  "n_blocks": 5,
  "selected_depths": [
    15,
    5,
    20,
    15,
    20
  ],
  "selected_trials": 500,
  "actual_evaluations": 2500,
  "final_incumbent_cost": -3.1440896734962727,
  "final_incumbent": {
    "x1": 0.40519080968,
    "x2": 0.8845555192183,
    "x3": 0.8605694715097,
    "x4": 0.5729573537115,
    "x5": 0.1130436495613,
    "x6": 0.0020258477263
  },
  "blocks": [
    {
      "block": 1,
      "start_trial": 1,
      "end_trial": 100,
      "branches": [
        {
          "seed": 1,
          "block": 1,
          "depth": 2,
          "branch_dir": "/home/io632776/experiments/adaptive-smac/experiments/hartmann/04_force_variable_policy/hartmann_6d_branch_select_policy/seed_1/block_01/depth_2/1",
          "n_trials": 100,
          "incumbent_cost": -2.731538290111681,
          "incumbent": {
            "x1": 0.3400160765365,
            "x2": 0.8012453051065,
            "x3": 0.4210712945678,
            "x4": 0.6054766573655,
            "x5": 0.2890129974412,
            "x6": 0.0064303398728
          }
        },
        {
          "seed": 1,
          "block": 1,
          "depth": 5,
          "branch_dir": "/home/io632776/experiments/adaptive-smac/experiments/hartmann/04_force_variable_policy/hartmann_6d_branch_select_policy/seed_1/block_01/depth_5/1",
          "n_trials": 100,
          "incumbent_cost": -2.840869896312866,
          "incumbent": {
            "x1": 0.3989945910883,
            "x2": 0.8935806120573,
            "x3": 0.0563462291818,
            "x4": 0.6557081921162,
            "x5": 0.046069411569,
            "x6": 0.0024224445316
          }
        },
        {
          "seed": 1,
          "block": 1,
          "depth": 10,
          "branch_dir": "/home/io632776/experiments/adaptive-smac/experiments/hartmann/04_force_variable_policy/hartmann_6d_branch_select_policy/seed_1/block_01/depth_10/1",
          "n_trials": 100,
          "incumbent_cost": -2.8868959189469576,
          "incumbent": {
            "x1": 0.3754578115241,
            "x2": 0.9225593290593,
            "x3": 0.4182833864765,
            "x4": 0.5641789139352,
            "x5": 0.790426059246,
            "x6": 0.0016783476297
          }
        },
        {
          "seed": 1,
          "block": 1,
          "depth": 15,
          "branch_dir": "/home/io632776/experiments/adaptive-smac/experiments/hartmann/04_force_variable_policy/hartmann_6d_branch_select_policy/seed_1/block_01/depth_15/1",
          "n_trials": 100,
          "incumbent_cost": -2.9558627947156753,
          "incumbent": {
            "x1": 0.4159379509117,
            "x2": 0.8881898577893,
            "x3": 0.3782619527933,
            "x4": 0.584408359802,
            "x5": 0.7833024168435,
            "x6": 0.0015884156031
          }
        },
        {
          "seed": 1,
          "block": 1,
          "depth": 20,
          "branch_dir": "/home/io632776/experiments/adaptive-smac/experiments/hartmann/04_force_variable_policy/hartmann_6d_branch_select_policy/seed_1/block_01/depth_20/1",
          "n_trials": 100,
          "incumbent_cost": -2.9558627947156753,
          "incumbent": {
            "x1": 0.4159379509117,
            "x2": 0.8881898577893,
            "x3": 0.3782619527933,
            "x4": 0.584408359802,
            "x5": 0.7833024168435,
            "x6": 0.0015884156031
          }
        }
      ],
      "selected": {
        "seed": 1,
        "block": 1,
        "depth": 15,
        "branch_dir": "/home/io632776/experiments/adaptive-smac/experiments/hartmann/04_force_variable_policy/hartmann_6d_branch_select_policy/seed_1/block_01/depth_15/1",
        "n_trials": 100,
        "incumbent_cost": -2.9558627947156753,
        "incumbent": {
          "x1": 0.4159379509117,
          "x2": 0.8881898577893,
          "x3": 0.3782619527933,
          "x4": 0.584408359802,
          "x5": 0.7833024168435,
          "x6": 0.0015884156031
        }
      }
    },
    {
      "block": 2,
      "start_trial": 101,
      "end_trial": 200,
      "branches": [
        {
          "seed": 1,
          "block": 2,
          "depth": 2,
          "branch_dir": "/home/io632776/experiments/adaptive-smac/experiments/hartmann/04_force_variable_policy/hartmann_6d_branch_select_policy/seed_1/block_02/depth_2/1",
          "n_trials": 200,
          "incumbent_cost": -2.9713601638044675,
          "incumbent": {
            "x1": 0.3830683055591,
            "x2": 0.9071409269291,
            "x3": 0.440505372669,
            "x4": 0.5846955135827,
            "x5": 0.6843675114659,
            "x6": 0.0016783476297
          }
        },
        {
          "seed": 1,
          "block": 2,
          "depth": 5,
          "branch_dir": "/home/io632776/experiments/adaptive-smac/experiments/hartmann/04_force_variable_policy/hartmann_6d_branch_select_policy/seed_1/block_02/depth_5/1",
          "n_trials": 200,
          "incumbent_cost": -3.140394644437242,
          "incumbent": {
            "x1": 0.4036001586236,
            "x2": 0.8869006583625,
            "x3": 0.7737787485922,
            "x4": 0.5757928304235,
            "x5": 0.2163422435439,
            "x6": 0.0020258477263
          }
        },
        {
          "seed": 1,
          "block": 2,
          "depth": 10,
          "branch_dir": "/home/io632776/experiments/adaptive-smac/experiments/hartmann/04_force_variable_policy/hartmann_6d_branch_select_policy/seed_1/block_02/depth_10/1",
          "n_trials": 200,
          "incumbent_cost": -3.128211865607284,
          "incumbent": {
            "x1": 0.4006054637752,
            "x2": 0.8991087853333,
            "x3": 0.6721578662733,
            "x4": 0.5801286216238,
            "x5": 0.0835550254309,
            "x6": 0.0016417073192
          }
        },
        {
          "seed": 1,
          "block": 2,
          "depth": 15,
          "branch_dir": "/home/io632776/experiments/adaptive-smac/experiments/hartmann/04_force_variable_policy/hartmann_6d_branch_select_policy/seed_1/block_02/depth_15/1",
          "n_trials": 200,
          "incumbent_cost": -3.1276189044358893,
          "incumbent": {
            "x1": 0.4113453501702,
            "x2": 0.8989450882064,
            "x3": 0.9118851436872,
            "x4": 0.5761660315194,
            "x5": 0.0045426617,
            "x6": 0.0012045300132
          }
        },
        {
          "seed": 1,
          "block": 2,
          "depth": 20,
          "branch_dir": "/home/io632776/experiments/adaptive-smac/experiments/hartmann/04_force_variable_policy/hartmann_6d_branch_select_policy/seed_1/block_02/depth_20/1",
          "n_trials": 200,
          "incumbent_cost": -3.1276189044358893,
          "incumbent": {
            "x1": 0.4113453501702,
            "x2": 0.8989450882064,
            "x3": 0.9118851436872,
            "x4": 0.5761660315194,
            "x5": 0.0045426617,
            "x6": 0.0012045300132
          }
        }
      ],
      "selected": {
        "seed": 1,
        "block": 2,
        "depth": 5,
        "branch_dir": "/home/io632776/experiments/adaptive-smac/experiments/hartmann/04_force_variable_policy/hartmann_6d_branch_select_policy/seed_1/block_02/depth_5/1",
        "n_trials": 200,
        "incumbent_cost": -3.140394644437242,
        "incumbent": {
          "x1": 0.4036001586236,
          "x2": 0.8869006583625,
          "x3": 0.7737787485922,
          "x4": 0.5757928304235,
          "x5": 0.2163422435439,
          "x6": 0.0020258477263
        }
      }
    },
    {
      "block": 3,
      "start_trial": 201,
      "end_trial": 300,
      "branches": [
        {
          "seed": 1,
          "block": 3,
          "depth": 2,
          "branch_dir": "/home/io632776/experiments/adaptive-smac/experiments/hartmann/04_force_variable_policy/hartmann_6d_branch_select_policy/seed_1/block_03/depth_2/1",
          "n_trials": 300,