{
  "seed": 4,
  "depths": [
    2,
    5,
    10,
    15,
    20
  ],
  "trials_per_block": 100,
  "n_blocks": 5,
  "selected_depths": [
    2,
    10,
    15,
    15,
    10
  ],
  "selected_trials": 500,
  "actual_evaluations": 2500,
  "final_incumbent_cost": -3.162222222420384,
  "final_incumbent": {
    "x1": 0.404284668738,
    "x2": 0.8838802159288,
    "x3": 0.7728453398598,
    "x4": 0.5676758974482,
    "x5": 0.1514102337899,
    "x6": 0.0090234254646
  },
  "blocks": [
    {
      "block": 1,
      "start_trial": 1,
      "end_trial": 100,
      "branches": [
        {
          "seed": 4,
          "block": 1,
          "depth": 2,
          "branch_dir": "/home/io632776/experiments/adaptive-smac/experiments/hartmann/04_force_variable_policy/hartmann_6d_branch_select_policy/seed_4/block_01/depth_2/4",
          "n_trials": 100,
          "incumbent_cost": -2.9373515828012726,
          "incumbent": {
            "x1": 0.4040752925096,
            "x2": 0.9703144423373,
            "x3": 0.8530324396959,
            "x4": 0.5606759005878,
            "x5": 0.392493842635,
            "x6": 0.0050742313582
          }
        },
        {
          "seed": 4,
          "block": 1,
          "depth": 5,
          "branch_dir": "/home/io632776/experiments/adaptive-smac/experiments/hartmann/04_force_variable_policy/hartmann_6d_branch_select_policy/seed_4/block_01/depth_5/4",
          "n_trials": 100,
          "incumbent_cost": -2.702594648435694,
          "incumbent": {
            "x1": 0.3458998501963,
            "x2": 0.1093468884545,
            "x3": 0.46855193504,
            "x4": 0.3861342713506,
            "x5": 0.306784852229,
            "x6": 0.6069730387614
          }
        },
        {
          "seed": 4,
          "block": 1,
          "depth": 10,
          "branch_dir": "/home/io632776/experiments/adaptive-smac/experiments/hartmann/04_force_variable_policy/hartmann_6d_branch_select_policy/seed_4/block_01/depth_10/4",
          "n_trials": 100,
          "incumbent_cost": -2.2347356099820863,
          "incumbent": {
            "x1": 0.1764541235118,
            "x2": 0.1021594851153,
            "x3": 6.56725947e-05,
            "x4": 0.3394722766923,
            "x5": 0.3078864126456,
            "x6": 0.5928326220974
          }
        },
        {
          "seed": 4,
          "block": 1,
          "depth": 15,
          "branch_dir": "/home/io632776/experiments/adaptive-smac/experiments/hartmann/04_force_variable_policy/hartmann_6d_branch_select_policy/seed_4/block_01/depth_15/4",
          "n_trials": 100,
          "incumbent_cost": -2.137926725053708,
          "incumbent": {
            "x1": 0.4201190338047,
            "x2": 0.0969059063105,
            "x3": 0.0002276635273,
            "x4": 0.2732159166036,
            "x5": 0.2751081189538,
            "x6": 0.6585334042042
          }
        },
        {
          "seed": 4,
          "block": 1,
          "depth": 20,
          "branch_dir": "/home/io632776/experiments/adaptive-smac/experiments/hartmann/04_force_variable_policy/hartmann_6d_branch_select_policy/seed_4/block_01/depth_20/4",
          "n_trials": 100,
          "incumbent_cost": -2.137926725053708,
          "incumbent": {
            "x1": 0.4201190338047,
            "x2": 0.0969059063105,
            "x3": 0.0002276635273,
            "x4": 0.2732159166036,
            "x5": 0.2751081189538,
            "x6": 0.6585334042042
          }
        }
      ],
      "selected": {
        "seed": 4,
        "block": 1,
        "depth": 2,
        "branch_dir": "/home/io632776/experiments/adaptive-smac/experiments/hartmann/04_force_variable_policy/hartmann_6d_branch_select_policy/seed_4/block_01/depth_2/4",
        "n_trials": 100,
        "incumbent_cost": -2.9373515828012726,
        "incumbent": {
          "x1": 0.4040752925096,
          "x2": 0.9703144423373,
          "x3": 0.8530324396959,
          "x4": 0.5606759005878,
          "x5": 0.392493842635,
          "x6": 0.0050742313582
        }
      }
    },
    {
      "block": 2,
      "start_trial": 101,
      "end_trial": 200,
      "branches": [
        {
          "seed": 4,
          "block": 2,
          "depth": 2,
          "branch_dir": "/home/io632776/experiments/adaptive-smac/experiments/hartmann/04_force_variable_policy/hartmann_6d_branch_select_policy/seed_4/block_02/depth_2/4",
          "n_trials": 200,
          "incumbent_cost": -3.036509623558679,
          "incumbent": {
            "x1": 0.3949498770091,
            "x2": 0.82150484825,
            "x3": 0.4692595470713,
            "x4": 0.5799812908232,
            "x5": 0.2452377441526,
            "x6": 0.0073849966385
          }
        },
        {
          "seed": 4,
          "block": 2,
          "depth": 5,
          "branch_dir": "/home/io632776/experiments/adaptive-smac/experiments/hartmann/04_force_variable_policy/hartmann_6d_branch_select_policy/seed_4/block_02/depth_5/4",
          "n_trials": 200,
          "incumbent_cost": -3.0934718447255523,
          "incumbent": {
            "x1": 0.4064670967085,
            "x2": 0.8875759037274,
            "x3": 0.7352278505898,
            "x4": 0.5542382004431,
            "x5": 0.4901458740596,
            "x6": 0.0050035151811
          }
        },
        {
          "seed": 4,
          "block": 2,
          "depth": 10,
          "branch_dir": "/home/io632776/experiments/adaptive-smac/experiments/hartmann/04_force_variable_policy/hartmann_6d_branch_select_policy/seed_4/block_02/depth_10/4",
          "n_trials": 200,
          "incumbent_cost": -3.1275378976154253,
          "incumbent": {
            "x1": 0.4047337680511,
            "x2": 0.855164400103,
            "x3": 0.9637961640677,
            "x4": 0.5879954912924,
            "x5": 0.0355920745463,
            "x6": 0.0061639160905
          }
        },
        {
          "seed": 4,
          "block": 2,
          "depth": 15,
          "branch_dir": "/home/io632776/experiments/adaptive-smac/experiments/hartmann/04_force_variable_policy/hartmann_6d_branch_select_policy/seed_4/block_02/depth_15/4",
          "n_trials": 200,
          "incumbent_cost": -3.1264754808631423,
          "incumbent": {
            "x1": 0.3963356166974,
            "x2": 0.8674035173434,
            "x3": 0.9038338034178,
            "x4": 0.5670263689263,
            "x5": 0.1506325773741,
            "x6": 9.75458445e-05
          }
        },
        {
          "seed": 4,
          "block": 2,
          "depth": 20,
          "branch_dir": "/home/io632776/experiments/adaptive-smac/experiments/hartmann/04_force_variable_policy/hartmann_6d_branch_select_policy/seed_4/block_02/depth_20/4",
          "n_trials": 200,
          "incumbent_cost": -3.124093028450477,
          "incumbent": {
            "x1": 0.4147233465683,
            "x2": 0.8902041997482,
            "x3": 0.8601913411745,
            "x4": 0.587520887724,
            "x5": 0.3882844785438,
            "x6": 0.0072519364927
          }
        }
      ],
      "selected": {
        "seed": 4,
        "block": 2,
        "depth": 10,
        "branch_dir": "/home/io632776/experiments/adaptive-smac/experiments/hartmann/04_force_variable_policy/hartmann_6d_branch_select_policy/seed_4/block_02/depth_10/4",
        "n_trials": 200,
        "incumbent_cost": -3.1275378976154253,
        "incumbent": {
          "x1": 0.4047337680511,
          "x2": 0.855164400103,
          "x3": 0.9637961640677,
          "x4": 0.5879954912924,
          "x5": 0.0355920745463,
          "x6": 0.0061639160905
        }
      }
    },
    {
      "block": 3,
      "start_trial": 201,
      "end_trial": 300,
      "branches": [
        {
          "seed": 4,
          "block": 3,
          "depth": 2,
          "branch_dir": "/home/io632776/experiments/adaptive-smac/experiments/hartmann/04_force_variable_policy/hartmann_6d_branch_select_policy/seed_4/block_03/depth_2/4",
          "n_trials": 300,