{
  "seed": 4,
  "depths": [
    2,
    5,
    10,
    15,
    20
  ],
  "trials_per_block": 100,
  "n_blocks": 5,
  "selected_depths": [
    5,
    15,
    15,
    20,
    20
  ],
  "selected_trials": 500,
  "actual_evaluations": 2500,
  "final_incumbent_cost": -3.322106813302588,
  "final_incumbent": {
    "x1": 0.2045455907169,
    "x2": 0.1491101871457,
    "x3": 0.4775217498764,
    "x4": 0.276933791777,
    "x5": 0.3117434565125,
    "x6": 0.6557091616509
  },
  "blocks": [
    {
      "block": 1,
      "start_trial": 1,
      "end_trial": 100,
      "branches": [
        {
          "seed": 4,
          "block": 1,
          "depth": 2,
          "branch_dir": "/home/io632776/experiments/adaptive-smac/experiments/hartmann/04_force_variable_policy/hartmann_6d_branch_select_policy/seed_4/block_01/depth_2/4",
          "n_trials": 100,
          "incumbent_cost": -2.779435979472894,
          "incumbent": {
            "x1": 0.4452306996618,
            "x2": 0.8561043710463,
            "x3": 0.5535602140609,
            "x4": 0.479475635383,
            "x5": 0.3931967661798,
            "x6": 0.0141157072893
          }
        },
        {
          "seed": 4,
          "block": 1,
          "depth": 5,
          "branch_dir": "/home/io632776/experiments/adaptive-smac/experiments/hartmann/04_force_variable_policy/hartmann_6d_branch_select_policy/seed_4/block_01/depth_5/4",
          "n_trials": 100,
          "incumbent_cost": -3.1170589157711546,
          "incumbent": {
            "x1": 0.3155591371367,
            "x2": 0.1319531399155,
            "x3": 0.456883908018,
            "x4": 0.3027186881106,
            "x5": 0.2986808466084,
            "x6": 0.6966610920202
          }
        },
        {
          "seed": 4,
          "block": 1,
          "depth": 10,
          "branch_dir": "/home/io632776/experiments/adaptive-smac/experiments/hartmann/04_force_variable_policy/hartmann_6d_branch_select_policy/seed_4/block_01/depth_10/4",
          "n_trials": 100,
          "incumbent_cost": -2.9393358833842615,
          "incumbent": {
            "x1": 0.1452194747375,
            "x2": 0.1089861924845,
            "x3": 0.4910345167837,
            "x4": 0.1694305498644,
            "x5": 0.3335163203428,
            "x6": 0.6248779634162
          }
        },
        {
          "seed": 4,
          "block": 1,
          "depth": 15,
          "branch_dir": "/home/io632776/experiments/adaptive-smac/experiments/hartmann/04_force_variable_policy/hartmann_6d_branch_select_policy/seed_4/block_01/depth_15/4",
          "n_trials": 100,
          "incumbent_cost": -2.759084145315605,
          "incumbent": {
            "x1": 0.1380313443624,
            "x2": 0.2214526618263,
            "x3": 0.5949297258972,
            "x4": 0.1845252467508,
            "x5": 0.2641067918899,
            "x6": 0.7064698730067
          }
        },
        {
          "seed": 4,
          "block": 1,
          "depth": 20,
          "branch_dir": "/home/io632776/experiments/adaptive-smac/experiments/hartmann/04_force_variable_policy/hartmann_6d_branch_select_policy/seed_4/block_01/depth_20/4",
          "n_trials": 100,
          "incumbent_cost": -2.759084145315605,
          "incumbent": {
            "x1": 0.1380313443624,
            "x2": 0.2214526618263,
            "x3": 0.5949297258972,
            "x4": 0.1845252467508,
            "x5": 0.2641067918899,
            "x6": 0.7064698730067
          }
        }
      ],
      "selected": {
        "seed": 4,
        "block": 1,
        "depth": 5,
        "branch_dir": "/home/io632776/experiments/adaptive-smac/experiments/hartmann/04_force_variable_policy/hartmann_6d_branch_select_policy/seed_4/block_01/depth_5/4",
        "n_trials": 100,
        "incumbent_cost": -3.1170589157711546,
        "incumbent": {
          "x1": 0.3155591371367,
          "x2": 0.1319531399155,
          "x3": 0.456883908018,
          "x4": 0.3027186881106,
          "x5": 0.2986808466084,
          "x6": 0.6966610920202
        }
      }
    },
    {
      "block": 2,
      "start_trial": 101,
      "end_trial": 200,
      "branches": [
        {
          "seed": 4,
          "block": 2,
          "depth": 2,
          "branch_dir": "/home/io632776/experiments/adaptive-smac/experiments/hartmann/04_force_variable_policy/hartmann_6d_branch_select_policy/seed_4/block_02/depth_2/4",
          "n_trials": 200,
          "incumbent_cost": -3.1374067340292147,
          "incumbent": {
            "x1": 0.3154240250244,
            "x2": 0.1817355287537,
            "x3": 0.4904242396368,
            "x4": 0.2740236227361,
            "x5": 0.2912763094684,
            "x6": 0.6499722924633
          }
        },
        {
          "seed": 4,
          "block": 2,
          "depth": 5,
          "branch_dir": "/home/io632776/experiments/adaptive-smac/experiments/hartmann/04_force_variable_policy/hartmann_6d_branch_select_policy/seed_4/block_02/depth_5/4",
          "n_trials": 200,
          "incumbent_cost": -3.265266959626551,
          "incumbent": {
            "x1": 0.1856311441442,
            "x2": 0.1240947109143,
            "x3": 0.4665780686918,
            "x4": 0.2945505747748,
            "x5": 0.289827465567,
            "x6": 0.6789238689556
          }
        },
        {
          "seed": 4,
          "block": 2,
          "depth": 10,
          "branch_dir": "/home/io632776/experiments/adaptive-smac/experiments/hartmann/04_force_variable_policy/hartmann_6d_branch_select_policy/seed_4/block_02/depth_10/4",
          "n_trials": 200,
          "incumbent_cost": -3.1725656524655315,
          "incumbent": {
            "x1": 0.3150462757473,
            "x2": 0.1446483912642,
            "x3": 0.4397494600587,
            "x4": 0.2802907012148,
            "x5": 0.312436380636,
            "x6": 0.6638794009849
          }
        },
        {
          "seed": 4,
          "block": 2,
          "depth": 15,
          "branch_dir": "/home/io632776/experiments/adaptive-smac/experiments/hartmann/04_force_variable_policy/hartmann_6d_branch_select_policy/seed_4/block_02/depth_15/4",
          "n_trials": 200,
          "incumbent_cost": -3.2986548978998966,
          "incumbent": {
            "x1": 0.169268060048,
            "x2": 0.1453811853247,
            "x3": 0.4835082205936,
            "x4": 0.2923881874965,
            "x5": 0.3107703916699,
            "x6": 0.6628405775338
          }
        },
        {
          "seed": 4,
          "block": 2,
          "depth": 20,
          "branch_dir": "/home/io632776/experiments/adaptive-smac/experiments/hartmann/04_force_variable_policy/hartmann_6d_branch_select_policy/seed_4/block_02/depth_20/4",
          "n_trials": 200,
          "incumbent_cost": -3.2857379824545485,
          "incumbent": {
            "x1": 0.2183999918478,
            "x2": 0.1775743268345,
            "x3": 0.5236110316624,
            "x4": 0.2828319199383,
            "x5": 0.3109127318324,
            "x6": 0.6617316666165
          }
        }
      ],
      "selected": {
        "seed": 4,
        "block": 2,
        "depth": 15,
        "branch_dir": "/home/io632776/experiments/adaptive-smac/experiments/hartmann/04_force_variable_policy/hartmann_6d_branch_select_policy/seed_4/block_02/depth_15/4",
        "n_trials": 200,
        "incumbent_cost": -3.2986548978998966,
        "incumbent": {
          "x1": 0.169268060048,
          "x2": 0.1453811853247,
          "x3": 0.4835082205936,
          "x4": 0.2923881874965,
          "x5": 0.3107703916699,
          "x6": 0.6628405775338
        }
      }
    },
    {
      "block": 3,
      "start_trial": 201,
      "end_trial": 300,
      "branches": [
        {
          "seed": 4,
          "block": 3,
          "depth": 2,
          "branch_dir": "/home/io632776/experiments/adaptive-smac/experiments/hartmann/04_force_variable_policy/hartmann_6d_branch_select_policy/seed_4/block_03/depth_2/4",