{
  "seed": 3,
  "leaf_values": [
    1,
    2,
    3,
    4,
    5
  ],
  "trials_per_block": 100,
  "n_blocks": 5,
  "selected_leaf_values": [
    4,
    2,
    1,
    4,
    4
  ],
  "selected_trials": 500,
  "actual_evaluations": 2500,
  "final_incumbent_cost": -3.321380243475149,
  "final_incumbent": {
    "x1": 0.1932215706836,
    "x2": 0.1499258632074,
    "x3": 0.4778786286052,
    "x4": 0.2760117872877,
    "x5": 0.3127770891145,
    "x6": 0.6560354094485
  },
  "blocks": [
    {
      "block": 1,
      "start_trial": 1,
      "end_trial": 100,
      "branches": [
        {
          "seed": 3,
          "block": 1,
          "min_samples_leaf": 1,
          "branch_dir": "/home/io632776/experiments/adaptive-smac/experiments/hartmann/05_force_variable_min_samples_leaf/hartmann_6d_branch_select_min_samples_leaf/seed_3/block_01/leaf_1/3",
          "n_trials": 100,
          "incumbent_cost": -2.500234356957372,
          "incumbent": {
            "x1": 0.0219395472041,
            "x2": 0.1632218475018,
            "x3": 0.2005036345204,
            "x4": 0.2403862019046,
            "x5": 0.2998097680368,
            "x6": 0.6436249090608
          }
        },
        {
          "seed": 3,
          "block": 1,
          "min_samples_leaf": 2,
          "branch_dir": "/home/io632776/experiments/adaptive-smac/experiments/hartmann/05_force_variable_min_samples_leaf/hartmann_6d_branch_select_min_samples_leaf/seed_3/block_01/leaf_2/3",
          "n_trials": 100,
          "incumbent_cost": -2.4154731533779277,
          "incumbent": {
            "x1": 0.3974472112949,
            "x2": 0.2886685609915,
            "x3": 0.3565341168723,
            "x4": 0.3140567968761,
            "x5": 0.233860065729,
            "x6": 0.7034672366197
          }
        },
        {
          "seed": 3,
          "block": 1,
          "min_samples_leaf": 3,
          "branch_dir": "/home/io632776/experiments/adaptive-smac/experiments/hartmann/05_force_variable_min_samples_leaf/hartmann_6d_branch_select_min_samples_leaf/seed_3/block_01/leaf_3/3",
          "n_trials": 100,
          "incumbent_cost": -1.7898779253908121,
          "incumbent": {
            "x1": 0.3225459791331,
            "x2": 0.9395400685541,
            "x3": 0.0040756219017,
            "x4": 0.3775945586655,
            "x5": 0.0942109482055,
            "x6": 0.0756706023216
          }
        },
        {
          "seed": 3,
          "block": 1,
          "min_samples_leaf": 4,
          "branch_dir": "/home/io632776/experiments/adaptive-smac/experiments/hartmann/05_force_variable_min_samples_leaf/hartmann_6d_branch_select_min_samples_leaf/seed_3/block_01/leaf_4/3",
          "n_trials": 100,
          "incumbent_cost": -2.6637645759911135,
          "incumbent": {
            "x1": 0.3320621229771,
            "x2": 0.1560856643427,
            "x3": 0.2479544337458,
            "x4": 0.24490484635,
            "x5": 0.3653836480056,
            "x6": 0.7096176626667
          }
        },
        {
          "seed": 3,
          "block": 1,
          "min_samples_leaf": 5,
          "branch_dir": "/home/io632776/experiments/adaptive-smac/experiments/hartmann/05_force_variable_min_samples_leaf/hartmann_6d_branch_select_min_samples_leaf/seed_3/block_01/leaf_5/3",
          "n_trials": 100,
          "incumbent_cost": -2.4953684640264795,
          "incumbent": {
            "x1": 0.3880330887442,
            "x2": 0.8853131176223,
            "x3": 0.4363353856342,
            "x4": 0.4266664364256,
            "x5": 0.0445375973228,
            "x6": 0.0025163299905
          }
        }
      ],
      "selected": {
        "seed": 3,
        "block": 1,
        "min_samples_leaf": 4,
        "branch_dir": "/home/io632776/experiments/adaptive-smac/experiments/hartmann/05_force_variable_min_samples_leaf/hartmann_6d_branch_select_min_samples_leaf/seed_3/block_01/leaf_4/3",
        "n_trials": 100,
        "incumbent_cost": -2.6637645759911135,
        "incumbent": {
          "x1": 0.3320621229771,
          "x2": 0.1560856643427,
          "x3": 0.2479544337458,
          "x4": 0.24490484635,
          "x5": 0.3653836480056,
          "x6": 0.7096176626667
        }
      }
    },
    {
      "block": 2,
      "start_trial": 101,
      "end_trial": 200,
      "branches": [
        {
          "seed": 3,
          "block": 2,
          "min_samples_leaf": 1,
          "branch_dir": "/home/io632776/experiments/adaptive-smac/experiments/hartmann/05_force_variable_min_samples_leaf/hartmann_6d_branch_select_min_samples_leaf/seed_3/block_02/leaf_1/3",
          "n_trials": 200,
          "incumbent_cost": -3.210224545632549,
          "incumbent": {
            "x1": 0.1836064178022,
            "x2": 0.0796561454654,
            "x3": 0.484021916641,
            "x4": 0.2731468095057,
            "x5": 0.3451342809531,
            "x6": 0.6553333371277
          }
        },
        {
          "seed": 3,
          "block": 2,
          "min_samples_leaf": 2,
          "branch_dir": "/home/io632776/experiments/adaptive-smac/experiments/hartmann/05_force_variable_min_samples_leaf/hartmann_6d_branch_select_min_samples_leaf/seed_3/block_02/leaf_2/3",
          "n_trials": 200,
          "incumbent_cost": -3.2250105158955344,
          "incumbent": {
            "x1": 0.1856011866438,
            "x2": 0.1808290755464,
            "x3": 0.4871986053723,
            "x4": 0.2824445190111,
            "x5": 0.3271884645306,
            "x6": 0.7096176626667
          }
        },
        {
          "seed": 3,
          "block": 2,
          "min_samples_leaf": 3,
          "branch_dir": "/home/io632776/experiments/adaptive-smac/experiments/hartmann/05_force_variable_min_samples_leaf/hartmann_6d_branch_select_min_samples_leaf/seed_3/block_02/leaf_3/3",
          "n_trials": 200,
          "incumbent_cost": -2.9889198992432457,
          "incumbent": {
            "x1": 0.22080188563,
            "x2": 0.0857854005568,
            "x3": 0.263169695774,
            "x4": 0.2882118051971,
            "x5": 0.3112305538477,
            "x6": 0.6968040713248
          }
        },
        {
          "seed": 3,
          "block": 2,
          "min_samples_leaf": 4,
          "branch_dir": "/home/io632776/experiments/adaptive-smac/experiments/hartmann/05_force_variable_min_samples_leaf/hartmann_6d_branch_select_min_samples_leaf/seed_3/block_02/leaf_4/3",
          "n_trials": 200,
          "incumbent_cost": -3.173572525056696,
          "incumbent": {
            "x1": 0.2390707682527,
            "x2": 0.1454128199858,
            "x3": 0.4309140075925,
            "x4": 0.3021496474946,
            "x5": 0.3359713229522,
            "x6": 0.7095555789229
          }
        },
        {
          "seed": 3,
          "block": 2,
          "min_samples_leaf": 5,
          "branch_dir": "/home/io632776/experiments/adaptive-smac/experiments/hartmann/05_force_variable_min_samples_leaf/hartmann_6d_branch_select_min_samples_leaf/seed_3/block_02/leaf_5/3",
          "n_trials": 200,
          "incumbent_cost": -2.9879136950013576,
          "incumbent": {
            "x1": 0.1951577361806,
            "x2": 0.162036261526,
            "x3": 0.2729550279204,
            "x4": 0.3089309227024,
            "x5": 0.2998594827662,
            "x6": 0.7109596948566
          }
        }
      ],
      "selected": {
        "seed": 3,
        "block": 2,
        "min_samples_leaf": 2,
        "branch_dir": "/home/io632776/experiments/adaptive-smac/experiments/hartmann/05_force_variable_min_samples_leaf/hartmann_6d_branch_select_min_samples_leaf/seed_3/block_02/leaf_2/3",
        "n_trials": 200,
        "incumbent_cost": -3.2250105158955344,
        "incumbent": {
          "x1": 0.1856011866438,
          "x2": 0.1808290755464,
          "x3": 0.4871986053723,
          "x4": 0.2824445190111,
          "x5": 0.3271884645306,