{
  "seed": 3,
  "leaf_values": [
    1,
    2,
    3,
    4,
    5
  ],
  "trials_per_block": 100,
  "n_blocks": 5,
  "selected_leaf_values": [
    1,
    4,
    1,
    2,
    4
  ],
  "selected_trials": 500,
  "actual_evaluations": 2500,
  "final_incumbent_cost": -3.2013897635667994,
  "final_incumbent": {
    "x1": 0.4055996322316,
    "x2": 0.8834725840698,
    "x3": 0.838102250962,
    "x4": 0.5736315920921,
    "x5": 0.1463494775474,
    "x6": 0.0324075689575
  },
  "blocks": [
    {
      "block": 1,
      "start_trial": 1,
      "end_trial": 100,
      "branches": [
        {
          "seed": 3,
          "block": 1,
          "min_samples_leaf": 1,
          "branch_dir": "/home/io632776/experiments/adaptive-smac/experiments/hartmann/05_force_variable_min_samples_leaf/hartmann_6d_branch_select_min_samples_leaf/seed_3/block_01/leaf_1/3",
          "n_trials": 100,
          "incumbent_cost": -3.1186907680486433,
          "incumbent": {
            "x1": 0.4216208327632,
            "x2": 0.8383864438198,
            "x3": 0.7720940085924,
            "x4": 0.5843313655585,
            "x5": 0.0193583206393,
            "x6": 0.0226123301012
          }
        },
        {
          "seed": 3,
          "block": 1,
          "min_samples_leaf": 2,
          "branch_dir": "/home/io632776/experiments/adaptive-smac/experiments/hartmann/05_force_variable_min_samples_leaf/hartmann_6d_branch_select_min_samples_leaf/seed_3/block_01/leaf_2/3",
          "n_trials": 100,
          "incumbent_cost": -2.6444243218837706,
          "incumbent": {
            "x1": 0.4488914545127,
            "x2": 0.746013347818,
            "x3": 0.8752910159865,
            "x4": 0.5468528603937,
            "x5": 0.0218779514709,
            "x6": 0.045129559211
          }
        },
        {
          "seed": 3,
          "block": 1,
          "min_samples_leaf": 3,
          "branch_dir": "/home/io632776/experiments/adaptive-smac/experiments/hartmann/05_force_variable_min_samples_leaf/hartmann_6d_branch_select_min_samples_leaf/seed_3/block_01/leaf_3/3",
          "n_trials": 100,
          "incumbent_cost": -2.7932998559012296,
          "incumbent": {
            "x1": 0.3543502939434,
            "x2": 0.9436795612803,
            "x3": 0.7928425050364,
            "x4": 0.4992184491351,
            "x5": 0.0527903222169,
            "x6": 0.0158651785478
          }
        },
        {
          "seed": 3,
          "block": 1,
          "min_samples_leaf": 4,
          "branch_dir": "/home/io632776/experiments/adaptive-smac/experiments/hartmann/05_force_variable_min_samples_leaf/hartmann_6d_branch_select_min_samples_leaf/seed_3/block_01/leaf_4/3",
          "n_trials": 100,
          "incumbent_cost": -2.843505164813027,
          "incumbent": {
            "x1": 0.4422014996243,
            "x2": 0.9277534239009,
            "x3": 0.9622156068444,
            "x4": 0.4872918338402,
            "x5": 0.0182937997546,
            "x6": 0.0487798898715
          }
        },
        {
          "seed": 3,
          "block": 1,
          "min_samples_leaf": 5,
          "branch_dir": "/home/io632776/experiments/adaptive-smac/experiments/hartmann/05_force_variable_min_samples_leaf/hartmann_6d_branch_select_min_samples_leaf/seed_3/block_01/leaf_5/3",
          "n_trials": 100,
          "incumbent_cost": -2.5003514328110574,
          "incumbent": {
            "x1": 0.4427719526044,
            "x2": 0.720001824595,
            "x3": 0.445411971186,
            "x4": 0.5872501245042,
            "x5": 0.1066015544369,
            "x6": 0.0535123527973
          }
        }
      ],
      "selected": {
        "seed": 3,
        "block": 1,
        "min_samples_leaf": 1,
        "branch_dir": "/home/io632776/experiments/adaptive-smac/experiments/hartmann/05_force_variable_min_samples_leaf/hartmann_6d_branch_select_min_samples_leaf/seed_3/block_01/leaf_1/3",
        "n_trials": 100,
        "incumbent_cost": -3.1186907680486433,
        "incumbent": {
          "x1": 0.4216208327632,
          "x2": 0.8383864438198,
          "x3": 0.7720940085924,
          "x4": 0.5843313655585,
          "x5": 0.0193583206393,
          "x6": 0.0226123301012
        }
      }
    },
    {
      "block": 2,
      "start_trial": 101,
      "end_trial": 200,
      "branches": [
        {
          "seed": 3,
          "block": 2,
          "min_samples_leaf": 1,
          "branch_dir": "/home/io632776/experiments/adaptive-smac/experiments/hartmann/05_force_variable_min_samples_leaf/hartmann_6d_branch_select_min_samples_leaf/seed_3/block_02/leaf_1/3",
          "n_trials": 200,
          "incumbent_cost": -3.1827994612036297,
          "incumbent": {
            "x1": 0.4039242443891,
            "x2": 0.873230394031,
            "x3": 0.7707584627695,
            "x4": 0.5817163053402,
            "x5": 0.0017181479591,
            "x6": 0.0237736548669
          }
        },
        {
          "seed": 3,
          "block": 2,
          "min_samples_leaf": 2,
          "branch_dir": "/home/io632776/experiments/adaptive-smac/experiments/hartmann/05_force_variable_min_samples_leaf/hartmann_6d_branch_select_min_samples_leaf/seed_3/block_02/leaf_2/3",
          "n_trials": 200,
          "incumbent_cost": -3.1917103665087945,
          "incumbent": {
            "x1": 0.4048347727054,
            "x2": 0.8810908143906,
            "x3": 0.8857280255534,
            "x4": 0.5883322654275,
            "x5": 0.0121355293451,
            "x6": 0.0368709273169
          }
        },
        {
          "seed": 3,
          "block": 2,
          "min_samples_leaf": 3,
          "branch_dir": "/home/io632776/experiments/adaptive-smac/experiments/hartmann/05_force_variable_min_samples_leaf/hartmann_6d_branch_select_min_samples_leaf/seed_3/block_02/leaf_3/3",
          "n_trials": 200,
          "incumbent_cost": -3.183074438736692,
          "incumbent": {
            "x1": 0.3992387309519,
            "x2": 0.8841193846979,
            "x3": 0.7574631530435,
            "x4": 0.5797425110548,
            "x5": 0.0117048191589,
            "x6": 0.0226123301012
          }
        },
        {
          "seed": 3,
          "block": 2,
          "min_samples_leaf": 4,
          "branch_dir": "/home/io632776/experiments/adaptive-smac/experiments/hartmann/05_force_variable_min_samples_leaf/hartmann_6d_branch_select_min_samples_leaf/seed_3/block_02/leaf_4/3",
          "n_trials": 200,
          "incumbent_cost": -3.1944000314283216,
          "incumbent": {
            "x1": 0.4082598312642,
            "x2": 0.882591819692,
            "x3": 0.8694116827439,
            "x4": 0.5766328181282,
            "x5": 0.0210884105654,
            "x6": 0.0291793160064
          }
        },
        {
          "seed": 3,
          "block": 2,
          "min_samples_leaf": 5,
          "branch_dir": "/home/io632776/experiments/adaptive-smac/experiments/hartmann/05_force_variable_min_samples_leaf/hartmann_6d_branch_select_min_samples_leaf/seed_3/block_02/leaf_5/3",
          "n_trials": 200,
          "incumbent_cost": -3.135463915115715,
          "incumbent": {
            "x1": 0.406294019218,
            "x2": 0.8368915313565,
            "x3": 0.8187350141151,
            "x4": 0.5776040460334,
            "x5": 0.0137192144383,
            "x6": 0.0238620387499
          }
        }
      ],
      "selected": {
        "seed": 3,
        "block": 2,
        "min_samples_leaf": 4,
        "branch_dir": "/home/io632776/experiments/adaptive-smac/experiments/hartmann/05_force_variable_min_samples_leaf/hartmann_6d_branch_select_min_samples_leaf/seed_3/block_02/leaf_4/3",
        "n_trials": 200,
        "incumbent_cost": -3.1944000314283216,
        "incumbent": {
          "x1": 0.4082598312642,
          "x2": 0.882591819692,
          "x3": 0.8694116827439,
          "x4": 0.5766328181282,
          "x5": 0.0210884105654,