{
  "incumbent_ids": [
    25
  ],
  "rejected_config_ids": [
    2,
    3,
    4,
    5,
    6,
    7,
    8,
    9,
    10,
    11,
    12,
    13,
    14,
    15,
    16,
    17,
    18,
    19,
    20,
    1,
    22,
    23,
    24,
    21,
    26,
    27,
    28,
    29,
    30
  ],
  "incumbents_changed": 3,
  "trajectory": [
    {
      "config_ids": [
        1
      ],
      "costs": [
        1.0807589230226426
      ],
      "trial": 1,
      "walltime": 0.004572629928588867
    },
    {
      "config_ids": [
        21
      ],
      "costs": [
        0.9634613363733564
      ],
      "trial": 21,
      "walltime": 13.309266805648804
    },
    {
      "config_ids": [
        25
      ],
      "costs": [
        0.41058390598641914
      ],
      "trial": 25,
      "walltime": 17.818917274475098
    }
  ],
  "state": {
    "queue": [
      [
        30,
        1
      ]
    ]
  }
}