{
  "run_type": "dynamic_leaf_policy",
  "seed": 0,
  "policy": [
    1,
    2,
    3,
    4
  ],
  "n_trials": 400,
  "trials_per_block": 100,
  "n_initial_design_configs": 25,
  "final_incumbent_cost": -3.148889391438697,
  "best_at_100": -2.9043689888677844,
  "best_at_200": -3.145298903808895,
  "best_at_300": -3.1481595195736958,
  "best_at_400": -3.148889391438697,
  "incumbent": {
    "x1": 0.4023647669743,
    "x2": 0.8526731091436,
    "x3": 0.863791345386,
    "x4": 0.5772355062449,
    "x5": 0.1351132227739,
    "x6": 0.0120219903004
  },
  "run_dir": "/home/io632776/experiments/adaptive-smac/experiments/hartmann/Debug_02/debug_dynamic_leaf_policy_1_2_3_4/dynamic_leaf_policy_1_2_3_4/0"
}