depth,smac_seed,proposal_trial,model_training_rows,fit_serial,configuration_fingerprint,expected_improvement,predicted_full_training_par10,prediction_variance,prediction_standard_deviation,actual_full_training_par10,signed_error,absolute_error,standardized_error,average_actual_tree_depth
5,1,3,2,0,3963558a667c2746c467aacd3fa94ce81e79f0bed2541a94deda7b90caccca4d,50.98713617991691,2321.320905894909,16334.321795637497,127.80579719104098,3928.9774573740333,1607.6565514791241,1607.6565514791241,12.578901636801643,0.49
5,1,5,2,0,285e57f39ca8e16a1a5cd08c6550db48cc7d2a9502bc0491de575fcb5d3d26b4,50.98713617991691,2321.320905894909,16334.321795637497,127.80579719104098,1483.5922081070717,-837.7286977878375,837.7286977878375,-6.554700304678834,0.49
5,1,9,2,0,c2197bc24d905ad22a3bfb99d1fd4a7ff7264ba48d777bd09802b2f5320b55a8,50.98713617991691,2321.320905894909,16334.321795637497,127.80579719104098,3456.648554144965,1135.327648250056,1135.327648250056,8.883224964772106,0.49
5,1,11,2,0,a9f1820951eae386a25f1e7e88bb42edbf5eabf52c322f1102d4cf40204c7d3d,50.98713617991691,2321.320905894909,16334.321795637497,127.80579719104098,1895.3296419085877,-425.9912639863214,425.9912639863214,-3.3331137816038194,0.49
5,1,13,2,0,6a8c37559d13cce1696b19fdde4df34b40512a05b1287a0b8ac17f07ed5bd107,50.98713617991691,2321.320905894909,16334.321795637497,127.80579719104098,1471.6884565218531,-849.632449373056,849.632449373056,-6.647839675872028,0.49
5,1,15,2,0,e16bc25a7a2f2a6b166fd337ceba0856740db18a1dcf86255db2fa72f92810a3,50.98713617991691,2321.320905894909,16334.321795637497,127.80579719104098,1227.2794597741329,-1094.0414461207763,1094.0414461207763,-8.560186393465626,0.49
5,1,23,2,0,1ddd5c3315a3131a754de9c9dec86e91ad6114b3ca753433897e3b324331d3dd,50.98713617991691,2321.320905894909,16334.321795637497,127.80579719104098,4025.2085507171323,1703.8876448222231,1703.8876448222231,13.331849433052662,0.49
5,1,25,2,0,eda71ce57ea56b192f7c9aaa45ce8dbcab1b666ebb328c39375d26d80b5c20ed,50.98713617991691,2321.320905894909,16334.321795637497,127.80579719104098,4378.527387522688,2057.2064816277784,2057.2064816277784,16.096347167669684,0.49
5,1,27,26,1,bc8ffaab9525e12066f62cc5a4c13f5cf044325a9e8506384f8722149152de8b,492.4574924016006,2175.371649922387,4624063.402570713,2150.3635512560923,1733.1126676463118,-442.25898227607513,442.25898227607513,-0.20566707523373817,5.0
5,1,29,26,1,8508882d325f2aa0e93acb31b08034477f5a1eacda5d3ded813715a781427304,492.4574924016006,2175.371649922387,4624063.402570713,2150.3635512560923,1937.1819985283746,-238.18965139401234,238.18965139401234,-0.11076715435158793,5.0
5,1,31,26,1,666712f6f0ed1698babdf10c03f3dc89c207161f3085e001f8551fe434d17930,390.3002784842683,2551.2806680194444,4816946.1031324435,2194.7542238557016,1588.966711371836,-962.3139566476084,962.3139566476084,-0.4384609202195925,5.0
5,1,33,26,1,d6571ecf3d59efc9a37d2ff7750ac474614745c2e4f9c6ca52c1b982ed0d8bf8,384.36266036981544,2522.451561786164,4635639.307675512,2153.053484629565,1693.614005580093,-828.837556206071,828.837556206071,-0.3849591113843943,5.0
5,1,35,26,1,3e6989ce93ad6d2b7fa0447f87aeefb1ec47cf38a26d7eb090a1243670023ee3,383.0768663554637,2758.082712191273,5494466.173556923,2344.027767232488,4205.872622834793,1447.7899106435202,1447.7899106435202,0.617650494965286,5.0
5,1,37,26,1,41536714a71eb93bcdf88069477561a2f73044940011ae7cc2621b4870f69044,382.0882521621582,2225.5572543762178,3574756.338297171,1890.7026044032339,3514.5065414891096,1288.9492871128919,1288.9492871128919,0.6817303176666039,5.0
5,1,39,26,1,9147cb0fd9049cfadcc1a0e362b1cbc7050f7dbc3e8f75697bb8e82cc187e283,381.35814305232765,2232.5009270468995,3590175.3345326358,1894.7758005982228,2022.561132612132,-209.93979443476746,209.93979443476746,-0.11079927998261578,5.0
5,1,41,26,1,30c58b6125a1688d5c20700c0f111574a0a4e19dbf02bc269a8a95ae38d9c82b,380.5984857945058,2662.5937905645214,5100538.434188355,2258.4371663139877,2978.751664101957,316.15787353743553,316.15787353743553,0.1399896699598861,5.0
5,1,43,42,2,d5201286ba4dd41f92bd4d27d085c6622dc8935faf90047ef92974cdaec7053e,451.3841921886145,1897.247663781501,3373059.197148721,1836.589011496236,1210.7394605694394,-686.5082032120615,686.5082032120615,-0.3737952252326587,5.0
5,1,62,42,2,91d6bfc91b26b78478802ae35b03a110c9f3a72e6fa064fce6c3bfc1de2a998c,451.3841921886145,1897.247663781501,3373059.197148721,1836.589011496236,1222.8745079811174,-674.3731558003835,674.3731558003835,-0.36718784201533683,5.0
5,1,64,42,2,6e80e4356d97191b66f5ccb7bf4381e71e50b6dffde0efa90c7c176a2b6990d8,451.3841921886145,1897.247663781501,3373059.197148721,1836.589011496236,1258.7868150345003,-638.4608487470007,638.4608487470007,-0.3476340350239045,5.0
5,1,66,42,2,b14592bc032cdf825a9b5a972ef8469e45c456982c10dc56c58dcb9a4f5a0e93,347.8826557634575,2821.7364556131115,5462351.060608809,2337.1673154930113,581.0262715060302,-2240.710184107081,2240.710184107081,-0.9587290431684036,5.0
5,1,88,42,2,e244471abe4e42a195633f832ee7b8b683abe24e26f604103f17428386371b1d,337.7331392080011,2114.483728850694,2970301.948165201,1723.456395782963,1650.6315310237383,-463.85219782695594,463.85219782695594,-0.2691406634725033,5.0
5,1,90,42,2,fbb3c821754d55da9a2fc174e662fa9947476e20a84261f1ce685e94fb0ab337,329.2522249580302,2073.282926545,2766536.4532187455,1663.2908504584354,511.9416949281789,-1561.341231616821,1561.341231616821,-0.9387060784868052,5.0
5,1,114,42,2,5eac0cb2f7933ee0f33a800350e49b78eaf8ecd6c9268780ab4e3f7e34a58751,320.7112907540423,2143.8381675474557,2890316.754506164,1700.0931605374349,540.8163076766814,-1603.0218598707743,1603.0218598707743,-0.942902363870475,5.0
5,1,116,42,2,fc414f0b8796318d1607c5d01a99cc7eb50e322d8b6f7c1869dc9c38748254f0,317.2987580032946,2765.6093385266495,4824064.889450603,2196.3753981163154,1799.3795526947638,-966.2297858318857,966.2297858318857,-0.4399201460099018,5.0
5,1,118,117,3,71006cb2cc82f89715ad4e16c5ade2537fa733df97b2ea25c74f5b378a3e169d,444.2181749358718,1142.9813528786406,2958338.9857656374,1719.9822632125126,574.7377690363412,-568.2435838422994,568.2435838422994,-0.3303775835344704,5.0
5,1,120,117,3,ba7fc12ca5a3da6af5730e9d8814534828ad6b97af9d4380b9b2cea2103ab093,444.2181749358718,1142.9813528786406,2958338.9857656374,1719.9822632125126,507.03643167476463,-635.944921203876,635.944921203876,-0.3697392320872449,5.0
5,1,122,117,3,8af2920de1a68f455363f8dd9b2ffa6f26c3408847f87dd3b80e54c5f208e30e,444.2147717092904,1142.9884925369422,2958332.2985116187,1719.9803192221761,529.2989866353045,-613.6895059016377,613.6895059016377,-0.3568003069820971,5.0
5,1,124,117,3,62089b8ce394c8e73632f918b560c6865741d991c224b2b3a478f26c02cfc877,444.2147717092904,1142.9884925369422,2958332.2985116187,1719.9803192221761,568.1319133797077,-574.8565791572345,574.8565791572345,-0.3342227656518773,5.0
5,1,126,117,3,91bb250400f0663f4a902e3a1a8ad4501c1b5dd8904c6d7f1351df8dacadff97,444.2147717092904,1142.9884925369422,2958332.2985116187,1719.9803192221761,571.9250811644275,-571.0634113725147,571.0634113725147,-0.33201741031011667,5.0
5,1,128,117,3,5f3f87e12e6173ecab0fa17acd34970ebffc10ceb44cc4d9a8a74aad8116b45f,444.2147717092904,1142.9884925369422,2958332.2985116187,1719.9803192221761,583.3675156612588,-559.6209768756834,559.6209768756834,-0.32536475599253356,5.0
5,1,133,117,3,e5379f3bd5132e688de7799ffc2ffa604c0d7baeddcd8540408909eebe71faa3,444.2147717092904,1142.9884925369422,2958332.2985116187,1719.9803192221761,580.5241991158688,-562.4642934210734,562.4642934210734,-0.327017865922696,5.0
5,1,135,117,3,a2fbe6e48ffe72fe51305b5b9c84da485bd5448a57e9fc1ae7ea79fd337841b3,238.1908733065973,1438.3307117370953,2000478.0003382487,1414.3825509169183,561.4726876673072,-876.858024069788,876.858024069788,-0.6199581743293828,5.0
5,1,137,136,4,914114e0a609ffb6fa4575213a2a81bb8e4dc1ffbf26865a1829e56ea9da4fe4,392.56178666883807,1402.0858773212437,3158298.568872145,1777.160254133584,449.2243583004884,-952.8615190207554,952.8615190207554,-0.5361708471728693,5.0
5,1,139,136,4,f69a66486fea3fceb9870b680bfccdce314f1631fadc995577287e203d981bed,392.56178666883807,1402.0858773212437,3158298.568872145,1777.160254133584,413.6242582378965,-988.4616190833472,988.4616190833472,-0.5562028617195528,5.0
5,1,148,136,4,7540fe69d153b72a87b13ce201a55a1881258910c88a887ad53bccd2fadfbffe,392.56178666883807,1402.0858773212437,3158298.568872145,1777.160254133584,399.2809345062333,-1002.8049428150105,1002.8049428150105,-0.5642737848106479,5.0
5,1,185,136,4,55b65d9bfe2aa29e411c482267d7048d38a748935c8c39b72173d25bc2538eb9,392.50683585871127,1400.3399949329073,3152065.4270491977,1775.4057077325165,329.83476623188363,-1070.5052287010237,1070.5052287010237,-0.6029637192437745,5.0
5,1,223,136,4,b77dbcf7f50c3652f6d045c086309276647ce40fe5dda411e324678fb1e9bb5a,385.7790433299133,1278.6588769282034,2702186.1602836903,1643.8327653029946,398.3252619714448,-880.3336149567587,880.3336149567587,-0.5355372112895521,5.0
5,1,225,136,4,275e6efabee398753a70fdbb034927d995ddd9cab8a7e71e4099275fd755467f,385.7790433299133,1278.6588769282034,2702186.1602836903,1643.8327653029946,403.49110636662954,-875.1677705615739,875.1677705615739,-0.5323946504985628,5.0
5,1,228,136,4,756616e50c43ef4ded69db8eaf699a8b913a36b667aa4fd1f158f94c50e8b6f8,384.36564102571623,1281.7230235087552,2699121.5170453084,1642.9003369180093,349.9690782970852,-931.75394521167,931.75394521167,-0.5671396640891737,5.0
5,1,230,136,4,816c9746faee557cddbbc5bd8fd237df34750c3986d2312ebce5e8628b9883ad,366.32342145076933,1223.0761207522044,2367751.611107633,1538.7500157945192,388.1750815198879,-834.9010392323164,834.9010392323164,-0.5425839354427061,5.0
5,1,232,231,5,56be38b9df7fc6549fd6850f4d7ffb9d9cc4ddaf5443108bdaffea5e321f6165,397.1040143936923,976.3296680737129,2544160.205935328,1595.0423837426163,1936.574502871735,960.244834798022,960.244834798022,0.6020183818218662,5.0
5,1,234,231,5,8e846dedaf709a6d549f3c950f9b54448fa7744ed47359556c4341d86b0d823f,396.00933444120176,978.6497816649938,2542029.6449150476,1594.3743741402293,2101.6158302538324,1122.9660485888385,1122.9660485888385,0.7043302167939076,5.0
5,1,236,231,5,41ef864d16ffe07fd35de0c68a12640cc9d344b39c4b023c54ff854025cb72c4,394.13768101676555,982.8293349178275,2539013.733540922,1593.428295701103,2119.329207187229,1136.4998722694013,1136.4998722694013,0.7132419295776,5.0
5,1,238,231,5,830d191d4cb3f203e2f2b56e2c7853cf190d36776f83304357eee290790f0cc6,392.0584492077826,1151.4055092272372,3052278.7677744166,1747.0772071589786,2101.1466723817766,949.7411631545394,949.7411631545394,0.5436171677260717,5.0
5,1,240,231,5,dc44e2c8c6ee50962a5b809613aba2562fdeab050a659278677f2f5677257528,376.8556473404492,1129.1832697124337,2839032.4295973955,1684.9428564783423,4086.1749655983663,2956.9916958859326,2956.9916958859326,1.7549507299412328,5.0
5,1,242,231,5,31451e924dd4e461169baeac93a2d70e322babee42162649a6fae1844903b16b,376.5715830089233,1129.8213133011684,2838396.675210118,1684.754188364023,3985.211216535472,2855.3899032343033,2855.3899032343033,1.694840661596469,5.0
5,1,244,231,5,7b0576a9fb703e40f179ec6b9ec7acd6baec432020d48d2f4873c20470c8b71b,375.8554143753929,1131.2451373007245,2836215.441788413,1684.1067192397318,4027.591500515408,2896.346363214683,2896.346363214683,1.7198116545263837,5.0
5,1,246,231,5,226b6a008bc6b144b3ed88e8eb2ef269c72f50ed8280ff5884d93b2e50ad4ae2,375.59856293638546,1131.8277821969525,2835655.567973542,1683.94048825175,4068.7870066016612,2936.959224404709,2936.959224404709,1.7440991798076133,5.0
5,1,248,247,6,4c8668e974339e7df709788a0f1268dfd37068dfeccaab5b94e2e02ff09c6dd5,407.84811219433413,876.3639103974406,2300612.606282776,1516.7770456737458,324.5978195450523,-551.7660908523883,551.7660908523883,-0.3637753435326391,5.0
5,1,281,247,6,dd48bc7f8c9f0cd0acc0865c0a72b595fc75c7c8b82a400846cdea016b7916f2,407.6532827554788,881.776636940212,2315588.16338113,1521.7056756748757,435.22908961363515,-446.5475473265769,446.5475473265769,-0.29345198251201454,5.0
5,1,283,247,6,fd2d079dd5280e683ec3b920e3a7c1fc4eddd80153ad4ce45a60d036d6e356e6,407.6532827554788,881.776636940212,2315588.16338113,1521.7056756748757,367.14246954195426,-514.6341673982578,514.6341673982578,-0.33819560222775524,5.0
5,1,285,247,6,6748db8c638db215664afbb0c83f9b40fbf0aae1c7d03a7dfd3db5713a6b6732,406.67373886083334,884.0380638857741,2314682.3786477246,1521.408025037243,266.5197840536484,-617.5182798321257,617.5182798321257,-0.40588604087125757,5.0
5,1,339,247,6,aafdc8f869e700d52282356da18c5214d92bac2b28b56a9026de06861be85865,406.67373886083334,884.0380638857741,2314682.3786477246,1521.408025037243,407.4066991671167,-476.63136471865744,476.63136471865744,-0.3132830620549604,5.0
5,1,341,247,6,0a8ae524586c14beecc46fe5514c793cbc182eadc13e95c0a84b022cb79ecdfb,406.5950613107621,1183.1653436843603,3271593.338690675,1808.754637503571,399.4973987078426,-783.6679449765177,783.6679449765177,-0.4332638207126479,5.0
5,1,343,247,6,f4fed4b3e719f251324e8988d331f88a6d685b4f90076dcfb1ecbef9cceddd79,406.4778378458458,1183.4355030159074,3271338.385501909,1808.6841585810137,374.2759001009392,-809.1596029149682,809.1596029149682,-0.44737473874365485,5.0
5,1,345,247,6,0eb07da749df6728c635e801c859f393133918268080be70a910589079612870,406.4639301441347,1183.4817376023304,3271355.595784654,1808.6889162552675,409.0263902201797,-774.4553473821508,774.4553473821508,-0.4281860415143102,5.0
5,1,347,346,7,7037657624da93874219d9ed3542450cd63e9ad3c0dcacab21b0120db0113fed,353.5552584499269,942.6334588495492,2231183.103006427,1493.714531966007,421.39386975644817,-521.2395890931011,521.2395890931011,-0.3489552909464251,5.0
5,1,349,346,7,65625221f059348c5533019d25aec19c86effce28b740a2ad9cae8598a10c4d4,353.5552584499269,942.6334588495492,2231183.103006427,1493.714531966007,412.3983662248862,-530.235092624663,530.235092624663,-0.35497752835461455,5.0
5,1,351,346,7,2ebbfb00eb76d5b72b8a2150d108733f07d9c930a85b6a9ee94e2aa80f0c555d,350.45274534525817,790.5288461833429,1790422.4199227788,1338.0666724505095,260.1229054272777,-530.4059407560652,530.4059407560652,-0.39639724363262857,5.0
5,1,353,346,7,12161306181c38e1b09cd322c9c25d5575ad0222a84c3865a0448a30a7d6ea29,330.5155248019095,709.8623060536588,1451672.9516981998,1204.853913011117,436.3474406801089,-273.5148653735499,273.5148653735499,-0.227010812198795,5.0
5,1,355,346,7,e3770a493fa29e64b42c9e4256d489963bcbe7d3817b8fff3dac403e865da09d,327.1527685532685,715.7643290296371,1444955.005084475,1202.0628124538564,399.175700118325,-316.5886289113121,316.5886289113121,-0.26337111973794214,5.0
5,1,357,346,7,d93b3e1fc0a2d1aeb481858e1b247d40fb0da28039bff19bdae8c32d4078c3fe,322.02419520162556,849.5786184620007,1743182.4924432067,1320.296365382866,376.6989234192203,-472.8796950427804,472.8796950427804,-0.3581617790075885,5.0
5,1,359,346,7,4444d75c5ef4e9e2108bd08bbe16e339c3afc9925a01de177a8804f0ef87c545,299.48784751987944,1699.39477387762,3946908.5186569314,1986.682792661408,1906.5487385451192,207.15396466749917,207.15396466749917,0.10427128348456209,5.0
5,1,361,346,7,f041cfe3977625fbeeb46f7add681333b01fab5d3573c445d0a7f5adbd895545,298.1921807881645,1702.0944624441208,3939235.712495124,1984.750793549438,1930.3789651273478,228.28450268322695,228.28450268322695,0.11501922731315468,5.0
5,1,363,362,8,3bea23a17bc1e39e8987468818c15f519656a02f54d79e24a1c97c92395d0473,359.210475037388,796.6728785185836,1904652.5460398165,1380.0914991549714,416.3085171439431,-380.3643613746405,380.3643613746405,-0.275608074977302,5.0
5,1,365,362,8,b4430ec0083c5e3bb91d2eb1f1d1454fc11cd4b963f7d68915069ad4cc0ea0a5,359.210475037388,796.6728785185836,1904652.5460398165,1380.0914991549714,345.1147588826189,-451.5581196359647,451.5581196359647,-0.32719433451510516,5.0
5,1,374,362,8,dcb107f8609379f6b3546b2d9027db7078e89c27c5b3623a95061303d674384e,359.210475037388,796.6728785185836,1904652.5460398165,1380.0914991549714,454.1644744352861,-342.50840408329753,342.50840408329753,-0.24817804058137818,5.0
5,1,377,362,8,27dd0fbb80d0926a14b5a89ccf59c8f4cf42a3958c9e67607c07f8eb29d1e629,357.845555978962,785.291531422543,1863798.6025606222,1365.2100946596543,266.79043978007155,-518.5010916424715,518.5010916424715,-0.37979582312694027,5.0
5,1,382,362,8,83526e92885bc583f00cc7b1c104910d3d3f71ce40acafbd11946339bfd91c6e,357.83981234495116,782.9040634697848,1857284.9305090946,1362.8224134160307,378.2078478427848,-404.69621562699996,404.69621562699996,-0.2969544759779775,5.0
5,1,384,362,8,9c20e8cc058ade3e32ac063ebb56122c78445e4f1c9a413deb9a3fff758e8791,357.83981234495116,782.9040634697848,1857284.9305090946,1362.8224134160307,394.02468593385487,-388.8793775359299,388.8793775359299,-0.2853485338278012,5.0
5,1,386,362,8,da0196d5846d38f5fc09e296e7d938b76434ad00298a31c70cdc6337e359a8f0,328.7730476471644,721.0436033479564,1499904.610397093,1224.705928130134,287.4891027113404,-433.55450063661596,433.55450063661596,-0.3540070237910595,5.0
5,1,388,362,8,37f345813ad890e216d5c20564cbed82819bee59e6b242bfb5cbdad54d0156fa,308.41751115750753,693.6451844161304,1308426.7758661227,1143.8648416076624,306.171405853888,-387.4737785622424,387.4737785622424,-0.33874087607908415,5.0
5,1,391,390,9,2232daa390f0331dfbddde54bb55c60c032dc1739a66f11097b877e6030ff954,263.878311036966,1519.5798755258356,3097088.1524756867,1759.8545827640664,2065.446491341639,545.8666158158035,545.8666158158035,0.3101771141559056,5.0
5,1,393,390,9,bf9ead27c6ebe197ce572b5ed9243e2efb838e68aaff1056fea25cfe9f7fb25e,263.878311036966,1519.5798755258356,3097088.1524756867,1759.8545827640664,2020.0409341214884,500.46105859565273,500.46105859565273,0.28437637035306496,5.0
5,1,395,390,9,17159fcb6382356162df6f598b057f1f1f85502ea1899daf05424eca6e818d6b,263.878311036966,1519.5798755258356,3097088.1524756867,1759.8545827640664,2000.3595803617227,480.77970483588706,480.77970483588706,0.27319285896949724,5.0
5,1,397,390,9,87fd19e94c0d38873f96c874adfdba99630b8b5781bb70b196cc6ff44447008f,263.878311036966,1519.5798755258356,3097088.1524756867,1759.8545827640664,2008.374945314966,488.79506978913037,488.79506978913037,0.27774741991546714,5.0
5,1,399,390,9,8af70214ea374cb8a4f3709e39d1d3419b36972fe6301068fe38de88c9085ec5,263.878311036966,1519.5798755258356,3097088.1524756867,1759.8545827640664,2010.84988649927,491.2700109734344,491.2700109734344,0.27915375269349524,5.0
5,1,401,390,9,a7fe88d4494d15b5bd77629fc50230f02e60c89d11d7c8b1685e0a0944bc80a2,224.89990450650362,649.0816545622431,810536.5536894937,900.298036035564,286.948177677694,-362.1334768845491,362.1334768845491,-0.40223732851755767,5.0
5,1,403,390,9,d5c9299dcbc5781fd8018bb2aebcafa1c03e8e55d212d32fa8bff3eb22458c01,224.4542927448437,720.4025952489205,935401.0433468813,967.1613326363298,269.1826647324996,-451.21993051642096,451.21993051642096,-0.466540498767115,5.0
5,1,408,390,9,23c14ec9ad79eb9c64a018c85a1288cb8dd132471d6db48a29d258b7e94eb65c,223.98935933718127,630.4230028269359,773844.3235146903,879.6842180661707,138.564758495851,-491.85824433108485,491.85824433108485,-0.5591304632159342,5.0
5,1,490,489,10,e6d9ef81795e37cfeb745a2ebbe89935afa80de61929193bed451fbb7527bc84,291.6600277139505,667.4055201593566,1371616.6138898127,1171.1603706964356,1449.6382841900142,782.2327640306577,782.2327640306577,0.6679125964324591,5.0
5,1,492,489,10,e4cddc1345904c8e6eb0a6f1922ad703a20fe1bbce6bab0599d8fb125e501134,291.09614142557444,670.6859628296254,1375544.6396920604,1172.836152108239,1445.4817260665122,774.7957632368868,774.7957632368868,0.660617224191246,5.0
5,1,494,489,10,e1539d879a3d9739eacce474c6d21bbacaaa0a630315e394d392298966662653,291.09614142557444,670.6859628296254,1375544.6396920604,1172.836152108239,1468.9341245285189,798.2481616988935,798.2481616988935,0.6806135369070926,5.0
5,1,496,489,10,231d13394eaba929f85c158ddd56bbb47aafc1ad572fc00dbf62c6f222d76d32,290.4470733686827,670.5373075012557,1371153.2319673463,1170.962523724541,1530.3700640437578,859.8327565425021,859.8327565425021,0.7342957089758839,5.0
5,1,498,489,10,64caa60b2cd255b3f5e20ff4c2c9a26632c17cbeaefaadcc1468367ba9699be0,286.6050399311033,678.9485922512852,1366154.8045295703,1168.8262507873317,1457.9392277804288,778.9906355291437,778.9906355291437,0.666472570242505,5.0
5,1,500,489,10,24c0239513daa234befa5f3f950d3c186e0aaf3c5e65e5cd7a5c1616716af3a6,284.1398454195893,507.1562709493577,981921.5447995098,990.9195450688768,224.28740101197752,-282.86886993738017,282.86886993738017,-0.28546098555127253,5.0
5,1,502,489,10,93edb2918cec1f31b93b638af962ca8b8d5452e8006c18e96fbd62e764c75da3,241.5991846658892,737.1760933777565,1213392.3761193834,1101.5409098709786,1544.594423741042,807.4183303632855,807.4183303632855,0.7329898718494775,5.0
5,1,504,489,10,db9c35c1169c25e2103726665744935febff41174e0a22ad93d90e8668c98f1d,241.37234394026922,737.623427863914,1212918.6773271004,1101.3258724497034,1451.1634174886376,713.5399896247236,713.5399896247236,0.6478917888649804,5.0
5,1,506,505,11,8065ae8414e61400aa8e79b0cc7c9a4225b233e0fa308abfe1a01e7829e7a925,230.13237711491576,1966.174448642763,4191494.5428893166,2047.3139824876193,208.00265443252795,-1758.171794210235,1758.171794210235,-0.8587699831336775,5.0
5,1,511,505,11,19b1b8c6523bbbfdcbd4ca3e8b23df433f2e0e8382415faee946ed68562e09de,230.13237711491576,1966.174448642763,4191494.5428893166,2047.3139824876193,211.582238927032,-1754.592209715731,1754.592209715731,-0.857021553471631,5.0
5,1,513,505,11,cebb8759e5cd5bd0fc311473d5ac2b7e5c909c7dd4bc6f1109af95d4ac01cf9c,229.84471771129074,1987.1707425584834,4248959.773647385,2061.3005054206396,146.44765137710957,-1840.7230911813738,1840.7230911813738,-0.8929911414375491,5.0
5,1,515,505,11,3caa62a3ab022e85d3dbc63603caaada2aa348a155762bac4ee4a5220e022eea,229.84471771129074,1987.1707425584834,4248959.773647385,2061.3005054206396,246.78613219068507,-1740.3846103677984,1740.3846103677984,-0.8443138716509685,5.0
5,1,517,505,11,3dbd13cab9be4dbc3e1c1596dc769615fcee33b9f248372e2a85ed922c4e29f4,229.84338183034595,1990.3849815474107,4258406.477932561,2063.590675965697,160.84171083142058,-1829.54327071599,1829.54327071599,-0.8865824468119484,5.0
5,1,519,505,11,1e68c10a4b358cd3b95ca9cfb491f0534a1f7583349aa281a926c8e913a698a7,229.84338183034595,1990.3849815474107,4258406.477932561,2063.590675965697,150.47632653014827,-1839.9086550172624,1839.9086550172624,-0.89160543146777,5.0
5,1,521,505,11,aa81b1c84d88de2e86149e9aa74aa2811a2a29c0f9d372288dfba73a0e3ea16c,171.3084998306687,645.5323399491821,692369.8020076078,832.0876167854007,241.25082011559996,-404.28151983358214,404.28151983358214,-0.48586412257334227,5.0
5,1,524,505,11,194a81ea98358ba9daaa287a5549a2b7d599abce69e77f9c04a9f4d158981147,171.3084998306687,645.5323399491821,692369.8020076078,832.0876167854007,378.8248238756199,-266.70751607356215,266.70751607356215,-0.32052816397380335,5.0
5,1,526,525,12,887fdd93196d8a82034fb9a76b3d2ff682e9719bb34058d44716788fa4d0bcf3,400.3293461058722,676.7730057158395,2253974.560738096,1501.324269016556,269.50356883472864,-407.2694368811109,407.2694368811109,-0.27127346522406726,5.0
5,1,528,525,12,c5a249a47afb1421175136aada9ca633e87b4cde56346dfec080b7e1c5c5994c,400.3293461058722,676.7730057158395,2253974.560738096,1501.324269016556,382.06221509124293,-294.7107906245966,294.7107906245966,-0.196300557252463,5.0
5,1,530,525,12,a89d73ceba7792eb78c1fc58bbdc0c7f5d9f60b13adbb0b1a9ee15b4eaf3ba0d,400.3293461058722,676.7730057158395,2253974.560738096,1501.324269016556,318.3694860935211,-358.4035196223184,358.4035196223184,-0.23872492240273382,5.0
5,1,532,525,12,8712e6b4ab2f8a82b4d5b16fd71feb3af54961fc77368e2bdd9661faf207e093,400.3293461058722,676.7730057158395,2253974.560738096,1501.324269016556,334.1722048730561,-342.6008008427834,342.6008008427834,-0.22819906925717284,5.0
5,1,534,525,12,08b7aa52476f2fb63425f3ae494fc02b7ef41c4f18cb5cbc7c7455b98536a22c,400.3293461058722,676.7730057158395,2253974.560738096,1501.324269016556,351.040729995689,-325.73227572015054,325.73227572015054,-0.2169633052914823,5.0
5,1,536,525,12,07da6fc3aea01bfbbb62201fbc63aafebb286f3a3e1739d0646a1f8ed74a6881,400.3293461058722,676.7730057158395,2253974.560738096,1501.324269016556,360.52417629800664,-316.2488294178329,316.2488294178329,-0.21064658444840303,5.0
5,1,538,525,12,07f0f0e8eb402f8e3057b49b924d64f3237e4c67556e668ffafdd1fd148e7c64,398.0434886092521,682.0354727348603,2251774.202897349,1500.5912844266918,251.78276250193818,-430.2527102329221,430.2527102329221,-0.28672211727346014,5.0
5,1,540,525,12,f8b102bc1336cf2b82eff4c12b08fba20dae215210de6730800a0d81aed53f97,397.1296248301576,880.5894114917432,2858663.7014812175,1690.7583214289432,253.73941320024355,-626.8499982914997,626.8499982914997,-0.37075079882600714,5.0
5,1,542,541,13,f5a24940ce9c13db322b7913220f612388f68a6b9716c0e64ae169f3ad38b47c,205.33758808496924,541.6035024518073,726972.0018239428,852.6265312690796,167.3824075058253,-374.22109494598203,374.22109494598203,-0.438903882558027,5.0
5,1,544,541,13,b108fc2c9c28658d278a90df8201b30221fb7c11d65f6e93b28264852a1c0240,202.599681982856,1231.469751613533,2039349.1211702982,1428.0578143654752,1577.298731274075,345.828979660542,345.828979660542,0.24216735217698676,5.0
5,1,546,541,13,3aaa3e75e836258220714f47e5a4289c450d78067b192db0f7c5d55ea99d1b25,198.89054480627715,1195.2139044874002,1926808.623165175,1388.0953220745234,1500.5805112125897,305.3666067251895,305.3666067251895,0.21998965191296505,5.0
5,1,548,541,13,943f9a10c1ffcca0a4a5517c8df7fe82b2ee82d711be406824da3bfb0ae55273,198.89054480627715,1195.2139044874002,1926808.623165175,1388.0953220745234,1496.204605202723,300.9907007153229,300.9907007153229,0.21683719837445242,5.0
5,1,550,541,13,88b5ee0ed001764a9f1fd7279b887a1661a8226ec2aa45dcb5f222e7c62e16a4,187.7941214204903,543.7193634424675,651781.53452557,807.3298796189634,447.4386287689209,-96.28073467354659,96.28073467354659,-0.11925823273008096,5.0
5,1,552,541,13,8bb8dbfd5ffc95b452e8e2359e11a1479ed2422083890fa82e593ebdf4247476,187.16072781371835,503.8682011053079,589492.3818763476,767.7840724294479,391.50628554026287,-112.36191556504502,112.36191556504502,-0.14634572349163968,5.0
5,1,554,541,13,c79353ce07ed76de0821be003cfda52e084a67dc04df3db56f956f765d402ce5,185.6297854253037,684.7639343301025,863799.2308843466,929.4080002261368,552.020597326876,-132.74333700322654,132.74333700322654,-0.1428256879335323,5.0
5,1,556,541,13,7a775d70c3fb441cb3e8f1b46633307607d0288246c493ce00dd3803b94d9372,182.8158494834592,584.1957824955983,691061.6251095801,831.3011639048631,151.75522223626726,-432.44056025933105,432.44056025933105,-0.5201972269929613,5.0
5,1,565,564,14,fb2b469c6f1d6cce801701f84cb5d79536c42521e6259198db3af1f0e075336a,230.84257512604194,563.4012297312988,868279.6348937532,931.8152364571815,292.51983627068876,-270.88139346061007,270.88139346061007,-0.29070290210162014,5.0
5,1,567,564,14,309f7750e11926eb454b8109bda8cd78c01873866ec53294406214809946044a,227.97769424019032,429.62265541124344,624532.8652976636,790.2739178902867,364.57488569009183,-65.04776972115161,65.04776972115161,-0.08231040940184763,5.0
5,1,569,564,14,adcc8309f49d3050ee63049d9b3c7b0eb9892ed3de4445008d1f93a265183946,213.0239201233228,568.9461692869636,791103.1413357299,889.4397907310702,356.295578499033,-212.65059078793058,212.65059078793058,-0.2390837390051367,5.0
5,1,571,564,14,099a3840b75299ec10af3d22a1c1897bce8c39b4f5434d898bfe284991838436,171.39735741805947,544.2004580260942,567800.4929275739,753.5253764323892,182.6273435188062,-361.573114507288,361.573114507288,-0.47984198782949744,5.0
5,1,576,564,14,c168fc03264345237234fdbb63caf12760f319ac95d422826d9b3fc76e1be4ba,170.75375335742842,599.803435038572,644354.028583298,802.7166552297878,389.23749044013744,-210.5659445984346,210.5659445984346,-0.26231665087123107,5.0
5,1,578,564,14,bb02984de173411a502587d955e37ec0e575dec1284494a9155e4919a56e07f7,170.00190247569026,586.7073743436258,622153.5097577585,788.7670820703399,439.8084752901636,-146.89889905346223,146.89889905346223,-0.18623862784421094,5.0
5,1,580,564,14,797599b496d1c9b5c4ca81bbacf52c548a8e9e56b867945492f4553a83e5638d,167.32937016351707,515.3177936087144,511865.3070556024,715.4476270528838,375.6063876238736,-139.71140598484078,139.71140598484078,-0.19527831346698102,5.0
5,1,582,564,14,d77898f406b1b10ec934091137c4bbf6e1d1d9a5235d7bab22fa178cdf829d0a,166.96614797293222,512.7119847546545,506957.69242693955,712.0096154034295,408.39503779748475,-104.31694695716976,104.31694695716976,-0.14651058735781688,5.0
5,1,584,583,15,30456cef007d7b2087d6d77b93ccee92382283f2dd35d5da9f8ff5d2b7dbdd1c,189.08749489045329,635.912890213752,780716.9106118989,883.5818641257293,572.4869447997122,-63.4259454140398,63.4259454140398,-0.07178276058981514,5.0
5,1,586,583,15,c988e5499bd336f6353ed0578dbe91ab22c2fe535876ffd1d4fd2fc66f07f647,174.57757320562888,455.145121825364,454194.9490796563,673.939870522331,359.5513062746838,-95.59381555068023,95.59381555068023,-0.14184324111376748,5.0
5,1,588,583,15,1b11dd50fb5146926a971b95c4386899476e163a7b6042d8de916506581e216f,165.6489386469645,503.34328389964605,485524.0209802885,696.7955374285117,517.6431934472287,14.299909547582615,14.299909547582615,0.02052238968170735,5.0
5,1,590,583,15,021140f2e69bb994b0ff0b93e356ce442e9f0edd9d4332ac35ebf8471e0e07a5,164.80973507182742,462.44019256301647,429335.42757109605,655.2369247616438,304.0860083724513,-158.35418419056515,158.35418419056515,-0.24167469537552363,5.0
5,1,592,583,15,4a12e3bcaf3880f70c2f714cf553347393962a2e53008ca2640482449236590f,164.5734012222037,531.3602444246377,518732.80264305696,720.231075865973,492.5502393857397,-38.810005038898,38.810005038898,-0.053885490836721554,5.0
5,1,594,583,15,101408cd0c87bd01d41f5318ecaddad6f8933510f808e33941afcb07e787baa4,164.51962076453265,537.0429729498529,526165.9025344201,725.372940310307,458.9521108189015,-78.09086213095145,78.09086213095145,-0.10765615560120702,5.0
5,1,596,583,15,544db72f1624afd8ff09b966d9ae4e664c57041deb5707b885dc581f5fafe444,154.74107224311575,498.8357879724432,439685.78542412876,663.0880676230939,495.0304276456737,-3.8053603267695166,3.8053603267695166,-0.005738846033544556,5.0
5,1,598,583,15,6efce0a2b2ee0da44a43e9345efec7670bc33ce0799f8b6ae3b22eedb32d7504,149.46667148735662,536.2237037494517,466986.6365184824,683.3642048852738,511.1942434696236,-25.02946027982813,25.02946027982813,-0.036626823736004996,5.0
5,1,600,599,16,add2d18caf2cc9ee0e5521faaf84ac92c02fd66f9bf444aba555a215561a9815,148.0997171765208,463.755862883018,376761.43506602524,613.8089564889268,281.47346434352374,-182.28239853949424,182.28239853949424,-0.2969692713220985,5.0
5,1,602,599,16,7d013b1d87d3549a52b5b9c73ae4ff8899cf7b060f9ba4d6b1adafe2f796026b,143.92277408527264,486.93983305566604,389943.42567576567,624.4545024865828,201.554469005026,-285.3853640506401,285.3853640506401,-0.4570154637595426,5.0
5,1,604,599,16,5fdc5ecbafd66392cc8a82c10d67f54f80ea6adbb41efc7a032272b2208522c7,143.55201366658315,557.4675745826348,473311.8761479389,687.9766537811722,115.63173744606249,-441.8358371365723,441.8358371365723,-0.6422250445683132,5.0
5,1,737,599,16,07b9c641c726c46f19b8434ed4222108c24fbee4807326ce1039987e4728e450,143.44627462503345,493.9429123468657,396515.30778697337,629.694614703805,228.5496085427024,-265.3933038041633,265.3933038041633,-0.42146351200573423,5.0
5,1,739,599,16,224aa033aa78eb919e87da690b86a9f5658c1670ea51bf9b61063c62445a0735,142.8500436507981,576.2987788214535,493913.29298002215,702.7896505925668,225.3453998199617,-350.95337900149184,350.95337900149184,-0.49937186568638375,5.0
5,1,741,599,16,8194127742f8cfa1baf7664c080302120b9479b46a40a000b15462ed4bc34387,142.7745974924973,559.9187651768283,473340.1686843149,687.9972156079666,119.61329113112555,-440.30547404570274,440.30547404570274,-0.6399814767514944,5.0
5,1,743,599,16,a9a21d129d7404772556f176a81948e99daf9c301684e67ceb9a7ae60d01e665,142.38826249084684,555.4730680293652,466404.8279559141,682.9383778613661,281.2603859178948,-274.21268211147043,274.21268211147043,-0.40151892323019306,5.0
5,1,745,599,16,f8933d6db08c92426a4702b823a806a4bcfca0ca26c4f7d1d07c1004c46b723b,129.51121057724467,503.93022570102585,360768.4349012671,600.6400210619229,361.0105017112963,-142.91972398972956,142.91972398972956,-0.23794572285917537,5.0
5,1,747,746,17,ea886798b82187f8bdb07f4653db75ff8c08e4c8c85035aa1cc8081bc6ce9c64,201.94580947591322,444.7807450214181,613951.2074724557,783.5503860457576,238.5695353878869,-206.2112096335312,206.2112096335312,-0.2631754298203982,5.0
5,1,749,746,17,b23804c532b93622d431ed0132262e8f2dc505a07fb608aa2f125885b08bb653,200.16557577953012,440.9622533283218,600755.8565722822,775.0844189972355,227.1535383686875,-213.80871495963433,213.80871495963433,-0.27585216489869463,5.0
5,1,751,746,17,f190d11947cd62910a305cfefde5a66415cba238ae3c0b9b1f0e07ccca7492c4,200.16557577953012,440.9622533283218,600755.8565722822,775.0844189972355,141.99505875279206,-298.9671945755298,298.9671945755298,-0.385722106196275,5.0
5,1,753,746,17,b08f8a036b6a32960bb1fdcbd9b696d9a62f6906738dbaa9aba34b73a71ae7a8,200.08930068743683,441.1177051537046,600681.2944394344,775.0363181422109,109.13804878899545,-331.9796563647092,331.9796563647092,-0.42834077396589104,5.0
5,1,895,746,17,9a8e8856e74eef44ed9fdf02758af4714fa4a53ef5415e1ac0eef556b21c9ae7,200.08930068743683,441.1177051537046,600681.2944394344,775.0363181422109,159.69063013346508,-281.4270750202395,281.4270750202395,-0.36311469337956964,5.0
5,1,897,746,17,37627088b9d469e41f4cd48683549c57c688f415ffb5623610b808a394ad3c67,141.6026570855888,544.6479761369833,507153.94941980613,712.1474211283828,519.2033448026638,-25.444631334319524,25.444631334319524,-0.03572944390362747,5.0
5,1,899,746,17,6b3a4bb34b08859401ed85bed214fa264e2e40fd8e36f8f8dacc738ca2fe6084,137.9445537361973,410.6340811889997,336365.30829809676,579.9700925893479,106.38874750570817,-304.2453336832915,304.2453336832915,-0.5245879702605883,5.0
5,1,901,746,17,54fa3325fe7373db773745fdedfcb58a8c87c51884540b6c0ba433d260f18188,137.9445537361973,410.6340811889997,336365.30829809676,579.9700925893479,164.57089704937405,-246.06318413962563,246.06318413962563,-0.42426874641250245,5.0
5,1,904,903,18,1e2661f59e568dd635eca478b5ec1cdc105b89dff7e273f37732ea752dce9489,174.16984195488146,322.39892334182224,375746.21939631767,612.9814184755666,334.73655592600505,12.337632584182813,12.337632584182813,0.020127253799740737,5.0
5,1,906,903,18,c720a400b3e519a9f668918fb149460927f2ec5a08b4e5b39e2240c965242eb0,167.3282155675322,381.9756365590896,429080.97761838103,655.0427296126421,374.3215447146483,-7.654091844441268,7.654091844441268,-0.011684874128696149,5.0
5,1,908,903,18,7725b53f582210ab4229d476e95cec380d58caa525c17e70b9e07bd4edc6be57,162.5721454271019,287.0892801717164,298267.9926487126,546.1391696708016,268.77393804029987,-18.315342131416514,18.315342131416514,-0.03353603467492823,5.0
5,1,910,903,18,4f210cd4724c239dd49853a4a5403f9f4d05161640eef144f55f6faa7b70083c,162.33841475360043,346.2006353893084,367735.49702433683,606.4119862142707,244.97027490307588,-101.23036048623251,101.23036048623251,-0.16693331066590034,5.0
5,1,912,903,18,976cc8269068180bf8e6639c2478c6ed60b3596b879f8cfb6d2482d7c0765e1f,162.33841475360043,346.2006353893084,367735.49702433683,606.4119862142707,369.43576638192843,23.235130992620043,23.235130992620043,0.03831575153662959,5.0
5,1,914,903,18,1441f76ef05d406a6979724b72d1c7d67a96d615a070f0efeec91297b7d834f9,159.41383907191175,382.2983483896286,402425.52147899807,634.3701770094477,244.99517021564523,-137.30317817398335,137.30317817398335,-0.21644015300539338,5.0
5,1,916,903,18,f27f13fa217ccfbcccf3685cfcc3aa0e074c6f29b9a4a4bcf60bcd46de2bbcaf,156.0738278485408,352.1974543522254,355152.7631752888,595.946946611264,286.32000054542465,-65.87745380680076,65.87745380680076,-0.1105424806375803,5.0
5,1,918,903,18,7103919997912ca8f0856550759e7b6f5277a1e6e9dcaf1613ad00d99c2b8188,155.95714784124246,361.19305468366474,365467.34115859965,604.5389492485986,152.27622261480852,-208.91683206885622,208.91683206885622,-0.3455804333674875,5.0
5,1,920,919,19,c18d912abf6c0b69021423933c9007b89037f3b9287e8063482c5fcc27e0b68e,162.19779151974453,338.62046463458154,359291.6438855033,599.4094125766655,382.23909136646927,43.61862673188773,43.61862673188773,0.07276933898048994,5.0
5,1,922,919,19,5a48f6040a57a9351b4ff5419c41634dd265618079f8c9664d760852a7e494d9,159.39480122586278,313.51545324175174,320967.02415060526,566.5395168482117,394.41826211755927,80.90280887580752,80.90280887580752,0.14280170485880359,5.0
5,1,924,919,19,ef6473fe475ae6bbe2c3278a5a5cfc662f82acfd0935479b17c3b96f32088f7e,157.04815834847145,318.98702635496915,320414.40024630626,566.0515879726037,134.06721904855786,-184.9198073064113,184.9198073064113,-0.32668366494426515,5.0
5,1,926,919,19,c39027b185b51af5af0dbf7ee31371602e2deea368f0408592d5a8c41dc19311,142.77671186366948,286.28375178591693,245360.75637447916,495.33903174944646,249.51273110996593,-36.77102067595101,36.77102067595101,-0.07423404641883867,5.0
5,1,931,919,19,d2769d8598eb534c28f058576fe50fe80decc2a85b9e39b77a54aec128ecc6ea,142.77671186366948,286.28375178591693,245360.75637447916,495.33903174944646,203.21458293067084,-83.06916885524609,83.06916885524609,-0.1677016417661678,5.0
5,1,933,919,19,3ab31a802c723279f7058a3c014a18b87bbbf68dd6cc19163ccd197e89792623,142.77671186366948,286.28375178591693,245360.75637447916,495.33903174944646,140.4089722724876,-145.87477951342933,145.87477951342933,-0.2944948210485784,5.0
5,1,936,919,19,1f1b9ee6741113cf22da007b2e43a3f320c1bac3282a514c738d1b1d8d218eff,142.77671186366948,286.28375178591693,245360.75637447916,495.33903174944646,123.44852546537766,-162.83522632053928,162.83522632053928,-0.3287348984905049,5.0
5,1,938,919,19,93f7d8143ea3dd27d0785c3c595f158b5ddcca1223270587c2ac6b238dceb477,142.77671186366948,286.28375178591693,245360.75637447916,495.33903174944646,165.41468776307926,-120.86906402283768,120.86906402283768,-0.24401279987153515,5.0
5,1,940,939,20,669fa7fdce0e327ddb3a4213c025b04783c4ab218ad912b8306f5c9e87bfa33b,122.34429629691014,318.02523302447537,224939.3388341757,474.2777022316943,136.05073993567265,-181.97449308880272,181.97449308880272,-0.3836876417181942,5.0
5,1,942,939,20,1a9553696eecaefda4e4d2783bec3b62e8c1eb656fbfae12192804d9977ab93c,114.29697674833488,327.66944296216997,213752.64537315146,462.33391112176866,119.74320649233731,-207.92623646983265,207.92623646983265,-0.44973174467202215,5.0
5,1,944,939,20,ee88b2fd08b56db837045ee2ff49fda794913eb02e556c5b0ef998af5810084a,112.34149872976352,1816.3891519206875,2382591.500886941,1543.5645438033814,1435.1156842395512,-381.27346768113625,381.27346768113625,-0.24700843849501036,5.0
5,1,946,939,20,3e767cbb011f2777fb12a34d144eef2dc06e9bcb42346d74c640b76e33e3ccc1,110.91080738001564,294.97330156052595,177506.61336980324,421.31533721169376,142.04450302702008,-152.92879853350587,152.92879853350587,-0.36297942426118085,5.0
5,1,948,939,20,b27eab22befd129709d5fdbaae789e4e189300ea110528bb11e10aa0ff015887,110.90849650293634,291.9973730704248,175009.97051686596,418.34193014430906,157.6786265975297,-134.31874647289513,134.31874647289513,-0.3210740707405572,5.0
5,1,950,939,20,9873288a4a3b6490555e68d46ad1056f959d5d2bd866b5833b6f3cf7bc07eb22,110.0853578591707,293.83948063662837,174737.60614298919,418.01627497382106,129.57197227911516,-164.2675083575132,164.2675083575132,-0.39296916936499837,5.0
5,1,952,939,20,65c170016f0139f8174a1412b508ac049953237ad4b5d4917d832685632486ed,109.69965108264894,294.6490947492937,174562.96018704283,417.8073242381503,113.96892950655234,-180.68016524274134,180.68016524274134,-0.4324485349130778,5.0
5,1,969,939,20,dd6225b7268cb02758778256dc23bab71762ab6ca047ebdbc4a9cba549226972,107.64216339941086,258.2986877140484,141026.81153652573,375.5353665588978,124.01947094503075,-134.27921676901767,134.27921676901767,-0.35756743232852806,5.0
5,1,971,970,21,1e997956b443640d2693aaa89f457fac91c55fb8b244b5d1a70ed725b188c208,111.66322893537836,314.1432858531449,194462.02266844283,440.9784832261579,150.3397585353466,-163.8035273177983,163.8035273177983,-0.3714546934794342,5.0
5,1,973,970,21,088f6ab7a8ce372214a720fe57d49581190dfe6f7b256ac1973264d3ce99d12f,111.39969093177865,369.4623090173024,242940.3046050677,492.88974893485835,143.9045822413281,-225.55772677597432,225.55772677597432,-0.45762308358696385,5.0
5,1,975,970,21,fe0c6da138a3b1850b830d20cf0a3758bc7213573f16a6d8525640f07fdbee73,111.38515946359414,332.0467279018358,209369.22423323593,457.56881912258393,182.0158688867935,-150.03085901504232,150.03085901504232,-0.3278869816844942,5.0
5,1,977,970,21,acdfbdfb1b624207c6d8cb6fc70421e1d487089d0594bfed8f35eb18e2e90dee,110.81513586990457,343.2991915102125,217874.15111646053,466.76991239416935,307.1345927460025,-36.164598764209984,36.164598764209984,-0.07747842738773265,5.0
5,1,979,970,21,aba7571b37e5df5a364c2284f25fe2a284a47263139cec305fe4060d2e3a93f5,108.71391903132485,293.9629926049449,170812.3225839645,413.2944744174116,418.5282829207603,124.56529031581545,124.56529031581545,0.3013959731530533,5.0
5,1,981,970,21,eb909e133c29fddcbfdc5dbe2c1d54be524e74482c6ea930fddccaf46dd016f7,108.01998043519308,342.25530280590414,209987.33587312873,458.2437515920198,151.78100131738066,-190.47430148852348,190.47430148852348,-0.4156615356494924,5.0
5,1,983,970,21,b6dc29531646c30dea9c041a04eaa4ba79141c5ea8d40f253827db2b8200d1fe,107.65420034515444,343.43986551171395,210107.41774434186,458.3747568795012,241.13479597303603,-102.30506953867791,102.30506953867791,-0.22319088912126142,5.0
5,1,985,970,21,8182f860793186f27c58466fb0e6badc11498eb862526c7f2f7bb173268eaee9,73.83106336827274,523.7973510601707,263939.1071225657,513.750043428286,538.1328784576571,14.335527397486317,14.335527397486317,0.027903700604722973,5.0
5,1,987,986,22,410f161017a6ece4b0ba9ad05045a7675ec2517505564026d7967402a34ed4d9,170.17129567874534,380.0896328303011,432840.5923922371,657.9062185389625,230.5725012018223,-149.51713162847884,149.51713162847884,-0.22726207385684427,5.0
5,1,989,986,22,b2a7088a306943989bfcdacca85e0e6331738d712f8143c6135ab983966364ee,148.98860379397115,430.04680858231455,421432.21429060964,649.1781067554648,138.27287313625067,-291.7739354460639,291.7739354460639,-0.44945128680374696,5.0
5,1,994,986,22,884e8448145812473e0ea7e615b633577e430f324bb3f3428ccd476cbc627991,146.50350567640592,302.7572647849522,268414.0454227517,518.0869091404952,232.23013580206668,-70.52712898288553,70.52712898288553,-0.13612991901279622,5.0
5,1,996,986,22,fdfe79fdfa8e4dcb07970b51e66e8717ea0430b8602767de82f811275582c30a,131.33862775715374,371.9782160199461,298887.0449053317,546.7056291143632,145.27196576763885,-226.70625025230726,226.70625025230726,-0.41467700016105646,5.0
5,1,1005,986,22,a71d43235420817b2e453f86e7c912352bc72a5dc33fe21d47d451961019212f,124.08425327035202,333.74695143228536,240550.95773341018,490.4599450856412,158.3788015871337,-175.36814984515166,175.36814984515166,-0.35755855621304594,5.0
5,1,1007,986,22,d560d9b2de475073012af6fba040ed15f2f11026add6b5a38c8d51bf56c4c143,123.90185044056476,353.2844141028179,258962.93625903685,508.8840106144394,136.57606546276747,-216.70834864005042,216.70834864005042,-0.4258501822024066,5.0
5,1,1009,986,22,95384a6b603013c48295e0dccc9a5481bdfa98075b96805327552cff1800982f,121.71511176360922,341.23647920597693,241511.2620313725,491.4379533892071,131.04871560106375,-210.1877636049132,210.1877636049132,-0.42769949320224665,5.0
5,1,1011,986,22,b18e0cdf3f5e09a064b162a1f24789536c4fcfbbbcc9ac77f7549c2e48ad21ec,118.54623082599596,322.3837506795845,215911.25493545577,464.6625172482237,124.06660032898489,-198.31715035059963,198.31715035059963,-0.4267982524716066,5.0
5,1,1016,1015,23,07a41d3c7ac25bc5a355bc5b4ff9445fe1227c958cd6a5eaf56d5db6d0e60e29,127.54779346837762,292.31420323458735,209132.99074491338,457.3106064207492,124.79658844687722,-167.51761478771013,167.51761478771013,-0.366310364193883,5.0
5,1,1021,1015,23,5e831e7a368ae96ff1a4c21b4d5a684be8bd2dd19197daced84e6cd1206838be,110.20834916089595,234.09456562310933,123451.64914988255,351.35686865334304,138.0886001423152,-96.00596548079415,96.00596548079415,-0.27324345714019865,5.0
5,1,1023,1015,23,a0da495202188f8ed5bc4a4f7e80b7d250b8dc4af4b1b433b70a57242c854817,110.20834916089595,234.09456562310933,123451.64914988255,351.35686865334304,106.73603622311293,-127.3585293999964,127.3585293999964,-0.362476276294605,5.0
5,1,1025,1015,23,51bfeb466343c4582e7221dd028b3f48da20b2893a4649b14af61f03c4ce1cda,110.20834916089595,234.09456562310933,123451.64914988255,351.35686865334304,113.20300378317785,-120.89156183993148,120.89156183993148,-0.3440705807268733,5.0
5,1,1027,1015,23,bc76a399577a53ddd99baa51475b9555f67e5038e83a224bf968b3dfb5478ffb,109.30760565597645,228.64075713502868,117718.22735269868,343.100899667574,108.23136283701116,-120.40939429801752,120.40939429801752,-0.3509445600832892,5.0
5,1,1029,1015,23,cbad4ccd453f360760d487d250544b88a903caddb2e27c3360b3efa4e02217fa,109.30760565597645,228.64075713502868,117718.22735269868,343.100899667574,118.38615580905568,-110.254601325973,110.254601325973,-0.3213474561937822,5.0
5,1,1032,1015,23,237fe311d681e8de2627f62134122ca1cb3a6009f8e3e82f61d6805eaa8170ce,109.30760565597645,228.64075713502868,117718.22735269868,343.100899667574,111.26837922587539,-117.37237790915329,117.37237790915329,-0.34209288877666555,5.0
5,1,1035,1015,23,caefa609c3f241c3e1f5ab90d4403171268ed9a2ccc58a901b488d45d5fae4a1,109.23080798512086,250.12004426098443,134006.00098223725,366.06830097979974,120.56722545864606,-129.55281880233838,129.55281880233838,-0.35390340670192943,5.0
5,1,1037,1036,24,4357b077f33906331f1eef5a98eb32da8db5ba04ab360b55b2fcba1a00ccfa9f,176.59940538756726,305.6433863481886,360895.49069817277,600.745778760178,150.94259265552867,-154.70079369265991,154.70079369265991,-0.2575145746540777,5.0
5,1,1039,1036,24,e76824797166315fbc90e3027dec60737d1283b7654016a874e628690f5dde14,135.76897919549498,348.0115700895118,288575.41532331606,537.1921586576967,299.47597143674136,-48.53559865277043,48.53559865277043,-0.09035053447922295,5.0
5,1,1041,1036,24,f1a4a70fbc9d1a2a155fa2e12f78ea44b2eef8d37b486f3f2a94d5917de09c1a,135.31243244077558,385.40090798849997,327078.4568778398,571.9077345847317,312.6929170974577,-72.70799089104224,72.70799089104224,-0.12713237904333693,5.0
5,1,1043,1036,24,3726cc059cc82155f7a6c15da2ff0886a55fadacf133bf8bf95f7c41ac4ca25f,131.01871733627928,351.5562655810861,278790.6570981098,528.0063040325464,328.62068466321386,-22.935580917872244,22.935580917872244,-0.04343808159619718,5.0
5,1,1045,1036,24,1038f1b43f68a857a741303a89cdf4fee59450581abe0457f8867e1d2316c94a,111.95631004253838,349.65838517272874,225700.62702641916,475.0796007264668,219.60100685129262,-130.05737832143612,130.05737832143612,-0.2737591303069195,5.0
5,1,1047,1036,24,69779348f24ea0262441de846e233abccf4042e53624fb3ca902d9d06b445872,111.88161993320006,350.8461090455824,226575.8325747954,475.999824133156,231.3856213352897,-119.46048771029271,119.46048771029271,-0.2509675038805789,5.0
5,1,1049,1036,24,79eb5c75af63d2d1ce9856cf60bb252bbf86d99dbf72fafd0890aae18abff23c,111.86390643329436,349.88296958661033,225665.25210622174,475.0423687485378,240.17764668320166,-109.70532290340867,109.70532290340867,-0.23093797547452202,5.0
5,1,1051,1036,24,16535681811587f56e73706f91c5f86bd5416658aee84f7dab4a31962217adc6,110.73722030852423,334.36372607425835,209082.23504578558,457.2551093708911,238.3309415085147,-96.03278456574364,96.03278456574364,-0.21002014542356712,5.0
5,1,1053,1052,25,c04f8927dc7d6dfe1206edc8e69b6cbb45d59ddf3cb20556881fea84940c6e01,183.69701393890455,369.373081528159,468695.4796871418,684.6133797167141,225.8050018984862,-143.56807962967278,143.56807962967278,-0.20970679785586394,5.0
5,1,1055,1052,25,cd4d6a8eeb339b721292543e5a0b378b16026632ffe6dd2bd3001df6326c9ff4,183.69701393890455,369.373081528159,468695.4796871418,684.6133797167141,189.0523589293162,-180.3207225988428,180.3207225988428,-0.2633905908667132,5.0
5,1,1057,1052,25,5791ea526ccd7cda3b8d156ace7ccb6eb34b1b286b3bdaa6b585afc21670a3a0,158.13713842801553,329.4738543430444,333542.7907987983,577.5316361887012,266.65884775103945,-62.81500659200498,62.81500659200498,-0.10876461592050511,5.0
5,1,1059,1052,25,aa756c8b9d56d27271e1f752f293c51941c2996a1272b9ed9d9b932fa58c1949,157.863238539442,329.4029808247699,332635.1888008822,576.7453413777022,263.72999727653735,-65.67298354823254,65.67298354823254,-0.11386825143893838,5.0
5,1,1061,1052,25,cc08793f276beead8370a5ce7590486c22dbe5a13d9629b0ef07852a65321e10,157.0336038181079,332.2800346130839,333499.6386193047,577.494275832501,314.8842352799695,-17.395799333114383,17.395799333114383,-0.03012289482529856,5.0
5,1,1063,1052,25,f21734476ff36ad7f493e6679e623a9f64e25f9bebb3d82639ca6436abc6e50b,152.82919672943086,341.3251207810143,331293.5204107894,575.5810285361996,270.9482691870795,-70.37685159393476,70.37685159393476,-0.12227097160049742,5.0
5,1,1065,1052,25,ac2612884c0992777504ce45e7972d8c6f63944b5265aa62bd9d6be56d9449ad,147.85887081506027,287.4614614882034,257657.61705001246,507.5998591903001,231.6078445896958,-55.853616898507596,55.853616898507596,-0.11003473678578775,5.0
5,1,1067,1052,25,5f84af3ab8af291dbe14c060c77b87e4e1f6e899b97e41e0990a39e2d2897f70,147.29870319734687,280.61356449989887,248964.0142714807,498.9629387754973,284.3618298058558,3.74826530595692,3.74826530595692,0.007512111651329297,5.0
5,1,1069,1068,26,227bdef6d5cbedc7045b401a092b6d9a1ff4f6348159edb6a49a94445d2c6430,111.55603149057468,278.4526564791759,162871.99658466617,403.57402863002244,159.80562649977327,-118.64702997940265,118.64702997940265,-0.29399074658536223,5.0
5,1,1071,1068,26,d4c147d0fa2697445a0bfd069c27b3142e73cbf31c2e74e28957ee836dac731c,104.25285428178537,261.2564060394818,134659.84541552007,366.9602777079831,161.02047239168726,-100.23593364779455,100.23593364779455,-0.27315199964929054,5.0
5,1,1073,1068,26,7aa5738004eff54a95ee34fc07b7ddfbe76699dd1e3d02eae5d3ecbb91e95af7,103.53097270042332,282.6775319798421,149683.9582111339,386.89011128631074,134.59280637924118,-148.08472560060093,148.08472560060093,-0.38275655355536764,5.0
5,1,1078,1068,26,60474ef9eb593c69d0452e436ff2ef1eb0f12928da30b8f4606a00367023cf39,101.35975111927544,246.9255627520874,118712.22030958917,344.54639790540426,184.79749457860234,-62.12806817348505,62.12806817348505,-0.18031843766522965,5.0
5,1,1080,1068,26,5fcc75159c72943968be7e58ab120eb90981ecded57a3fe0f4c3137871dedc05,99.1561410514074,262.7036952937069,126187.42877054107,355.22869924956944,209.7373254920497,-52.96636980165721,52.96636980165721,-0.14910498479866674,5.0
5,1,1082,1068,26,3f15d1a708faf2019db30c63d9722a30c1673583923939b828c6654c11a32d11,86.09714134098226,382.99362249069907,187866.7950073141,433.4360333513056,507.2490300438621,124.25540755316302,124.25540755316302,0.28667530614016207,5.0
5,1,1084,1068,26,a25cc989e86a1f375c6dd79ed6ab91d75bc22a7945e2c2339efd77403279b5ea,82.46857535383863,426.41234921862747,211866.61626829283,460.28970906190466,682.5785194050183,256.1661701863908,256.1661701863908,0.5565324732296781,5.0
5,1,1086,1068,26,63b17c7601b5ed82d3dbae305207efff0c684948424cc7658f536376084a2138,82.24784706664548,261.9969363646424,96326.26365791135,310.3647268262155,172.40273680349793,-89.59419956114448,89.59419956114448,-0.2886739111023771,5.0
5,1,1088,1087,27,b230ac7597eb46936d03ad9cccb12f8f19ed6d5dd1236ee4764bce3f27867c09,187.3720859845944,281.46148449418473,362651.58400106087,602.2055994434633,239.71722517206211,-41.744259322122616,41.744259322122616,-0.06931894914411484,5.0
5,1,1090,1087,27,a25be5a3fa538bfa0016681f0eba4700962c7b60cde53ddadbfd7f62e3fb3542,187.3720859845944,281.46148449418473,362651.58400106087,602.2055994434633,141.762100822757,-139.69938367142774,139.69938367142774,-0.2319795495102219,5.0
5,1,1095,1087,27,61809f354955f8815da347131c18aa3fea8fda050f06bc893084db615835de07,174.06732776338563,252.62908765272664,288096.9242314193,536.7466108243435,157.50240493495056,-95.12668271777608,95.12668271777608,-0.17722828761168904,5.0
5,1,1097,1087,27,b16f1c880c2fc0ee61c3002f90b8b0dc4d064a4d5e69df770a17e26b47734733,174.06732776338563,252.62908765272664,288096.9242314193,536.7466108243435,143.293313925194,-109.33577372753263,109.33577372753263,-0.20370091123558862,5.0
5,1,1099,1087,27,f7c3150c456474a1531dc7ece6a5c7ef1052599d51ae95a24d046400e2609105,174.06732776338563,252.62908765272664,288096.9242314193,536.7466108243435,178.42702920701768,-74.20205844570896,74.20205844570896,-0.13824411174529508,5.0
5,1,1101,1087,27,08f30af68f0ec5153d22ad1d9297eac0498d29878e9863ba34759c55ebf302f4,171.45325513468487,257.28284215822697,286489.40477743006,535.2470502276776,120.70081572291826,-136.5820264353087,136.5820264353087,-0.2551756733217136,5.0
5,1,1110,1087,27,5f94ebf140d855f760546bf6fbd5b8ebe4b074b20ca4ebcf0527119b597ac678,158.33237439107845,221.94228565342266,213811.3537557099,462.3973980849264,122.73260767580283,-99.20967797761983,99.20967797761983,-0.2145550091512376,5.0
5,1,1112,1087,27,4646ab094bb8ea0dc5b716b246be33a9b850b8e95853c15e517bec6380cb145a,158.33237439107845,221.94228565342266,213811.3537557099,462.3973980849264,150.51177498499553,-71.43051066842713,71.43051066842713,-0.15447861723328257,5.0
5,1,1114,1113,28,5f25c9d86f0fdde04b3da814abb194ca370c53f311dd0a47fa345005c76678d1,67.96616454398574,274.19016327422617,80912.23545293034,284.45076103419086,147.07539190186395,-127.11477137236221,127.11477137236221,-0.44687794439433076,5.0
5,1,1116,1113,28,3f39db2eaef0ad62593a4d66399313471f8f031afba755ee9c5f5ac118d50d2f,67.83944282519786,265.51788637704044,76070.12200319469,275.8081253393284,160.56549212908504,-104.9523942479554,104.9523942479554,-0.3805268395150862,5.0
5,1,1119,1113,28,09262f857dd27018fb342d265ba31774f43cc94361ddd57e1ab912c9d9b7e799,67.45501709684773,276.88011264939604,81581.88448542093,285.62542688882047,184.4077094318891,-92.47240321750695,92.47240321750695,-0.32375410069321936,5.0
5,1,1121,1113,28,b97b8e9520439dd1e3a664d0ed039407deb0f1a604387e538269ebc7f3c0d782,65.1708116961903,360.7764602661093,125501.60314585934,354.26205434093464,369.53535799450344,8.758897728394118,8.758897728394118,0.02472434634493688,5.0
5,1,1123,1113,28,1e380658d2e9ea37fed276b675f950006ad5655fc2bfbdc00af47b771d7f0a0a,63.016083218187944,454.07621113235814,179679.06868858798,423.8856787962858,650.3732367332535,196.29702560089538,196.29702560089538,0.4630895437617115,5.0
5,1,1125,1113,28,31b13c78b005268c46056edb0365027f25ae77932c5085b440d1e65417f6a49b,62.515799050200656,1680.9614340049575,1482962.2874171815,1217.769390080561,1933.3965844587847,252.4351504538272,252.4351504538272,0.20729306592041,5.0
5,1,1127,1113,28,8aa9e897caa3075c0db60927326378bc5a26c3ea741ec4e8781c409f1d36d224,59.85623501855943,258.6771527365878,61442.08719691568,247.87514437094268,211.55657387213273,-47.12057886445507,47.12057886445507,-0.19009803901088038,5.0
5,1,1129,1113,28,9cb606772fe0fcec8417e9fd9d6c04417efdc3ce58ee5bf4df288745474468e6,59.56856719040387,263.66571165490757,63426.6442522543,251.84646960450786,189.03537022080084,-74.63034143410673,74.63034143410673,-0.29633268852767314,5.0
5,1,1138,1137,29,bbb1d20c528d0553fa4ec9a3400a0b8b620d7c7fb91da1e63d939335210c9a81,71.66143467664284,254.94072001767415,75794.07446695978,275.30723649580983,257.9573896793404,3.016669661666242,3.016669661666242,0.010957465920850052,5.0
5,1,1140,1137,29,f8f3d2b30ba6317509a5110134a2bba6a404418ab4e66f909b5cd695f4677073,67.97332432610779,282.44935257026395,85253.17764387418,291.98146798020275,176.75687953486587,-105.69247303539808,105.69247303539808,-0.36198349767377824,5.0
5,1,1142,1137,29,129da91a1cf69c9fcdf66a29f3693246c4fb06ff2035e911d22f504b8ec7b6e0,62.419899950651775,261.12966912003054,65942.8739581874,256.7934460966389,212.65023084698302,-48.47943827304752,48.47943827304752,-0.18878767745031658,5.0
5,1,1144,1137,29,b76e54d197ad5796169caa2034583fbbf76b8cc0a0a922cb66705820e07869ae,61.29522301368803,290.5045166272717,79074.08207069921,281.2011416596654,178.05312335274436,-112.45139327452733,112.45139327452733,-0.39989664554998855,5.0
5,1,1146,1137,29,bafbf51db1872e64f7aede4c5bbf12e92a604f407a4e552d398e64d8b9285622,58.90081423977689,281.4831260913133,70941.92813689323,266.3492596890279,270.53838539316195,-10.94474069815135,10.94474069815135,-0.04109168807500992,5.0
5,1,1148,1137,29,dfd50cb519a8340426acb6150e0afc7b19cdcc2c0fdf2ff20d01fcd354f0fb2b,58.13321199059559,283.5598953427407,70830.75215934173,266.1404744854524,167.24138693857674,-116.31850840416394,116.31850840416394,-0.4370568160632105,5.0
5,1,1150,1137,29,7f5e6f644c3c88f4b718e98eaa2783895a9027d47715a2aca474699b002c3f0f,58.13321199059559,283.5598953427407,70830.75215934173,266.1404744854524,129.4393335843327,-154.12056175840797,154.12056175840797,-0.5790947884059342,5.0
5,1,1152,1137,29,d2cb52ede84c763771715dad10ce3924f95bc09c4c514228df914368864b92c3,58.13321199059559,283.5598953427407,70830.75215934173,266.1404744854524,125.92204506228668,-157.637850280454,157.637850280454,-0.5923106982702501,5.0
5,1,1155,1154,30,1642295c2741e86c3cbf1fc8235afcce19d8051db763bf346cb2a0c5f29c924d,108.07185507956527,1562.1398313089107,1849596.7687274942,1359.9988120316482,1531.4715884854095,-30.66824282350126,30.66824282350126,-0.022550198244428752,5.0
5,1,1157,1154,30,072c7c5df2650e2df21cb5af4518290d3cfade107097bcfb09496b027c27c386,62.568831567560466,261.23114597678193,65777.82367233737,256.4718769618559,241.9094316241717,-19.32171435261023,19.32171435261023,-0.0753365810766218,5.0
5,1,1159,1154,30,b3f9d0c57d5321bcd1b58230c9c498e27003162de9bbfdb6fda3c5bca7d9c260,60.37058345541358,345.1250884762943,106261.74913396372,325.9781421107307,152.43941501559632,-192.68567346069798,192.68567346069798,-0.5910999805479138,5.0
5,1,1161,1154,30,9acc18e07bcfc6d409eee20ce94b3b029285a74e3e36e25e2f00ebdc651e3ed2,60.083421635236654,323.4284612619881,93897.28466670263,306.42663831119944,188.3673593511485,-135.0611019108396,135.0611019108396,-0.440761621297672,5.0
5,1,1163,1154,30,83a7803b5b091b7c9d5566ea70e29a7aec2bc3f2cb704bbe8a19bd4f88739529,59.46179481158998,329.077028217995,95828.58372008758,309.56192227095306,165.88877970040446,-163.18824851759055,163.18824851759055,-0.5271586612476042,5.0
5,1,1165,1154,30,0913c06fbb97d81a3da86300f5612fc0e3d9adb91802ee2a221c98b83a2a098e,58.10989560088998,325.23460458237867,91420.2721174244,302.3578544000873,170.72830998006492,-154.50629460231374,154.50629460231374,-0.511004732815266,5.0
5,1,1167,1154,30,c120e204fd8b60c4127c3cf14d9e4b33412e063c3475e050e2cd2c7e0f4910d9,55.00818488928766,1730.7713072869901,1448329.377417377,1203.4655696850562,1814.2782385469686,83.5069312599785,83.5069312599785,0.06938871652292641,5.0
5,1,1169,1154,30,afb8bbe0deecb911cfd3c7fa8ab01e4a151783674e17cfef13f552d3c217f89c,54.29027760352264,312.4034735492164,78562.2933982748,280.28965981333454,175.00487875312265,-137.39859479609376,137.39859479609376,-0.4902021533280877,5.0
5,1,1171,1170,31,1b6eaeb34578ac0c88e0ed6c5e836873270bce3372cbea321842de12e50b269a,62.80267541211181,454.68892965037,179713.3957464602,423.92616780102196,524.10690203002,69.41797237965,69.41797237965,0.16375014720070943,5.0
5,1,1173,1170,31,bb2f12a87de75397e6b60e090bdc076feabb998e4aa10b7111c23c3931a9033e,60.5789187692039,392.5710530627497,134967.3520899184,367.3790305528044,431.80781818640355,39.23676512365387,39.23676512365387,0.10680186363553011,5.0
5,1,1175,1170,31,8752bb1c71fecbce9f98569b424261078ae2ba309fcd42744f3207bb79207e71,58.19265820313676,425.79489826393825,149525.77663668088,386.6856302433294,356.3774127189559,-69.41748554498236,69.41748554498236,-0.17951917556724326,5.0
5,1,1177,1170,31,c0bc03f89225e7225b116bbea9ce4bac9fe2a13c58c67faf1835d015c0577dea,58.14380015332959,411.86244987588213,140986.17273991118,375.4812548449139,492.11211962844385,80.24966975256172,80.24966975256172,0.2137248363722111,5.0
5,1,1179,1170,31,08f7322a4bc0f406ecca7ef117e754ceff16c9690efd94e840a9803afc250e3c,57.33563743976956,229.19237944296913,45196.44805952856,212.5945626292652,203.41970657050007,-25.77267287246906,25.77267287246906,-0.12122921938230824,5.0
5,1,1184,1170,31,bfc8487702cb7cc96af3e3356a1279ad917e053838732fd28df63f9eb9afc53e,56.91999005751623,406.22195966036065,134828.02267343088,367.1893553378568,540.461220465766,134.23926080540537,134.23926080540537,0.36558592686296604,5.0
5,1,1186,1170,31,af134675ec48130e59a62606413d55527ff61e6baba540d7b55cb66c68cca6b2,56.38937316941373,229.6232463453971,44331.52647519222,210.5505318805731,280.9461112860477,51.32286494065062,51.32286494065062,0.24375557013440172,5.0
5,1,1188,1170,31,bab0f3b4db2656bc67373d1620e55f85f40bbb8c3739ab584b1643c8014c7463,54.56641315419692,484.93222322677923,176761.13983173735,420.42970855035605,581.694933147623,96.7627099208438,96.7627099208438,0.23015193254178484,5.0
5,1,1190,1189,32,142be49c872f986e4d5f884ec38597ab8d780dedd82fe832eba1f31caec65ccf,83.23462472839458,1588.9620310160376,1608200.5882518096,1268.1484882504137,1481.2270162216341,-107.73501479440347,107.73501479440347,-0.08495457416271404,5.0
5,1,1192,1189,32,029604af94e1e9ea6b93d22565e20fa0271f6bd7f44c7ac20555e01c857cbef8,82.84066538561754,1580.0907025093861,1589696.7759950322,1260.8317794198526,1507.7763798145334,-72.31432269485276,72.31432269485276,-0.057354457490060094,5.0
5,1,1194,1189,32,616a9230e9367d9a6b940ea20e8d09ea4f8e437b260a7636e1194d88ece009e7,47.12710463959235,268.3207892133325,50041.59668574305,223.6997914298157,344.13888447983095,75.81809526649846,75.81809526649846,0.33892787642712613,5.0
5,1,1196,1189,32,1fcabaac6a6deff3b8605f1409150f54e9f730dfe69e2aed738c7451754e6d89,46.95690620817007,257.2557946180136,45444.93578319499,213.1781784873747,214.49506052768592,-42.7607340903277,42.7607340903277,-0.20058682550784704,5.0
5,1,1198,1189,32,54b90f3ca5328411785338d0dcfe7a47a7d1af86af8840d525bf6623f8caf409,46.95690620817007,257.2557946180136,45444.93578319499,213.1781784873747,280.9395952465558,23.6838006285422,23.6838006285422,0.11109861617447328,5.0
5,1,1200,1189,32,78677339edd07a9faaef3728d5f5722bbeb9f495b1c164682bac91e5f29d291a,46.95690620817007,257.2557946180136,45444.93578319499,213.1781784873747,271.34138846349236,14.08559384547874,14.08559384547874,0.06607427620136527,5.0
5,1,1202,1189,32,4c4aef0ffe4e43183376b18c8d3bb0047a957479c6f97948d7e7874d4e73cc50,46.904780578783516,240.3020516739631,38897.55328845946,197.22462647564947,314.31557168093593,74.01352000697284,74.01352000697284,0.37527524493048536,5.0
5,1,1204,1189,32,fe97c82cf9d9a7b4b8dcaaa4b86bfa88085b36a3c9c8f88b397953b27fa6466f,46.866632368003515,267.46103811771695,49373.11933672149,222.20062856959134,377.90227491109056,110.4412367933736,110.4412367933736,0.49703386306481284,5.0
5,1,1206,1205,33,e3ea935f70fcd48c4e21db42a6f65aa7d67b3f87f309727748c56fec632f528d,71.60853029448064,222.0613039781057,59163.76009091092,243.23601725671904,339.3775157292684,117.31621175116268,117.31621175116268,0.4823143096745554,5.0
5,1,1208,1205,33,55a7c92db1fe40066e04af0e7220c9adf93d7ce5ab8e7f55cefe1a1faf8d7ecf,71.45974651776348,228.74616363318913,62418.53352137623,249.83701391382388,239.33414743500526,10.587983801816137,10.587983801816137,0.04237956432455698,5.0
5,1,1210,1205,33,fa0c3ccea9ae7ecf54b1d07709cc7401bbd460aafd54273a019b22307bf2380e,71.35837740226415,216.00920089599384,55780.721016824136,236.17942547314348,181.93468105624422,-34.07451983974963,34.07451983974963,-0.14427387047575116,5.0
5,1,1212,1205,33,cc38dd5767d92eebd134fc2094af3b0c2f66e07cab11c0178ed089b1d9b39797,41.97896862060327,226.50940746736927,29018.437203317946,170.34798855084244,277.1966686932727,50.687261225903455,50.687261225903455,0.29755127522844343,5.0
5,1,1214,1205,33,9321b9b8cc2273c2e87cf1eeb87f31570601da145978b3205ef2d76f5ec62c2b,41.97896862060327,226.50940746736927,29018.437203317946,170.34798855084244,293.6265461353341,67.11713866796481,67.11713866796481,0.394000183030825,5.0
5,1,1216,1205,33,e3d9f2530bf85f57b97095b7a207ce21b5af11b1cb0de00057cbf3cad034206f,39.74234841675143,240.5490509737219,31525.33269974565,177.55374594681368,341.8041505197082,101.25509954598627,101.25509954598627,0.5702785880750569,5.0
5,1,1218,1205,33,6f46dd3fb67b2d5319db56ade36873a91d7e567c4737fdc55c99bb6336ba3ea6,39.63892056954189,233.8993310815884,29269.41671557571,171.08306963453663,177.69352383324593,-56.20580724834247,56.20580724834247,-0.3285293358858238,5.0
5,1,1220,1205,33,c35d7f88542a832f8083fe70508230a9aaab928d880a54dd59afef7f7d08e42b,39.25175752542614,247.67304860863857,33388.16461190689,182.72428577478937,255.64324381857207,7.970195209933507,7.970195209933507,0.04361869674924822,5.0
5,1,1222,1221,34,b16980b64e19997e638f671ad0cd2f9eda7eae1bfab87a7914a7d66a993adf02,38.767195812801056,232.00849593209202,27923.57113621093,167.10347433913793,271.71719129928437,39.70869536719235,39.70869536719235,0.23762938217911142,5.0
5,1,1224,1221,34,7464d57e62b9abd46266e9a62b13477f9967709fe082837d1e485e973011eef7,38.767195812801056,232.00849593209202,27923.57113621093,167.10347433913793,134.84751026654484,-97.16098566554717,97.16098566554717,-0.5814420439179985,5.0
5,1,1226,1221,34,102d88b2e19cb3530bde66770a936e9e98d35ab8624c9fa7ed1a004a7233715e,38.767195812801056,232.00849593209202,27923.57113621093,167.10347433913793,203.87868034189398,-28.129815590198035,28.129815590198035,-0.16833770633103853,5.0
5,1,1228,1221,34,def5eb04ef9a047664a83b5bf2f15bc550fbef66110978815e011f7c4c91fedc,38.767195812801056,232.00849593209202,27923.57113621093,167.10347433913793,138.9865928924445,-93.02190303964753,93.02190303964753,-0.5566724654142067,5.0
5,1,1230,1221,34,542366ef8b929f3cccc7684b9221b62ab46a4c8ea9af40053386645e9fa675bd,38.51514901343535,248.3934206820144,32936.696272986315,181.4846998316561,277.565344271997,29.171923589982583,29.171923589982583,0.16074040190188071,5.0
5,1,1232,1221,34,6d326ea1139a544f9a13421d0d8527dd81ac7916c45a0e82d1f9ba72df3d3bc7,37.613103813649374,255.22775299223343,34252.18091009566,185.0734473394162,297.2474306973544,42.019677705120955,42.019677705120955,0.2270432539577587,5.0
5,1,1234,1221,34,72420a63e3a40c86a88a3d15d2805d5592238e2fd60f1c700627ba0d3843f82c,36.584703301936806,248.4506909533749,31030.12851594779,176.15370707409988,301.383099304546,52.93240835117112,52.93240835117112,0.3004898916427847,5.0
5,1,1236,1221,34,3339c5e7853eab29e6a0d6b409d81f7d25790a50fe38ea5de3866a461065195d,36.563580291783836,237.0712341266842,27485.748813496375,165.78826500538685,199.58398285586424,-37.48725127081997,37.48725127081997,-0.2261152275741707,5.0
5,1,1238,1237,35,e9f1a4362be4d29972bd293a91d59df5b1f7dfc367d0d10d306ed61597d05cbe,41.72958509068566,248.0141391746957,36264.83029203965,190.43326991899198,299.2042715920342,51.1901324173385,51.1901324173385,0.26880876665676207,5.0
5,1,1240,1237,35,45abf0e5d72eedbc7e60f8ab5d61fd284d16829dd36bd867cd80b2dea0286e2b,40.83535451905406,228.77707124326534,28915.54003948083,170.04569985589413,142.78680689936937,-85.99026434389597,85.99026434389597,-0.5056891436641371,5.0
5,1,1242,1237,35,539a330a37b4c875549f38dadc94a91a35f6df9c842a4f4e39f39d21d2629def,40.83535451905406,228.77707124326534,28915.54003948083,170.04569985589413,164.69788590633507,-64.07918533693027,64.07918533693027,-0.3768350825174316,5.0
5,1,1244,1237,35,39a2945d5c0950f5f4f7bc13172dc90813907189372cd280049103299d127f39,40.76400211087622,262.31701429845407,40249.09855612531,200.62177986481257,321.6822216756416,59.36520737718752,59.36520737718752,0.29590609462836137,5.0
5,1,1246,1237,35,be46f31a7681ba559d5ff6e90be0ae140d16dc496f7ef89e38c11b8133609061,38.338767889018726,244.22519677856977,31549.08009846576,177.62060718977898,236.74327840901384,-7.4819183695559275,7.4819183695559275,-0.04212303115010671,5.0
5,1,1248,1237,35,e132434c5ec4715c4e37c0d2e44bc05c768ecb7483f7bf63c87cb249d78cce42,38.31772286577004,249.6754891866389,33301.89014696431,182.48805480623741,226.51276252919976,-23.16272665743915,23.16272665743915,-0.12692735796889787,5.0
5,1,1250,1237,35,2e74f5323b8985d32d6f2a0657e3ed700c27a483b06d0b8f0936386ac7f87c80,38.11094532199226,247.02752837631252,32230.205079139225,179.52772788385425,249.0760166447572,2.048488268444686,2.048488268444686,0.01141042830871206,5.0
5,1,1252,1237,35,72c40813d65d117be5544e61814b3b3184e9bd01db9fee5e76d563e6187d69af,37.53087806438941,233.1960263082354,27312.607006648144,165.26526255280675,293.51302890681256,60.317002598577176,60.317002598577176,0.3649708454570376,5.0
5,1,1254,1253,36,dda00839c834864759bed90f5ea0eeb09ddc36ebd5f4c269f9b307813043dcd3,88.37083370484667,281.1527434095035,119166.74565597014,345.2053673626326,414.7405011822479,133.5877577727444,133.5877577727444,0.3869805350749736,5.0
5,1,1256,1253,36,3cddcc64c84b97f279336f3d669ee792aa2253ead19ca29f47c31fe49e9ef8f5,88.37083370484667,281.1527434095035,119166.74565597014,345.2053673626326,344.69452583187757,63.54178242237407,63.54178242237407,0.18406950884869777,5.0
5,1,1258,1253,36,eb0158db38da2b8ddf16e356fbf455d7c1c8429420d1d204c50c13cc325c238a,88.37083370484667,281.1527434095035,119166.74565597014,345.2053673626326,402.3591008822123,121.20635747270882,121.20635747270882,0.3511137685915049,5.0
5,1,1260,1253,36,e2ff096755d4c02a1beb7d0c2a4c0df38b787de837a79c3dafac2a31bbe6a9be,87.81584583196188,282.36411801480176,118972.81458682702,344.92436067466593,354.186620512394,71.82250249759221,71.82250249759221,0.20822681922815967,5.0
5,1,1262,1253,36,02139e8a92f7c523dc137bc5e2a7215a4129ce0af30c59dc0829309b89a1d373,87.633866156538,284.1484641465369,119845.8372543041,346.1875752454211,367.17302385002677,83.02455970348984,83.02455970348984,0.23982535954570766,5.0
5,1,1264,1253,36,d5481543575aec83fe0b789e6286b426adb9d40e5393d6a9f8525fc50cdfc1dd,80.86023528594384,255.14832728749843,89754.72147196805,299.5909235473733,329.21130176361163,74.0629744761132,74.0629744761132,0.24721367923685403,5.0
5,1,1266,1253,36,28149bebbed3735ea803ccdb3c4ab22113ac6d5a774fb820077c9aa085642248,80.85392864972309,255.69437091280136,90074.63265282135,300.12436197819954,400.06829077017426,144.3739198573729,144.3739198573729,0.481046986341815,5.0
5,1,1268,1253,36,d62dfa12deee68caaa3140296b100208f970a6b533b5e85c727852b295ba8635,80.4213303864818,256.1297222676059,89658.31108033721,299.42997692338224,328.7787881913811,72.6490659237752,72.6490659237752,0.24262455840339775,5.0
5,1,1270,1269,37,08d06786acf1410ea818ae60976951ae4cb056120137a9d25fce2cfe2dd6d308,41.66928842285015,289.02211752748553,50199.98383328155,224.05352894628004,198.58043062807334,-90.44168689941219,90.44168689941219,-0.4036610685167867,5.0
5,1,1272,1269,37,ba948fd38816f68117ceaa966bed1923199c3c36fdcefabcdac52476dc3bf3a4,39.88072783300848,279.42323700969956,44373.55378578578,210.6503116204336,203.2340890783252,-76.18914793137435,76.18914793137435,-0.3616854271198895,5.0
5,1,1274,1269,37,ea4345d5028af0b7df1e821dd34a79563cbc76df622d30b9c483c9b45a9db72f,39.88072783300848,279.42323700969956,44373.55378578578,210.6503116204336,234.13786008237588,-45.28537692732368,45.28537692732368,-0.21497892207689898,5.0
5,1,1276,1269,37,da5d2cefaaee832b06f344b69fa5500b8c27db3847e6c2468f7c65467dbf0ae3,39.88072783300848,279.42323700969956,44373.55378578578,210.6503116204336,196.3082267183246,-83.11501029137497,83.11501029137497,-0.39456390855541756,5.0
5,1,1278,1269,37,db6cc6bb575bacd89343c3b4a8c2f60cad09a926b5bd3eb8a33372f95b40cdc2,39.88072783300848,279.42323700969956,44373.55378578578,210.6503116204336,186.85219212252684,-92.57104488717272,92.57104488717272,-0.43945363372627977,5.0
5,1,1280,1269,37,df5439f557bda1704be104524bd98062406edc6d770f0447ef79092e7246e16b,39.527994597357676,304.80318706422327,53373.169687286245,231.02633981277165,162.45769721088988,-142.3454898533334,142.3454898533334,-0.6161439858705852,5.0
5,1,1282,1269,37,bccdcd11bff2e888df2e58b5185b4ddc3f4fbd70580d417bd0a937f15faadccb,39.323467607939165,213.87788277817904,22155.032155079713,148.8456655569107,163.29818893586747,-50.57969384231157,50.57969384231157,-0.3398130113703081,5.0
5,1,1284,1269,37,5076779d553a1fef8a6d0774e9dd7e2178b8ed640b8ed0c28731965454f03f8c,38.78827233826088,216.69255053115646,22568.18272912804,150.22710384324142,143.85536890367064,-72.83718162748582,72.83718162748582,-0.484847139857597,5.0
5,1,1286,1285,38,900e2654584f71a3572fd4a772ccceae65752b9e1c39fa11f072cfd58dd909fc,51.420013773317585,271.95367446103154,56556.307967062174,237.8157016831777,252.99131959953692,-18.962354861494617,18.962354861494617,-0.07973550412056729,5.0
5,1,1288,1285,38,70fbd2d8bbbe594d7be145bacf89c1ce7937a7bbac39105bade060c26e04072a,50.964990695868984,197.07668477551942,26537.862956900488,162.90445959795113,136.58679445584616,-60.489890319673265,60.489890319673265,-0.37132126688835015,5.0
5,1,1290,1285,38,1688f1303820a0a04eb0dca05d7d6cafcf7219d2fcebd299894cb61db2bcccda,50.57687985238113,191.60575391589688,24308.38169143896,155.91145465115434,136.30797280687275,-55.29778110902413,55.29778110902413,-0.3546742683707923,5.0
5,1,1292,1285,38,b9eadcd8ba55ee2491fb5a4e9469762a9fba53250c088809a7af156496d36d25,49.84386808685391,264.80444326170766,51502.7890805148,226.94225935359592,273.95260528410324,9.148162022395582,9.148162022395582,0.04031052677651342,5.0
5,1,1294,1285,38,0a221a77fa4b65430038907303072d671a00e37c04529f92d3d1da82811706f0,49.84386808685391,264.80444326170766,51502.7890805148,226.94225935359592,194.1998810719962,-70.60456218971146,70.60456218971146,-0.31111244944337746,5.0
5,1,1296,1285,38,ad8e3edd7b76dd21c5678a803140cb4f999986a9c8c21ae06e611a9b1c12e455,49.7648411784292,266.2771478254965,52016.72136343008,228.07174608756358,162.82641462557243,-103.45073319992409,103.45073319992409,-0.4535885526136422,5.0
5,1,1298,1285,38,6fdd6bf85e3ad371ef21fc481dc6c2978b17c2413176d8e4da01090f4ed4ad27,49.554654512176974,267.55218544696,52282.969645575744,228.6546952187419,189.7352886970597,-77.81689674990028,77.81689674990028,-0.3403249457679273,5.0
5,1,1300,1285,38,80a9f0d1626cdf4cae48d10d1a36af9e1697747fc431aaac7c106aec80d48c1c,48.48249818509817,230.98015782327332,36600.11494253052,191.3115651039699,333.90037304656676,102.92021522329344,102.92021522329344,0.5379717382342284,5.0
5,1,1302,1301,39,9ad1847be579736caa1f1a4a40bd41a71eadee8482e53882a7bdbc0d3cbef5e1,51.10835977170211,2217.7952629242836,2093634.398281194,1446.9396664274548,2041.9016182947641,-175.89364462951949,175.89364462951949,-0.12156252863245301,5.0
5,1,1304,1301,39,f91b3cd6165a874991bcdf62aa0aeded79d4c2f92e4f04769fcd1561f609d9f6,50.61217785339713,2279.3496865504003,2179636.409665534,1476.359173665248,2184.5898799087063,-94.75980664169401,94.75980664169401,-0.06418479211020231,5.0
5,1,1306,1301,39,8fb4f8b64cdaef1b88449ec9e5eddb5d9c64a08d3172c94ffb1345b3ac7b82c7,38.84230254166508,288.8386982762203,46743.770319425144,216.20307657252508,142.4450964253358,-146.39360185088452,146.39360185088452,-0.6771115572066199,5.0
5,1,1308,1301,39,6a7d0d62eb078b54566fdda8bcda7ba03c6b9c7be84d37d4792d9eccd342caab,38.834079331776955,288.8973187424796,46754.71182186004,216.22837885407188,113.52208950302817,-175.37522923945147,175.37522923945147,-0.8110648110524319,5.0
5,1,1310,1301,39,73314ed568aa3b83b1d23c98d270bcacf8ef3415941cf77c9a6a78d4c4b714f0,32.73493672939708,264.6561726985234,31639.39209783548,177.87465276940242,265.4607228163517,0.8045501178282848,0.8045501178282848,0.004523129660701616,5.0
5,1,1312,1301,39,03c010915ea0f5003b7bee43d98c68168a94a457ac7ae869137729602d846caa,32.55646915107108,259.95170253838916,30045.519496913614,173.3364344184846,377.58249443468424,117.63079189629508,117.63079189629508,0.6786270427849007,5.0
5,1,1314,1301,39,96f541afe79e29089456bea5abfd18ae88c5b25abba4ad8ce9470bc158fc99c5,32.55646915107108,259.95170253838916,30045.519496913614,173.3364344184846,368.7907256261267,108.83902308773753,108.83902308773753,0.6279062070987825,5.0
5,1,1316,1301,39,c42eebf2cdcd1c2b0006348a90e6220e7b052a0894031ac4c4a1a28c2abef04f,32.462070965158354,263.133828890844,30900.19766496436,175.78452054991746,418.66533050826104,155.53150161741706,155.53150161741706,0.8847849692956943,5.0
5,1,1318,1317,40,f0be6e8951de2903894a69f69e7d0537dcd52bb65baf01fdd98fbc81c2efcd51,63.45984989991007,1743.9312785036052,1585924.2283202023,1259.3348356653214,1516.7630160745948,-227.16826242901038,227.16826242901038,-0.18038749980976643,5.0
5,1,1320,1317,40,df52bf52722cbd73bcc939580dd358506d84eff49e1407cebe8be8e910d946ef,42.36849734718078,218.6425047811402,26366.211823119782,162.37675887613898,326.456432714366,107.81392793322578,107.81392793322578,0.6639738881317755,5.0
5,1,1322,1317,40,698827f26a525cf70750b6a22b2b2bccd4dcbf99a2bd869aef034e90185a2697,42.263204660609574,214.50570728503658,24956.14968560149,157.97515527956125,246.64917255941063,32.14346527437405,32.14346527437405,0.20347164854809774,5.0
5,1,1324,1317,40,01be9bab1081ccd1adb49d4d7f8344fec47e2c7639dba4c824e6a8d043506507,42.263204660609574,214.50570728503658,24956.14968560149,157.97515527956125,145.96673371864088,-68.5389735663957,68.5389735663957,-0.4338591941568627,5.0
5,1,1326,1317,40,31161f94ce317236225f7a5a08b606c761d2b6dfcc6085f0e0ae22f1d525e1b8,41.482964115319845,226.95630424876984,28277.62585870048,168.1595250311456,392.91296594985806,165.95666170108822,165.95666170108822,0.9869001572783381,5.0
5,1,1328,1317,40,f9398c1e8c51ba4b4ad7b7b1c4eb8a8d38a85fc9c140ed88c3ab8e6a68580904,41.482964115319845,226.95630424876984,28277.62585870048,168.1595250311456,164.24815432182467,-62.70814992694517,62.70814992694517,-0.3729087003268516,5.0
5,1,1330,1317,40,fd93ef78422e601a8ebe7303bd666a235c88e8fbc9f357dabcaa702e1d530c57,40.378100973337794,209.59432209319073,21932.11983579035,148.09496897528405,256.2734307616648,46.6791086684741,46.6791086684741,0.31519712648891196,5.0
5,1,1332,1317,40,33413229de85126b19d705b0fbfdea7d0d5751d4690f33e9673652e90092ae3d,40.165902038458505,204.95836187385908,20395.308862355778,142.81214536010506,148.03394185605674,-56.92442001780233,56.92442001780233,-0.39859649103558886,5.0
5,1,1337,1336,41,bbdd97bea71389d17d6c88b6167bad76faf114bb9ede71afca12dafad3353ba7,72.51554329649473,237.36056691567552,68630.47345486288,261.9741847107514,152.86724694666236,-84.49331996901316,84.49331996901316,-0.32252536662077286,5.0
5,1,1339,1336,41,a9b7c0653a932ff43c38dc86ba609326af1fce38a4514c4dfd25313f5e680793,69.63940588293151,199.1656797113286,45812.86272423717,214.03939526226748,118.46340644142845,-80.70227326990016,80.70227326990016,-0.3770440164578758,5.0
5,1,1344,1336,41,3d1208e51d8481389c46b011de02c0b9827a80da117adc041e95f81b3db87812,69.63940588293151,199.1656797113286,45812.86272423717,214.03939526226748,145.4888661765089,-53.6768135348197,53.6768135348197,-0.25078006536622965,5.0
5,1,1346,1336,41,33354b90f81a3299f50bdddfacab3b2319a1cacaecce39a44131d6a34a57a685,66.76753047252785,256.07704288015424,70501.514536528,265.52121296899804,127.7375908398869,-128.33945204026733,128.33945204026733,-0.48334914790876654,5.0
5,1,1348,1336,41,ba904c85d758f197645e74d4e6acbbe089f4ae9039ddb19b3f1a0246cee5a4bd,46.86193032064551,256.21647768897947,44938.496305572626,211.98701919120572,179.60749945110746,-76.60897823787201,76.60897823787201,-0.3613852325965916,5.0
5,1,1350,1336,41,de2e40fddc3a4bd9389056eb9f33dec67cdfdaf6dc062dbf8036cbd764975a75,44.5837819961925,221.192225541771,29785.416252294206,172.5845191559608,125.32592903195005,-95.86629650982094,95.86629650982094,-0.5554744827558299,5.0
5,1,1352,1336,41,953a7f20b74b33dd5a4959557e372f382ee031f79c061241745e697b8ea61df9,43.738123025240384,237.18819379174144,34507.39931861688,185.76167343835186,283.0601130822692,45.87191929052776,45.87191929052776,0.24693963206436728,5.0
5,1,1354,1336,41,5af7ee4526360a1fbf33cc5b2726faa6ce042fb37b4ae8488987ad4b147afc16,40.1501791616883,223.5241422742327,26598.365392414067,163.09005301493426,207.71660858115766,-15.807533693075044,15.807533693075044,-0.09692518581514924,5.0
5,1,1356,1355,42,2a9aef0a0dc4ba78cf52650a568c7d2caf095f2bb9aea85bc8cf97679ee3a222,59.518122479897315,218.80852354270286,43939.340485554785,209.6171283210291,146.46412898169623,-72.34439456100662,72.34439456100662,-0.3451263507923409,5.0
5,1,1361,1355,42,6e82750afcfbc9a550d3e34be79874d7a6fb0fda257f3000bb8be18d731a735d,59.518122479897315,218.80852354270286,43939.340485554785,209.6171283210291,372.6655691840432,153.85704564134033,153.85704564134033,0.7339908092133957,5.0
5,1,1363,1355,42,ebce95889ab641964c4653933604c5db4afd561c4e70f37e5488e2fb44c7add7,59.518122479897315,218.80852354270286,43939.340485554785,209.6171283210291,125.00806549293826,-93.8004580497646,93.8004580497646,-0.44748470127932005,5.0
5,1,1366,1355,42,2aeed9c57e417efb2f18ef1785606f5cc3e0dcff982a064bc654b1d69bcf5bfa,52.82411670021964,246.52621670663507,48176.721874453506,219.49196312041474,115.40848679398046,-131.11772991265462,131.11772991265462,-0.597369161260463,5.0
5,1,1368,1355,42,b0eff928c7bf3b31593da827f7d1044bc63e8dcfffdd64a09ba623d704db94cc,52.823506979495065,202.0620904785198,30553.490598149103,174.7955680163233,229.5972551336192,27.535164655099408,27.535164655099408,0.15752781931248985,5.0
5,1,1370,1355,42,b29c5f9cf489b62ed18337f0d688a599e6443e002b2e9b6d62fffdd2af85ac86,50.629890810446796,1922.847327599759,1652465.4932364132,1285.48259157268,1980.7444125088778,57.8970849091188,57.8970849091188,0.045039182396306575,5.0
5,1,1372,1355,42,2109ceed8775205949c32b34d236b7cf9163824df6852f458b5ff2fbdbbf1e04,48.7138758291956,209.7639527233835,29682.247699412357,172.28536704959117,173.4111726722332,-36.35278005115032,36.35278005115032,-0.21100329455540132,5.0
5,1,1374,1355,42,8af7b2a8c40293de0acdfc7032ef91527b813ab2e8ed85490ef7f69a6a686e67,48.18728089206596,243.5775887075198,41701.85813967565,204.2103281905096,179.70101551479763,-63.87657319272216,63.87657319272216,-0.312797955709327,5.0
5,1,1376,1375,43,a43f74abfc8a8a71d843a4b7409c46ebfb142e86e46fafe076fb559e12566859,43.63836776246857,254.32504733037206,40851.33011736346,202.11711980276056,224.3365388778725,-29.98850845249956,29.98850845249956,-0.14837193643845883,5.0
5,1,1378,1375,43,5fad0f410169e8489cc3d2a2c4d2e766b8f8dd4842a0b3b961157a5e5bbe6b27,42.98189901341773,256.7635607754184,41008.863728057106,202.5064535466885,186.609242056837,-70.15431871858141,70.15431871858141,-0.34643003958590934,5.0
5,1,1380,1375,43,82b5657a5a9a61932cb4eb86dda8d23e7c428e76646137f06c3a3815f07ebb6a,42.559948442905096,228.62795177812552,30702.51182371062,175.22132240030214,143.47753081129053,-85.15042096683499,85.15042096683499,-0.48595924172004856,5.0
5,1,1389,1375,43,44e78926afb833f9c232c66152fd64b00e64550897a37056042f5734ad615426,42.44912262138314,218.6338623226137,27299.15001501083,165.22454422697263,156.08882388924107,-62.54503843337264,62.54503843337264,-0.37854568596935045,5.0
5,1,1391,1375,43,d4c3e59869e11c39af788a8db15a903544e511d0d2412a9311eb4ec69da97fd8,42.3306027243767,224.79747712490817,29214.057616328257,170.92120294547502,135.4351710382134,-89.36230608669476,89.36230608669476,-0.5228275049948128,5.0
5,1,1393,1375,43,8f87de71d3472a941d9c7739dd71337d0c92749e8920f37ae989507e96997258,41.51595739336867,249.0801513313988,36663.926178549,191.47826555133875,113.57886323784336,-135.50128809355544,135.50128809355544,-0.7076588442212786,5.0
5,1,1426,1375,43,b60b487a937ea35bb0511d0178d32d25143ac2bc1f85597760ca29e7aafa1ad6,41.033095137168345,222.0273098720201,27153.10786683874,164.7820010402797,214.93350128983008,-7.093808582190036,7.093808582190036,-0.043049656742886674,5.0
5,1,1428,1375,43,a795b73249abf5e0c59d92d92824e540f23210236307d12df72a0d786e254321,40.37380694464392,242.81463830253,33343.14450878033,182.60105286876177,142.29109680339545,-100.52354149913455,100.52354149913455,-0.5505091012338379,5.0
5,1,1430,1429,44,ea94037741cfdedc4a007f706674c57cf2aecb9a00a708d735942db7ad11365f,40.946416552489055,214.89872982607253,24528.070412749847,156.6144004003139,191.22191565735173,-23.676814168720796,23.676814168720796,-0.1511790365905161,5.0
5,1,1432,1429,44,b6d23b629990bccfcd0c580841d86911cb0b333bee26e00b101411f96a2bec89,37.648904595264526,218.66996929011668,22976.019930954037,151.57842831667716,168.99942881892426,-49.670540471192425,49.670540471192425,-0.3276887154907088,5.0
5,1,1434,1429,44,8cd0a05f16ba95c59242cdaa1af10354c4240d01d910f62fe3dbfab921108948,37.457859581420834,224.34674674201912,24497.38592655089,156.51640785090518,168.7449201400834,-55.60182660193573,55.60182660193573,-0.3552459921959177,5.0
5,1,1436,1429,44,36d21df3e3e2179f56b554bcec582d9e0b2ffb290062f516cdc70530c92c6f13,35.89308892061442,218.2266383214309,21451.98137519375,146.46494930594744,168.73785284119424,-49.48878548023666,49.48878548023666,-0.3378882504978076,5.0
5,1,1438,1429,44,a9cb8397ab009a06a2e015fdf9252a9ffb1a0500c1f29dbcca11ba704692b929,35.611748129620835,217.1760833150976,20938.50469989865,144.7014329573092,112.55620089251586,-104.61988242258174,104.61988242258174,-0.72300515816901,5.0
5,1,1440,1429,44,a1677aa1e7799e774426fb9031e6c8a29482967e4ef0792f5bbcb85462fb9dcb,35.47357668567108,218.56976662816587,21220.45536268035,145.67242485343735,194.51454026771313,-24.055226360452735,24.055226360452735,-0.1651323260710115,5.0
5,1,1442,1429,44,baf4fdfb133101ad0bfe295ee9a4e8284af4b3346474e7f0e2fe3d91a83899cd,35.23024321254775,212.39089345384215,19332.515077657852,139.04141497287006,155.30214887580487,-57.08874457803728,57.08874457803728,-0.41058805816365224,5.0
5,1,1444,1429,44,1cbf3eb0906240311269d97c4bc3510b4d0d067eddf81ee3f095c54d70cac995,35.21786998953257,216.43766874126766,20431.18878415603,142.9377094546993,119.90452544568765,-96.53314329558,96.53314329558,-0.6753511278713605,5.0
5,1,1461,1460,45,ed88b4c8458c3813d3108d17a79adc70ff2d7100b01f1d5588774fecc5f725c6,49.80154334337453,268.1025692546656,55032.152994747885,234.5893283905896,314.3061263132577,46.20355705859214,46.20355705859214,0.19695506771588323,5.0
5,1,1463,1460,45,59cbcb5d90ab95974f6fc228a471c51279d06d2362a978308b83f4526e197286,48.477390260582595,231.33312548916834,38702.4167513156,196.7292981518401,161.72703451676801,-69.60609097240032,69.60609097240032,-0.3538165978647307,5.0
5,1,1465,1460,45,6e16eb8098b9da0084f00e38ffb14414d88461399c2057a740e539196698bf89,47.19953163003993,211.35016207587537,30149.7934699744,173.63695882494142,227.53133381737604,16.181171741500663,16.181171741500663,0.09318967488836473,5.0
5,1,1467,1460,45,cff2cfd45d48a55279bfc6759e9cf3a25e40c4efcbf2b946a734bd08dbc19621,46.79890800385839,213.77200618729657,30634.688584092975,175.0276794798268,233.1191255453861,19.347119358089543,19.347119358089543,0.11053748421728599,5.0
5,1,1469,1460,45,fdd46ce1fd29adabcc2c26004a5c69a5cfd96263a432910bdb6d112623797b95,46.790116052540796,223.41688249546596,34059.90692542178,184.5532631123649,227.13265930137248,3.715776805906529,3.715776805906529,0.020133899250777187,5.0
5,1,1471,1460,45,fcfdc5545ff4d77275bd4b7580a5a1ace468b886a582fc7e0df4153e5907ab91,46.35577644626079,221.4890440357692,32947.52611237837,181.51453416291042,160.55957174638306,-60.929472289386155,60.929472289386155,-0.3356726918336004,5.0
5,1,1473,1460,45,f2f881dc2026376f139e19ede561f71450676e1025aeb54b1a1e75f0abfa9cf6,44.71513939341992,216.07874371060618,29532.249700579,171.84949723691076,174.8179551413565,-41.260788569249684,41.260788569249684,-0.24009839558836643,5.0
5,1,1475,1460,45,a9c490ff5d76b92ceb693eaf752c7177f7508ca13ecf2708d995bdb0f3f91da1,42.325700395815275,201.38013555903566,22736.8302957423,150.7873678254989,133.78134805939413,-67.59878749964153,67.59878749964153,-0.44830537514171154,5.0
5,1,1477,1476,46,6a98946f2128d042abc60bfcab6444435f720dc04b46e725099ec49d8bad3116,56.743931085328825,1807.7185812203443,1590776.1160403895,1261.2597337742886,1707.3382534335358,-100.3803277868085,100.3803277868085,-0.07958735627468487,5.0
5,1,1479,1476,46,4d53d16bc100046e1aec58460690c28271a4daf64a309e9c6d12be23e043d01b,45.329024831034744,220.4859671673161,31795.730955564024,178.31357479329503,171.18371762458725,-49.302249542728845,49.302249542728845,-0.2764918464557793,5.0
5,1,1481,1476,46,fae576c5c8128b20b50187db72952f5ca195139c14e3fdac38c338776aabacbf,41.8984726638171,1868.4939087888633,1441119.3775187042,1200.4663166947685,2080.4210291852855,211.9271203964222,211.9271203964222,0.1765373317428172,5.0
5,1,1483,1476,46,8a18ea0708c8ca13e6abdbeb112874d4334c2eb3953db2634af5fd882315efc0,41.29612204449154,1915.0242886902229,1490932.6956344661,1221.037548822503,2181.3630650838218,266.3387763935989,266.3387763935989,0.21812496810637838,5.0
5,1,1485,1476,46,809bfa99a04e34ba957d8208bfc7695f1d19a2cddeb0c7efc402ca119885fdcf,39.71245493765983,210.8982266048606,23727.559026236617,154.03752473419138,154.42637248135577,-56.47185412350484,56.47185412350484,-0.366611020405276,5.0
5,1,1487,1476,46,0ec3173b7789524382a9a35ec33c64eed8aa494f154c8471a9e11af4af6c6369,39.07326476827499,216.95063802969355,25041.27254368624,158.24434442875435,210.1724725626936,-6.778165466999951,6.778165466999951,-0.04283354006405995,5.0
5,1,1489,1476,46,598b348b64ac5dd3c49b5efef6bf20f826d0e161811e0a36593df045b7656531,39.04097106639608,220.99573493388368,26257.51569464919,162.04170973749072,155.9121057833084,-65.08362915057529,65.08362915057529,-0.40164738607122485,5.0
5,1,1494,1476,46,fad9746f2c8cda248c3a7dc1c8fcb307f5a87faae2e3bf84e9c9f949e20cac72,38.77228320709881,219.98184996302007,25712.772162053698,160.35202574976626,205.9334433690466,-14.048406593973453,14.048406593973453,-0.08760978558447635,5.0
5,1,1496,1495,47,5aad2e5a192ab0cb5d9fadff9b74f96443ee1b93a15d3e03860d7ef8c2ddf348,63.275269053334526,211.05969896718977,46883.92647360845,216.52696477253926,158.88425129832643,-52.17544766886334,52.17544766886334,-0.24096512747811086,5.0
5,1,1498,1495,47,314f7b067b3c1272306cd8080409fe41c942e7ce8e37c4c0627c47e305834e47,62.612302200220995,210.7030778402668,45986.409558065236,214.44442067366833,149.1276824440619,-61.5753953962049,61.5753953962049,-0.2871391813448367,5.0
5,1,1500,1495,47,5632315704967001f8dc14e4e1581f1d55a9bed442ee1f31449da33e0c6d39ad,62.612302200220995,210.7030778402668,45986.409558065236,214.44442067366833,143.80611679481737,-66.89696104544942,66.89696104544942,-0.31195477520606674,5.0
5,1,1502,1495,47,8706533ec51e3685fbcaa17aa27b01e7fea2dc900eb651e5841860136aea4ef1,62.612302200220995,210.7030778402668,45986.409558065236,214.44442067366833,162.17830448776783,-48.524773352498954,48.524773352498954,-0.22628135159711954,5.0
5,1,1504,1495,47,aff7bc3698e7e617d31d0b6b903210ac16d23f343a355f26a525e239226a486c,62.612302200220995,210.7030778402668,45986.409558065236,214.44442067366833,131.26445133565653,-79.43862650461026,79.43862650461026,-0.3704392320166553,5.0
5,1,1506,1495,47,70cb322ea80eef1bd6f6e7312c6cdccba648c7ecfc3eee438327efdb3c4fc2a7,62.612302200220995,210.7030778402668,45986.409558065236,214.44442067366833,127.15121659269236,-83.55186124757442,83.55186124757442,-0.38962012154524556,5.0
5,1,1508,1495,47,bfc11041e45d3cc6ce211616bc2b8851eaf82a992a2c4dc50043ac2c4a3bc2cf,61.760262518873716,203.52490696066138,41888.14218975854,204.6659282581215,184.1131341780075,-19.411772782653884,19.411772782653884,-0.09484613754650972,5.0
5,1,1510,1495,47,ff1491881987f155ce7b10c87cbb34c9ef55e6e6b69749184090a6b5b35fdd83,61.139822559744275,208.39446753564243,43358.70215822938,208.22752497743755,163.09471946822273,-45.2997480674197,45.2997480674197,-0.2175492796753366,5.0
5,1,1512,1511,48,4fa8a0f083061f35ccac4e150d63a7bf98e9c1e4a2d674abc65dc8c1a5b93b5f,67.99719516893732,219.17403535854456,57007.042344696776,238.76147583874743,150.74715817721204,-68.42687718133251,68.42687718133251,-0.2865909458004274,5.0
5,1,1514,1511,48,447b73a900420f4cc935017275dd9804109347f26c71d260f202dbd42bdc4122,67.25692338841894,211.07928582588423,52167.418346571496,228.4018790346776,158.56043157144026,-52.518854254443966,52.518854254443966,-0.22994055248761847,5.0
5,1,1516,1511,48,a4c2c125010bae201c045a005ab21f18927223aa157093cb2d4f2cc030a4892c,67.25692338841894,211.07928582588423,52167.418346571496,228.4018790346776,175.19871564922911,-35.88057017665511,35.88057017665511,-0.15709402360567915,5.0
5,1,1518,1511,48,3f2a5bff4ad33eb25de6e30803c9730c8aef178c6dc71ae74c96b3aa132dc200,67.25692338841894,211.07928582588423,52167.418346571496,228.4018790346776,173.48469682799444,-37.59458899788979,37.59458899788979,-0.16459842255580528,5.0
5,1,1520,1511,48,773a77f34c3ec7102221df7ad03441f9e39eeba2210fc68aa85b43681c8f166f,64.61668440078331,206.94949799098544,47198.78035817554,217.25280287760512,143.1592478130803,-63.790250177905136,63.790250177905136,-0.29362221952019185,5.0
5,1,1522,1511,48,d091746be6adf4fd6ef051e9fac9ad954487a2beacd1fa4798e16271d997e930,64.61668440078331,206.94949799098544,47198.78035817554,217.25280287760512,206.84387584262424,-0.1056221483611921,0.1056221483611921,-0.0004861716256921989,5.0
5,1,1524,1511,48,85a950b549fcd330df3fe2f0ab25f830a23cf88bd8b38ba0c3403d7037fc6b97,64.61668440078331,206.94949799098544,47198.78035817554,217.25280287760512,164.02381893215758,-42.92567905882785,42.92567905882785,-0.1975840057769525,5.0
5,1,1526,1511,48,0a4787d08f428c4e7c5efd57b5c48966107b74c387842759f7f2235bff013a6d,64.61668440078331,206.94949799098544,47198.78035817554,217.25280287760512,137.5492061605357,-69.40029183044973,69.40029183044973,-0.3194448629026349,5.0
5,1,1529,1528,49,e987d955d95c5a1babb4e9932a65ad9d91844cc4294a97e8bd0ea040a79681d6,82.32633402258938,188.55310075226217,57651.73781920922,240.107762929917,169.6083045945023,-18.944796157759868,18.944796157759868,-0.07890122304496046,5.0
5,1,1531,1528,49,8c6233d16eef315a81c5bcd79448821f2a0955f4026822655005b4353c2b4ac4,82.32633402258938,188.55310075226217,57651.73781920922,240.107762929917,252.05253324219674,63.49943248993458,63.49943248993458,0.26446222194185737,5.0
5,1,1533,1528,49,68d438f5b2bef2faf5689af14ee0736e635b07e92a7f02924f32a1a2ae79da92,37.75154977084835,216.2151595750894,23935.121110849235,154.70979642818108,271.55047829175237,55.33531871666298,55.33531871666298,0.3576717182376397,5.0
5,1,1535,1528,49,15a0d5d755eab81de74b8caddd1209beaa4facfd4a26f4db89d3a4ad8cfe13ac,37.58130120290535,208.75580880789744,21613.7040556092,147.0159993184728,149.94944150953583,-58.80636729836161,58.80636729836161,-0.3999997794183785,5.0
5,1,1537,1528,49,2571e9fc1efda29dd0499ed275b64ac91fa23336fa06f9a6036fbfef1790dfd8,36.39879359739979,201.30882086719114,18637.4051206409,136.5188819198315,217.1123230153864,15.803502148195264,15.803502148195264,0.11576055946221135,5.0
5,1,1539,1528,49,2f7255d8759a307a5a6d7e63deca34fd3ffa3e7928f52193d5d548f923b25727,36.35891951632347,210.43912182925126,21145.905819680265,145.41631895932542,259.15282777632126,48.71370594707,48.71370594707,0.3349947674077472,5.0
5,1,1541,1528,49,eb7d84996237bc9ec93d90abd22124715a80bc136aa67ba78c26c274d89487ad,36.15996910109394,201.43271705168652,18500.468896727205,136.01642877508291,123.10026206344065,-78.33245498824587,78.33245498824587,-0.5759043645953725,5.0
5,1,1543,1528,49,bf60595d3c4f2448a6c71681dd9d3c2e8d624cc18e67627f257698746293574e,36.15996910109394,201.43271705168652,18500.468896727205,136.01642877508291,138.36080181430086,-63.07191523738567,63.07191523738567,-0.4637080667783267,5.0
5,1,1546,1545,50,1c7662fa47f87922ca07d07b11eee8fecadf18ec6df45b3f7898da81dc854395,44.31431287039284,208.42065230876867,26956.50319425472,164.18435733727716,263.742580315561,55.32192800679232,55.32192800679232,0.33695005361044694,5.0
5,1,1548,1545,50,8785ef7401ea218fe6571cde1e2c0c23fe6abf9a8f65ccb576a11e3a4a7a8141,43.26679920887884,193.35987373038722,21299.17521900642,145.9423695127855,258.03934513535165,64.67947140496443,64.67947140496443,0.4431850162560098,5.0
5,1,1550,1545,50,a0561f2cc72a117a1e765c1377dd96fb615cfff7b0ac428303de52d58aad501e,36.50635600430219,197.51021848895522,17624.34891816593,132.75672833482275,185.22170294992853,-12.28851553902669,12.28851553902669,-0.09256416373891124,5.0
5,1,1552,1545,50,52b8dc1c7a51519987c149a385de47a69bb148a4abf20b7b39bb59d1e91e714e,34.90778729049153,197.1061551201531,16429.38574605363,128.1771654627049,160.2382406745294,-36.86791444562368,36.86791444562368,-0.2876324680182678,5.0
5,1,1554,1545,50,419b2b10eed6873c14acd5ab76686d1ed4204cc3823a3f620e0fe065d5695b41,34.896609096617546,196.53103139829645,16272.903642222962,127.56529168321202,143.3431820272195,-53.187849371076936,53.187849371076936,-0.41694608830715835,5.0
5,1,1556,1545,50,9853292de671c058a94b1ba3ce49fd83c578922201655a328b75f5f64a83c495,34.896609096617546,196.53103139829645,16272.903642222962,127.56529168321202,146.38100366785068,-50.15002773044577,50.15002773044577,-0.39313223110080237,5.0
5,1,1558,1545,50,1b58265f3c2fbeacf93bc90afd956e3e210a635a37d13ab441f1f4106dc951cc,33.18981690630406,195.20401510305507,14827.10867065368,121.7666155834746,239.51073026753434,44.30671516447927,44.30671516447927,0.3638658671112175,5.0
5,1,1560,1545,50,5c1c627813a3e73713ac17a54ce77c538c9ed3416872798b135801396c6271f0,27.029197040408462,281.1240328233636,32379.77994933808,179.94382442678625,278.9786030793431,-2.1454297440205323,2.1454297440205323,-0.011922775070802407,5.0
5,1,1562,1561,51,bd52079cf11b175abf74453b431ae41c38c028a2f9e9f947097e8c8be15db34b,36.48976478267508,198.8119513501476,17559.677041306077,132.5129316003011,157.57129773515643,-41.240653614991174,41.240653614991174,-0.3112198418444579,5.0
5,1,1564,1561,51,7feca20143c6d5529cbfe8c339f70d22b0fad643b6d63d76001511315739e3a4,36.436117624731054,210.68445236572862,20793.136296259872,144.19825344386066,253.5003576365384,42.81590527080979,42.81590527080979,0.29692388255922186,5.0
5,1,1566,1561,51,d0a0bd290ef09769feba6a543aa0fb54e03aecf228efe6d6e7b1904196c59871,35.091468722270506,202.7612516350077,17644.618159935388,132.83304618932516,316.0779476156138,113.31669598060611,113.31669598060611,0.8530760923685914,5.0
5,1,1568,1561,51,bcded1b61133e02391f20ccf16a5f15f9debe567d1dbdafdc5db6500568ad569,34.96513126967247,209.7355237965728,19423.14380829582,139.36693943793063,162.69064272100275,-47.04488107557006,47.04488107557006,-0.3375612700207303,5.0
5,1,1570,1561,51,ff95824ea5088ba604bdba86d58d90730711ff4945c1ec7d9099fd6d5bcf1fe2,34.908885661744364,197.9325449799276,16255.871870945119,127.49851713233812,161.85755175580883,-36.07499322411877,36.07499322411877,-0.28294441406463133,5.0
5,1,1572,1561,51,c326a122f367ec17c23703f92a1d306d62e30cf71be4a0792b4a349b003c1f41,34.893959925432824,207.00176010892002,18634.144643274987,136.50693990883755,238.88913803196917,31.887377923049144,31.887377923049144,0.23359528786114656,5.0
5,1,1574,1561,51,36ceced551fecc021a37eb83a1a5dbe3e6a13b8843fd14d8160d695ae043ad31,33.22906140642197,197.16765208406557,14966.887496246463,122.33923122304824,124.20488099281233,-72.96277109125323,72.96277109125323,-0.5963971684457285,5.0
5,1,1576,1561,51,b2484925c14c68fb97c1a6bfaa4b7d36771e6a54feb367f3e7ecd0bb5287d2d5,33.20679822416622,196.60552868468622,14813.888650640956,121.71231922299795,190.47600879572857,-6.129519888957645,6.129519888957645,-0.05036071884989151,5.0
5,1,1578,1577,52,587c299e84344f96a27cf61a353e6740cee03d212ce1d2967002d65ab785ad57,64.96957772763731,202.87841389176006,44458.01880404992,210.85070264063603,176.32107023470328,-26.557343657056776,26.557343657056776,-0.1259533087841773,5.0
5,1,1580,1577,52,20513759215ba367ebe8cfc0265e1de2b0a2c073cae8614269a41909d48d2a9e,64.96957772763731,202.87841389176006,44458.01880404992,210.85070264063603,155.2982534943205,-47.580160397439556,47.580160397439556,-0.22565805947790904,5.0
5,1,1583,1577,52,ccf6dd7c865b2ed52c5d00506a0d4827ac9352d740a386234ef293700c55f2ca,64.96957772763731,202.87841389176006,44458.01880404992,210.85070264063603,192.04640880449853,-10.832005087261535,10.832005087261535,-0.05137286692244556,5.0
5,1,1585,1577,52,ecf9cc7f17b3b35b04a87923d29d4c6437efaa668a4d394e5b591160d9f6848e,64.96703520546788,202.88315815137278,44457.4357301322,210.84931996601793,159.4428250770376,-43.44033307433517,43.44033307433517,-0.20602548341790405,5.0
5,1,1587,1577,52,84fac3facc4944131916eb01bad798f0160ed79a6158f1c050b54ac442571165,63.32169297784822,195.23009148393277,39332.61111761763,198.32450962404425,124.7896567869668,-70.44043469696597,70.44043469696597,-0.3551776572169373,5.0
5,1,1589,1577,52,812e16ffec37bd1349205e401b258ec5abfb5b3bedd31bebaa0933eea38408ae,63.32169297784822,195.23009148393277,39332.61111761763,198.32450962404425,167.46701772863216,-27.76307375530061,27.76307375530061,-0.13998811245231335,5.0
5,1,1591,1577,52,9a27eead2989567b05175bca4cf976e892e946479a158d86e85fc26b9c7746fa,63.32169297784822,195.23009148393277,39332.61111761763,198.32450962404425,181.14984514833702,-14.080246335595746,14.080246335595746,-0.0709959972284167,5.0
5,1,1593,1577,52,22dbbca64ab81c715d96ddb8a4d28833e5f1162711bef6ec7ef24db428db31f0,62.692609409564504,201.94424366509855,41625.62781204173,204.02359621387356,193.01169686365608,-8.93254680144247,8.93254680144247,-0.043781929968917284,5.0
5,1,1595,1594,53,1cdf5012f93eddc892a11566f811487e46b46c2f285acc1cbcf00a819ca84e7b,33.645384730245226,206.94001680128932,17753.98678885789,133.2440872566505,168.71019620967633,-38.22982059161299,38.22982059161299,-0.2869157001914534,5.0
5,1,1598,1594,53,85a0319c0102f8708620f7474a23680e878bc4d38162bab8a995232ccaa1519d,33.50363078906835,201.20928517913674,16185.424014587652,127.22194784936934,129.62745394465898,-71.58183123447776,71.58183123447776,-0.562653162009676,5.0
5,1,1601,1594,53,c6c6c8f7cb8202777ef8366242bed982def2693034b0970ef82f03da356e1304,33.50363078906835,201.20928517913674,16185.424014587652,127.22194784936934,235.6900812168314,34.48079603769466,34.48079603769466,0.271028675637948,5.0
5,1,1603,1594,53,0bf77133fb47d2462dd7b8e4cb3f13e4f0437365746a080bc3b01b454373a5e7,33.3563703816571,202.53944409771418,16423.662661140388,128.15483861774547,136.61029740295024,-65.92914669476394,65.92914669476394,-0.5144491414125568,5.0
5,1,1606,1594,53,5461edfd28ad9152f93f9da1bbdcf90a07a76e822c0211c59c0db0c2af199e8f,32.94708617846662,206.62758807949845,17183.348243754976,131.08527088790325,157.0715470593385,-49.55604102015994,49.55604102015994,-0.37804431180172393,5.0
5,1,1608,1594,53,6abf32f264a9bca2531e188278876e209583bcb7fe02c147befe448bcb035ac6,32.335800038019414,315.9743297376099,49701.21263244225,222.93768777943816,413.585879054214,97.61154931660411,97.61154931660411,0.4378422970510729,5.0
5,1,1610,1594,53,057ea15aea5e20adc42c7e28eb5797d7769268dc78263d7d3e237b4077d450a1,29.484459576016903,205.86320769478505,14668.263306403946,121.1126058938703,134.93821640977956,-70.92499128500549,70.92499128500549,-0.5856119663312035,5.0
5,1,1612,1594,53,7036e97290f51f8462a71bc9c80574c647a80782dbbcc894572fec1b20207b2b,28.47333854356958,216.84058830464733,16557.24167460588,128.67494579212334,105.68350641269876,-111.15708189194856,111.15708189194856,-0.863859558732784,5.0
5,1,1614,1613,54,a7c5823c94a7ab3a210a0d3a2205cf0049c67d97e91e49bff6ee7f1eeb7b5a9a,57.62565255617207,1852.2667560421814,1669350.5730752968,1292.0335030777246,1520.4319787189213,-331.83477732326014,331.83477732326014,-0.25683140300371765,5.0
5,1,1616,1613,54,4f337866ed1cf6f2e85b90ce74d13d209066419e546b17a4544c022906e0ac0e,36.55319889980757,213.6579739618793,22261.41631758093,149.20260157779063,111.53810243317575,-102.11987152870354,102.11987152870354,-0.6844376066422723,5.0
5,1,1618,1613,54,6d025d9a631e8521a6af9beeb9d670e993a49d8e1b0d676f188e2464fe3af552,33.3086390080708,207.01463512994607,17991.381869189103,134.1319569274567,233.57205720381305,26.557422073866974,26.557422073866974,0.19799474101634232,5.0
5,1,1620,1613,54,8b6d72e21ae0b9c8326ef323f88e63af1ef7cdbd441dddc8e7f8b4d2f16d9b3a,33.261461775629215,201.10737974507794,16442.699384518128,128.22908946303147,244.66962833693532,43.56224859185738,43.56224859185738,0.33972204570957676,5.0
5,1,1622,1613,54,61f40c38d64f09d3f728121c06b3cf6a79b3827bc74647cb3c230325fd33b4fa,29.977143378621193,280.14739803526913,35572.30261355308,188.60621043208806,345.8057221422292,65.65832410696004,65.65832410696004,0.34812387119459043,5.0
5,1,1624,1613,54,cbac519b8f38650c7dd4b2894447efdcb622cbc9005cbb44cb0d46c11381757f,29.743215111610283,197.50450162826345,13314.016890465613,115.3863808708186,351.7806992174399,154.27619758917646,154.27619758917646,1.3370399212182342,5.0
5,1,1626,1613,54,bbdce60a9396773684f5e0c7735582ae8e1c1f0a8134ac05e61e95d2d90f0ddc,29.489927429022963,196.67814043887222,12973.775909702885,113.9024842121667,139.9073915890973,-56.77074884977492,56.77074884977492,-0.49841537032702266,5.0
5,1,1628,1613,54,0cc038c855236697de59d2f5c6e9bde91e5a5fdd2d6754f27b4db3a8c5279abc,26.82671570464297,191.30568438182206,10314.30137664633,101.55934903614896,237.3642120997111,46.058527717889035,46.058527717889035,0.45351342003477196,5.0
5,1,1630,1629,55,f5708be8dce3b21bbb62b03333ee1dcd8a2807dfc0a15a65e361f41f7abdcdcc,56.09812488796629,1818.2824929339988,1597178.1657180316,1263.7951438892426,1249.2866655214868,-568.995827412512,568.995827412512,-0.4502278950538348,5.0
5,1,1632,1629,55,12f3142cc375aa497d8dad701eb8ee2ee3a1814d7a522b8a31c8054a8a9aaa1b,34.872779078911016,211.33048076073453,20249.94864872373,142.3023142774696,318.70824202816897,107.37776126743444,107.37776126743444,0.7545749470951176,5.0
5,1,1634,1629,55,d96e4f1948bd7dbb95b4c45e8b09c2b6ea0fea7e8ca99aa66a63992447c30a68,32.87982923754609,222.42282971029115,21714.623749789167,147.35882650791288,307.58732340793415,85.164493697643,85.164493697643,0.5779395487590275,5.0
5,1,1636,1629,55,b932a8bb4a0c38779828bdb521ff0237c9e825113b981c1fd5c72a090814e507,29.365934183883112,209.42084545051605,15795.484113957606,125.68008638586149,285.4318597466055,76.01101429608943,76.01101429608943,0.6047975974707825,5.0
5,1,1638,1629,55,d2cb65a1473b22d1a02b725cc4179b36f48a9adc485342523423a94ebccf7695,28.629526923530452,226.30055296493504,19348.52609427293,139.0989794868134,321.28161027311074,94.9810573081757,94.9810573081757,0.6828307271454851,5.0
5,1,1640,1629,55,c9adb8cf974c4797f0f947ad92c2b1192cab51e9afc6ea72bb7c145157f71403,28.441676166183026,194.072306285786,11747.286215777041,108.38489846734664,101.59811456275709,-92.47419172302891,92.47419172302891,-0.8532018116055975,5.0
5,1,1642,1629,55,1991adfc2f2565f32a67ae150542babb7e7a4baf30a58031b34e756ff017493c,28.08579469533414,218.8584026892071,17133.423650281646,130.89470443941437,346.1758927335643,127.31749004435719,127.31749004435719,0.9726710533449203,5.0
5,1,1644,1629,55,98aabad6c98cc7d9bdb794ea0a084f966d50511ab930ba7b603a6c5ae6cebc78,27.226858993356252,220.7532378172141,16955.951955615827,130.2150220044363,232.87084361471312,12.11760579749901,12.11760579749901,0.09305843220674014,5.0
5,1,1646,1645,56,55c036ace5e87e3f596fdc20b127037edbbe63d5867d09b5c035b213e6793cb4,117.12224415861752,210.6031452248889,124555.57141082674,352.92431399781276,116.36151196258237,-94.24163326230652,94.24163326230652,-0.26703071883817725,5.0
5,1,1648,1645,56,8c766ec0748eb3c8f02bca094cc7cb1ea1e8478b4cf4689a8815296dff7cad42,117.12224415861752,210.6031452248889,124555.57141082674,352.92431399781276,170.9866079812098,-39.61653724367909,39.61653724367909,-0.11225221859870106,5.0
5,1,1650,1645,56,3ca1d5e7c3e11c37149a50f9c4ab91e8d38f8f67a171363665a46bfad5f8f954,117.12224415861752,210.6031452248889,124555.57141082674,352.92431399781276,184.0767676454602,-26.526377579428697,26.526377579428697,-0.0751616608075155,5.0
5,1,1652,1645,56,ee9f41d2a5bf2f22162b4039561893d0e4eb6a90087dca72964a388c318ad117,76.03521100227886,321.8801471130912,127494.09102224211,357.06314710740185,399.6047920689438,77.72464495585263,77.72464495585263,0.21767758892371397,5.0
5,1,1654,1645,56,d1cb172bf794d90fb9f67afa42cde9068feb8d8235233b9d0d78fc3d1d991439,62.396396324870025,363.29228925707133,125384.14071055764,354.09623086183456,241.3924721973111,-121.89981705976024,121.89981705976024,-0.34425618358904403,5.0
5,1,1656,1645,56,3c23478deeab0bed19b14d51942dd33b83d2e5f85fea58470c3000ba69d02a4a,57.58754986843782,390.61692287990826,131082.66089537824,362.0533950888712,503.1512726562192,112.53434977631093,112.53434977631093,0.31082252314934866,5.0
5,1,1658,1645,56,2182e9a3bc59ef5e2026dd66b2d74104d640feea81ba56bad8f3c1940cbf87c0,54.89869375173526,314.5111949179623,84594.7135587538,290.85170372331294,234.4893916525022,-80.02180326546011,80.02180326546011,-0.2751292230407039,5.0
5,1,1660,1645,56,4f7f437c62cf2306e0bceb0d68f5280e7f2aceddd017fc197ce374f20dc30bd1,54.0981202714541,393.69784823013515,125124.53067940079,353.7294597279124,513.5150209889267,119.81717275879157,119.81717275879157,0.33872545659882153,5.0
5,1,1662,1661,57,8086ed6afd40071f908cc3983124b2a0e0562a3105b32f42940913347dda3d4e,35.07045192823574,208.7618571395475,19685.42420849399,140.30475476082052,279.9110228249521,71.14916568540463,71.14916568540463,0.5071044513544364,5.0
5,1,1664,1661,57,2b0e7ed964799d7232ab39f3616658779492685a81213959625014a92e34aef9,34.90556662912303,214.55788818197837,21152.641994154397,145.43947880185215,238.7412395515827,24.18335136960434,24.18335136960434,0.1662777642551368,5.0
5,1,1666,1661,57,859177c8dadf1ae460a6ce628b698fb9b7ef3eaafeb4c895ed911b33ca9da20b,34.823476454694976,207.07499685970689,19045.825084113963,138.0066124651785,246.22843147913616,39.15343461942928,39.15343461942928,0.28370694650090317,5.0
5,1,1668,1661,57,72f6fa0248319b063d2211a33d13462463f03697334760b86d849f9ad688f780,31.679579402067603,223.2171870236894,20953.1329178451,144.7519703418406,177.55143338935542,-45.66575363433398,45.66575363433398,-0.3154758690088399,5.0
5,1,1670,1661,57,881f4326c33772e89df28fa3ee256b3557c46cbe6a3938ad4d4ffb6a4247cba6,31.679579402067603,223.2171870236894,20953.1329178451,144.7519703418406,164.0189694683961,-59.1982175552933,59.1982175552933,-0.4089631209543683,5.0
5,1,1672,1661,57,ed37dcbbcf82730877ab72569959dead320f4c3ab294f0196ccca7ea75e9d027,27.164353641728507,217.7473680796062,16203.915716588472,127.29460207168438,223.5357355377891,5.788367458182904,5.788367458182904,0.045472214563530795,5.0
5,1,1674,1661,57,4d3cd1d489a6fd9d3179a3b6cfa3861477b4b0ada6e0d57007888ae7741b4ff0,27.164353641728507,217.7473680796062,16203.915716588472,127.29460207168438,272.6506653024693,54.9032972228631,54.9032972228631,0.43130891906905044,5.0
5,1,1676,1661,57,29ca574516eb8f01edf034fd82abaa6a61711f054457d668883bc696997fc289,27.150327642125895,216.39953427956286,15884.530942819289,126.0338484012104,251.21569421700758,34.81615993744472,34.81615993744472,0.2762445198579714,5.0
5,1,1678,1677,58,61331d32cfb8c3ea3ac57a2173c9d8e6aab5d32a52c9c50554ac401564da9aa4,35.78881681113099,214.0767558546624,21392.720048893854,146.2625039061408,362.9513785159949,148.87462266133252,148.87462266133252,1.0178591141641329,5.0
5,1,1680,1677,58,1d0ecff4a8eea41cc7b2a4fc61ec659d0be90d54615e5fc97536b7d020aa22b0,35.430178510530666,218.17383684482323,22264.312107837188,149.21230548395528,376.60060301694006,158.42676617211683,158.42676617211683,1.0617540266419405,5.0
5,1,1682,1677,58,9718169ac8c5213062f82465f882313b15eb8218f1335ee337e056033f2fb1fd,35.430178510530666,218.17383684482323,22264.312107837188,149.21230548395528,413.47110600519665,195.29726916037342,195.29726916037342,1.3088549803378893,5.0
5,1,1684,1677,58,f1d1a49479616b1f77bc246a9798dc04167da412b74ca236e27a679fb74e8fd9,35.4199243743751,209.21436464152347,19760.570848724135,140.57229758641685,247.7611543722827,38.54678973075923,38.54678973075923,0.27421327240569987,5.0
5,1,1686,1677,58,36e540294db92b58bc453245474d6a2803db87bf279bd776a70cf226bb9d7ac6,34.90137129385102,202.27517990682375,17520.629629106974,132.36551525645558,124.07846262527235,-78.1967172815514,78.1967172815514,-0.5907635166912379,5.0
5,1,1688,1677,58,b879abc67946ddfaed758da8932461d1f4c92287ca769fcb1ea06ed7518968f8,31.959517308490664,218.87254467627244,19730.996057347198,140.467063959304,336.78307373547796,117.91052905920552,117.91052905920552,0.839417623859259,5.0
5,1,1690,1677,58,cf0c3901edaa1bc7b6904f58a317434152c3d47f6765d2234f027aab6e54b88c,31.557479000616006,220.68800044226592,19895.62892946207,141.0518660970569,197.93167787079858,-22.756322571467337,22.756322571467337,-0.16133301317551416,5.0
5,1,1692,1677,58,1e9708ab94a187e95e7fd7e55f0df39c7b99c7043fb0cdae3f71d6a76923f867,31.557479000616006,220.68800044226592,19895.62892946207,141.0518660970569,246.83642608854507,26.14842564627915,26.14842564627915,0.18538163563384966,5.0
5,1,1694,1693,59,a375ff49fb34e7ce00452dcecbae982592c4e5ecd0dcf1a283bc8f75f18b9a02,36.79671780648721,228.91509906884326,26246.73863912387,162.0084523693868,386.5600642117587,157.64496514291542,157.64496514291542,0.9730662989328334,5.0
5,1,1696,1693,59,7f26184e87459b02119bf96ce9565c718dc98836534555ab8b1bb3c1ec941eca,36.161581397218015,201.29511120395688,17856.48360604038,133.62815424168807,154.65259293209422,-46.642518271862656,46.642518271862656,-0.3490470891897686,5.0
5,1,1698,1693,59,6dd637bfa604e22a2f3d7fc60b4c7ebb379596a41239fd2c3b3fec5ff5bdb45b,35.55043053943892,219.30814279655718,22383.468202634253,149.61105641841533,254.17484899434177,34.866706197784595,34.866706197784595,0.23304899405477977,5.0
5,1,1700,1693,59,57ec709062b9eda4c7f009df33cf30a8e9fee9c9ec3995499e90c59ced180254,31.638307388315734,190.74065192609444,12339.201235713675,111.0819572915137,144.73678784418587,-46.003864081908574,46.003864081908574,-0.4141434415058072,5.0
5,1,1702,1693,59,1f78f37ab66e021316137c44f2375f13af5df731a54222915339a370955a0327,28.899126430622996,198.89995047737352,12580.003891694541,112.16061649123787,245.6228606252959,46.72291014792239,46.72291014792239,0.4165714455712932,5.0
5,1,1704,1693,59,f477db0227765dbe456fb784ec2ae7b5c7bffffc86bdb166c75e8a59e7a14c4e,27.207859210098565,205.91486605776757,13094.801202885788,114.4325181182595,205.59266772992683,-0.3221983278407379,0.3221983278407379,-0.002815618612078118,5.0
5,1,1706,1693,59,a6c445daef0e6c38a2fc5283806bbeaa6f3cf46ec61cfddf52fe7f6d165f3ae5,24.401251805544955,222.26868935737747,14796.701517995341,121.64169317300438,132.36312559204873,-89.90556376532874,89.90556376532874,-0.7391015483273562,5.0
5,1,1708,1693,59,87004890b9f8ef36ef831e576a7cedbf39ffdead3a482ee03fdf144636f9f8d5,24.33142575090728,196.40515966722236,9527.821358357283,97.6105596662435,178.97449407818343,-17.430665589038938,17.430665589038938,-0.1785735646700421,5.0
5,1,1710,1709,60,ef28b0cfd0e78ed0d6ef7ea45dd61b6272d1cfdb747e8afd90c62f9b66dece1c,32.8834829449505,231.07483350038427,23157.983044401546,152.17747219743646,179.25773396588335,-51.817099534500926,51.817099534500926,-0.34050440440535734,5.0
5,1,1719,1709,60,1040ce66e12b977a1cc3a7f1e4e3d1481c5a85e42eb8580ce6f3413b7d9f6398,32.8536403355818,209.8732842649745,17483.078533957236,132.22359295510478,182.03746088779334,-27.835823377181157,27.835823377181157,-0.21052085149911587,5.0
5,1,1721,1709,60,0896b13abba3a62e3b732396a3d14a95cf51b7aa208951e5a4e4118950047723,32.819241577873186,209.8134766417305,17443.54959813844,132.07403074843458,158.34138645306982,-51.47209018866067,51.47209018866067,-0.3897215061657437,5.0
5,1,1723,1709,60,4af41f9c1601405fdf1bfe316be766493f6571cb1041efa9f9cfd63ea1d90317,30.93605773855616,205.0421466009905,14988.6445069541,122.42811975585552,278.1208361693103,73.07868956831979,73.07868956831979,0.5969109851074436,5.0
5,1,1725,1709,60,aafceb30483861fd0e46b0d7d3496863ba1746f84598db9f2f932e445f668268,30.338234471797378,219.4823286841902,18101.74301225316,134.5427181688149,219.81916259707828,0.33683391288806774,0.33683391288806774,0.0025035462154513024,5.0
5,1,1727,1709,60,1ea58c0214cdca336153f6a0fb2fb0f3381c0971b2e2f945c1f608af6a776840,29.716760700887328,216.77497380162575,16986.63239499178,130.33277559766682,241.92695172868594,25.151977927060187,25.151977927060187,0.1929827536605493,5.0
5,1,1729,1709,60,2a7ed79102b30d40616b3ac12f659462c801ca8374d91bb9d50f6947f7dd5061,26.29669445162859,209.37094743277365,13023.716396266664,114.12149839651889,152.66121627297065,-56.709731159803,56.709731159803,-0.49692417254077037,5.0
5,1,1732,1709,60,e54c3350050ff5010c4b98ea66e37df6dc0443708cc4b837c6352f2836badb1f,25.990978233508493,201.43659055885985,11186.728584268538,105.76733231139252,133.2179357692449,-68.21865478961496,68.21865478961496,-0.6449879494811359,5.0
5,1,1734,1733,61,d722add5e17c3d3bc96fa75fd50c02481c506dd6d660146951bb40355d742878,34.77827078691253,217.7784819063358,21217.37184113678,145.6618407172475,260.53849657183946,42.76001466550366,42.76001466550366,0.2935567369940599,5.0
5,1,1736,1733,61,a6be8154a28bfdf67453fa26bb70fda91f04bacb1047018b7e120ce614eeab68,34.43079494137091,200.49343259028342,16345.65309134805,127.85011963759771,131.6789443777065,-68.81448821257692,68.81448821257692,-0.5382434401128257,5.0
5,1,1738,1733,61,33b6f790ac41656dc8d88b108ff54f689d6f8fd90118d7f3d3f383f8fff6cb08,34.10164114091589,207.3673945126554,17905.011779479373,133.80961019104484,183.23726028480914,-24.13013422784627,24.13013422784627,-0.18033184756606646,5.0
5,1,1740,1733,61,b054d0153fed3c0d651c41cf01b6a3f8eb9002ea603419d290bdd2361eb2b005,32.98500112670735,217.3756064171596,19724.955640946686,140.44556112938096,125.27691069757095,-92.09869571958863,92.09869571958863,-0.6557608156426223,5.0
5,1,1742,1733,61,b53603967fc1921141369a83792391da24c415ab377f941da853d90c1c9a7111,32.6068216862149,218.27737918896707,19676.078597029384,140.27144612154459,146.2218215846052,-72.05555760436187,72.05555760436187,-0.5136865669861709,5.0
5,1,1744,1733,61,4d206fffb9952457e584ee80183f01194c479b19ef34c39ff3878a58aaece702,32.46663652431103,2112.73968580033,1574022.9800852963,1254.6007253645664,3627.4424017395636,1514.7027159392337,1514.7027159392337,1.207318539927582,5.0
5,1,1745,1733,61,044719e3e873b3605f511fa0ba125fa0c9681275871d204cbad0a09bb2761bfb,25.546992827788603,208.29842653544102,12491.409256574732,111.76497329921719,232.64910756698762,24.3506810315466,24.3506810315466,0.21787399319064799,5.0
5,1,1746,1733,61,a179729d98c60bd6e23f9780fb4b6e9215d510f20c41693b59e177bf7a292d7a,24.777641908724036,205.40534065032494,11442.562351927241,106.96991330241995,187.63007500677398,-17.775265643550966,17.775265643550966,-0.16617070253481117,5.0
5,1,1748,1747,62,ca62b6e3e82b76cbbec6602fc0d3abb2017b2caa6a869895cb642c5382a3d1fd,90.67136818941245,190.65596854184713,68186.05499990236,261.1245966964858,115.90149365145751,-74.75447489038962,74.75447489038962,-0.2862789481960573,5.0
5,1,1749,1747,62,d78a44f2c6328526c1c8dd3a2f31c7c60149b4aae097717473530b64a9cf31de,90.67136818941245,190.65596854184713,68186.05499990236,261.1245966964858,102.92953939775023,-87.7264291440969,87.7264291440969,-0.3359562073199269,5.0
5,1,1750,1747,62,27ac11c11abd12af4458a65aea7bfbbd36b58fb4978448b4403e169a8d1be63f,90.67136818941245,190.65596854184713,68186.05499990236,261.1245966964858,116.41396187965316,-74.24200666219397,74.24200666219397,-0.2843164052771637,5.0
5,1,1751,1747,62,6b106b14a8293ae38064daffc455883795d93c3f1737b6450e7a0ce8524c661a,90.67136818941245,190.65596854184713,68186.05499990236,261.1245966964858,157.1252172840966,-33.530751257750524,33.530751257750524,-0.12840901118451312,5.0
5,1,1752,1747,62,0f68e3255845847df484ccb942287cd26e071160a260ebd5a19bc4fcc899137f,90.67136818941245,190.65596854184713,68186.05499990236,261.1245966964858,101.26450862017545,-89.39145992167168,89.39145992167168,-0.3423325916155439,5.0
5,1,1760,1747,62,9120350176c322ae16685cb3a7d3cfbdc50ab4cc142960b4e3be95cdcf558f03,90.2101886010015,191.67769769761566,68192.5454318283,261.137024245564,135.6288174552147,-56.04888024240097,56.04888024240097,-0.21463398537349718,5.0
5,1,1761,1747,62,c9a663b5816b4c1f6e12ed9da70f98836552013fce50b5c2c7e6ae1d98d5c22b,40.101447759434386,373.36854080618764,85147.39699842375,291.80026901705173,529.8102550930447,156.44171428685706,156.44171428685706,0.5361260111714126,5.0
5,1,1762,1747,62,9bf96c36de635431405a5e06fb412ca3054a91660ef962c3206ac0169995bfe4,33.28841282033995,204.7853070224016,16812.685177205814,129.663738867911,158.5403350666316,-46.24497195577001,46.24497195577001,-0.356653080957969,5.0
5,1,1763,1762,63,54b8472f2c01517ef73ff7085a6788648d45bb3f1a3a05d153f7523e27ca647b,37.19690394323651,205.40850565022964,20060.030836649767,141.63343827165167,183.6832005317765,-21.72530511845315,21.72530511845315,-0.15339107334797739,5.0
5,1,1771,1762,63,150a3bf12b5b1b351644df78913d8db28d59458415f7168c61b44f570863ba82,35.120679327006805,206.15212100314304,18739.662722044897,136.89288777012814,159.24967035187615,-46.90245065126689,46.90245065126689,-0.34262152998062206,5.0
5,1,1772,1762,63,c550443ee211df97f98ba23d6e366769c665e05debe8801406e9d263586f409b,35.120679327006805,206.15212100314304,18739.662722044897,136.89288777012814,218.57120531785367,12.41908431471063,12.41908431471063,0.09072118001897131,5.0
5,1,1773,1762,63,4cf2ce3a23cd396a1ae7336c69a6dee4033efaa32bbf86725059e0218c775443,31.801043820378265,208.87018847641647,17082.81496872706,130.70124317973054,191.6584559300933,-17.211732546323162,17.211732546323162,-0.131687596289003,5.0
5,1,1774,1762,63,4456c8f6c99720da8dbf0e3af5dff18df8eee7aeddead96e8d72234589ae3a3f,31.30775472907028,207.19266780057598,16325.187308218756,127.77005638340603,237.27958679247385,30.086918991897875,30.086918991897875,0.23547707376456456,5.0
5,1,1775,1762,63,4269f31dde9d21cbee7dbf1605c8f226f0eefa456f5349a8f0c4afc8291178f8,31.30775472907028,207.19266780057598,16325.187308218756,127.77005638340603,210.89390082985463,3.7012330292786544,3.7012330292786544,0.02896792201587654,5.0
5,1,1776,1762,63,836b90cfeb587104ea0767c30e5e4fa2054f588eaa9467ebf5e92b5b8d0007f9,30.8831879874855,187.7693945278453,11504.454861969785,107.25882183750568,180.42543832412875,-7.3439562037165445,7.3439562037165445,-0.0684694841683274,5.0
5,1,1777,1762,63,ec0982869fdc42ab9aaf952151679952d5a43544db818e52637945cd82cc58a9,30.8831879874855,187.7693945278453,11504.454861969785,107.25882183750568,290.5910576733676,102.82166314552228,102.82166314552228,0.9586312937624322,5.0
5,1,1778,1777,64,535381305e6a02f9726f33dda6b786ff52c54e15772169c871ea9dd06d8aa86e,30.326404868262298,225.95535836894578,19640.83798242284,140.14577404411037,247.33706861939092,21.38171025044514,21.38171025044514,0.15256764177359586,5.0
5,1,1779,1777,64,350d863dcb4ae77306dc3fa8df34c8ae5bd0624e52b4a2af0ae4a1cca78478e8,30.074308342885065,202.7380140623132,13820.368270033876,117.56006239379884,159.6859089345643,-43.05210512774889,43.05210512774889,-0.3662136975015746,5.0
5,1,1780,1777,64,e8895629ea7d0101ec1d163be89a56e41deb8b984e5276c165481588e8e5ff8d,29.85462496417236,210.01783850003167,15380.917370082841,124.01982652012879,304.89171504685373,94.87387654682206,94.87387654682206,0.7649895924618452,5.0
5,1,1781,1777,64,65d5b398f7f2b8c9e5439e7e744c19e33eda75c95e9b0d9bdade87d0929ff780,27.163564352908796,214.83616786952967,14702.350047816955,121.25324757637198,188.5592963363185,-26.276871533211164,26.276871533211164,-0.21671066184565937,5.0
5,1,1782,1777,64,a4b3de890f98fdaeefe7f0652c4b67d8282d504c08fac0b44f41962bea8c20db,27.163564352908796,214.83616786952967,14702.350047816955,121.25324757637198,179.81055482180432,-35.02561304772536,35.02561304772536,-0.28886329849156656,5.0
5,1,1783,1777,64,6d3207936b9c1b4384a493a60bf7a9f5bf2fda7552eebc880d2025c540267422,27.152133939609936,271.51605560073466,28844.41692324575,169.83644168212473,350.99992262618713,79.48386702545247,79.48386702545247,0.46800242773702755,5.0
5,1,1784,1777,64,a78fa04ad1f4299c09f6aac30576cdcd66f2df9b4fcb905a0894d9e92d7f2906,26.17730943454056,229.6392838736821,17378.972000330974,131.82932905970117,311.1117670039938,81.4724831303117,81.4724831303117,0.6180148508031584,5.0
5,1,1785,1777,64,97e272cb0087f8cfc71d5d4474b58412ec1036858f3f9685da0fb76732cd5a86,24.778639671085806,198.25764676999296,9827.88788173526,99.13570437403095,213.33353292050987,15.075886150516908,15.075886150516908,0.15207322372610393,5.0
5,1,1786,1785,65,824395cb4a5f1f1435a77bf025043b77c85d5731040712ace7f1b6c4bae6c7cd,27.81918990049913,218.65747628294903,15805.271625658374,125.71901855192147,204.51382635097312,-14.143649931975915,14.143649931975915,-0.11250207084725723,5.0
5,1,1787,1785,65,49743ec9da64cd8a88f854bc915e193a536c5288495e7826bada8a15e1ec94d8,27.781961957239236,218.75869692393695,15802.948366479135,125.70977832483491,110.275883807558,-108.48281311637895,108.48281311637895,-0.8629624088275666,5.0
5,1,1788,1785,65,9834f3f61188e387eb6af08f9c92237cd73b3b4c079575fff5c7528d54d59e1f,26.71029909455903,213.83534915211797,13978.630676918188,118.23125930530465,190.46950657969774,-23.365842572420235,23.365842572420235,-0.19762829821581615,5.0
5,1,1789,1785,65,6a5ca26988c3782e4e72e493736c24055b9901fe61be0b4fb9ad6fd070b52a28,26.40592317258706,229.47713645619845,17297.5003920162,131.51996195261083,201.25424563619825,-28.222890820000202,28.222890820000202,-0.21459016867849653,5.0
5,1,1790,1785,65,a211de09fcfca47f35349075f74b00a66b7dbb6a97cf3d1fa66219cc84d97b4f,26.40592317258706,229.47713645619845,17297.5003920162,131.51996195261083,158.34500999739674,-71.13212645880171,71.13212645880171,-0.5408466167624956,5.0
5,1,1791,1785,65,b170d0170293771a42f06dca4c172d5a9a992b045bdd12c4f77e33fa8b6e784c,26.37297966793202,188.95051659393332,8663.967145678476,93.08043374242772,214.20851856771142,25.258001973778107,25.258001973778107,0.271356728350365,5.0
5,1,1792,1785,65,df2cdba6b9e2a98bafc88773176f06036f34c58dcf5d6b9d6bcf89afb8fc3c77,26.024230072267137,220.20145222082218,14925.793236463503,122.17116368629507,129.06384447223007,-91.1376077485921,91.1376077485921,-0.7459829717478229,5.0
5,1,1793,1785,65,01ee52b46ef4d4d2240f53791761e97694e6109c91da6f3c1c3afcba1ed0bc91,25.873802651849097,198.2724371551902,10231.756050368282,101.15214308341807,149.4791914674971,-48.793245687693116,48.793245687693116,-0.48237480888026607,5.0
5,1,1795,1794,66,d912775df48d7880b738da8c9cb6d39e948ee55ddf3ab363dd98173fd7937751,32.75554525529182,1893.3885666959059,1307990.921269547,1143.6743073399643,2145.613876250296,252.22530955439015,252.22530955439015,0.22053945597591762,5.0
5,1,1796,1794,66,4a578824fbefa1bab1465e63847d274977508141c6e0bb8a6da117f03fea4315,30.75235993891311,199.23302028299457,12895.60501325467,113.55881741747169,163.67784313047775,-35.55517715251682,35.55517715251682,-0.31309921995582923,5.0
5,1,1797,1794,66,7e04c45a70855f782486536dfbaf291d8e4623ad96c15e295baf542945b526cb,29.89172767116777,196.6298415001181,11810.35626393339,108.67546302608234,267.16824655629165,70.53840505617356,70.53840505617356,0.6490738856041882,5.0
5,1,1798,1794,66,543e2f136d0c559d2eae201ba85ec86b6db4ff1344abe91514c4ee78103a02e2,27.85284668038217,227.68927648915368,17625.701831201946,132.76182369642993,337.23149079698504,109.54221430783136,109.54221430783136,0.8251032658176496,5.0
5,1,1799,1794,66,eb9eb67f934ffb4a2a882e0ec5f0a218cdb7fe400eb6de0dfd03b99753b277cd,25.968272332927114,222.04818352604153,14990.612364671622,122.43615628020844,334.9705230876653,112.92233956162377,112.92233956162377,0.922295692648083,5.0
5,1,1800,1794,66,db2b5a09f93a6f0eb3382248b31fd3e08f5e47850b2c562d1b2157c10e18ae4d,25.968272332927114,222.04818352604153,14990.612364671622,122.43615628020844,378.9281945700597,156.88001104401818,156.88001104401818,1.281320941544271,5.0
5,1,1801,1794,66,68b4025fea6175cd6038faed53360be16b4e0d34e7638ba0b16458799e6d9dbc,24.409769132018653,199.24170692304298,9383.508570899194,96.86851176155848,178.4016424906374,-20.84006443240557,20.84006443240557,-0.21513765467671597,5.0
5,1,1802,1794,66,059153e65323a95143dbf519bdc295531aa687fb1236d2e804206e7204d47e44,23.974496142534935,198.7103628777103,9062.040734653727,95.19475161296303,222.53567614699855,23.825313269288245,23.825313269288245,0.250279693634327,5.0
5,1,1803,1802,67,e70112301460cadeee3ac14ec5f4eed02de247fd6967f4c88ad2ec1bce08a823,25.887402071639407,205.75068305130952,11358.440890884998,106.57598646451741,209.49638956821326,3.745706516903738,3.745706516903738,0.035145877051307464,5.0
5,1,1804,1802,67,cdeb914886140fbc0c2625cb6dbe075f7c035a2f81be9394dff0ceea67485ade,25.887402071639407,205.75068305130952,11358.440890884998,106.57598646451741,234.32754268309083,28.576859631781304,28.576859631781304,0.268136008680487,5.0
5,1,1805,1802,67,c11d3ab81c0e3c29e8d21f5cafd2c5025148eaa3e95cc94bcea1285dce031098,25.887402071639407,205.75068305130952,11358.440890884998,106.57598646451741,131.8362359191432,-73.91444713216632,73.91444713216632,-0.6935375367768688,5.0
5,1,1806,1802,67,45e613ee3701fb1658a3ba17bff8c619e475173a6a4275abe19623c42b96fed2,25.21982776764068,214.86986778499758,12844.298993471662,113.33269163604852,156.76021182850153,-58.109655956496056,58.109655956496056,-0.5127351615640329,5.0
5,1,1807,1802,67,442d3a6f49fba17603007001a6a5d3f14d8f228f0aa8f34514353a89ae81b594,25.1851515262026,215.29522748082684,12911.576407221855,113.6291177789472,272.7752360074207,57.48000852659385,57.48000852659385,0.5058563302270357,5.0
5,1,1808,1802,67,daa40940b0482fc4057287e423dc8986bca4ea7fa4c3933c5bc52a73c48bc459,25.1851515262026,215.29522748082684,12911.576407221855,113.6291177789472,247.51280548355797,32.21757800273113,32.21757800273113,0.28353276547835954,5.0
5,1,1809,1802,67,22cb144f758bc52486dc23952f94d023e7c37a4b659d5aeb1d1f73194091413a,24.29880364620015,201.41548206888558,9634.947409981572,98.15776795537668,191.22066945403515,-10.194812614850434,10.194812614850434,-0.1038614959081494,5.0
5,1,1810,1802,67,fcfc39571f7b3ccaf40c3fdbf2f13de1a73c4d6bb91bfde7a1c45e25495b8248,24.253507450126722,217.71156855235284,12829.043305827412,113.26536675359954,305.80221717429885,88.090648621946,88.090648621946,0.7777368417795417,5.0
5,1,1811,1810,68,5a964439f74ca75143ab4b0b974c6fbb1ef756e9c71c2d22931beac15d68fa4d,32.84246521806093,189.55345883685666,11739.61971583159,108.34952568346384,196.4477759028926,6.8943170660359385,6.8943170660359385,0.06363033915051222,5.0
5,1,1812,1810,68,873a8aad6d41a32e24b97e27a375e7e6d34327ce11353fd1e7b16c1c1635b429,28.06907011454179,217.2714850561583,15212.607083100484,123.33939793553593,382.85587714898463,165.58439209282633,165.58439209282633,1.3425101375909911,5.0
5,1,1813,1810,68,1d2954e3c4719d5edfaef1bae4c02994a66b2b264995bd561cfffabcb3e99025,27.354384309558778,221.32507127848933,15654.97943505201,125.11986027426666,119.68922281313424,-101.6358484653551,101.6358484653551,-0.8123078801604008,5.0
5,1,1814,1810,68,c82104af043d2901454050dab58d0b0e9412b5f2e39088ea7e5e407bb406c1a8,27.281165790928476,196.4550595340196,10227.519392432812,101.1311989073244,122.02791022435584,-74.42714930966376,74.42714930966376,-0.7359464746172746,5.0
5,1,1815,1810,68,30e6de03b62615253836477030bf154c86a0b83bcb0f105d96a5eae17e4f8b83,25.102852844170947,211.26277373611694,12026.627270420116,109.66598046076147,176.18912988142534,-35.073643854691596,35.073643854691596,-0.3198224618731326,5.0
5,1,1816,1810,68,7296e1757eadaf6bf22db59b60304e2d2173bc8abbe7575c52e96baf658306fd,24.91446426372601,208.5016672641781,11356.536029837425,106.56704945637476,237.7053566031986,29.203689339020485,29.203689339020485,0.27404051710163535,5.0
5,1,1817,1810,68,1321282797002deab1820907b1b9ab6eb5951731ff903c95f41ff924ad9b5122,24.349335069278393,213.47536681692657,12024.866528588562,109.65795241836572,126.17019847908405,-87.30516833784252,87.30516833784252,-0.7961590236953985,5.0
5,1,1818,1810,68,5832727c154aa529598a1b848ed0eedd9bd9f0657d9142c13e9b30ddb1633a58,23.38007093005278,196.38778822481632,8246.583442353625,90.81070114448862,202.82293048145795,6.435142256641626,6.435142256641626,0.07086325923640532,5.0
5,1,1819,1818,69,c4a8e9145f6cd7898b62148233e3982f04006b3cd0b6a58868b3506e9ec2af94,35.41054424150157,186.58987497992894,12015.284526890284,109.61425330170472,152.0012136743526,-34.58866130557632,34.58866130557632,-0.31554893878968204,5.0
5,1,1820,1818,69,a7e2a869a017e545fa1c58f1fe6bda71f27bcf6328deb6f5da4cedcbc5e558f1,35.38123942630808,186.65212045531266,12014.058889532893,109.60866247488332,169.8246501229026,-16.82747033241006,16.82747033241006,-0.15352317921282957,5.0
5,1,1821,1818,69,8f1f29a6102cefaf84b07d3bf6cb60dfe379d0f73ec8c5ba01b70993d5d78a01,28.590560481261768,223.40600359628743,16560.497556591086,128.68759674728207,326.80426980895226,103.39826621266482,103.39826621266482,0.8034827662196483,5.0
5,1,1822,1818,69,3b383ed3e1c65c1437863bd89d4a59c894a4491385d3ea71ba07ddb19c225cf5,28.590560481261768,223.40600359628743,16560.497556591086,128.68759674728207,182.6598628227157,-40.74614077357174,40.74614077357174,-0.31662834494912045,5.0
5,1,1823,1818,69,050e4cddd50677ca4ea70f0d683f113952290c841739912d3647fd316887ccf6,28.18337585084742,220.69355372693167,15642.009866488439,125.06802095855055,130.92137114544107,-89.7721825814906,89.7721825814906,-0.7177868642475959,5.0
5,1,1824,1818,69,ebcc30df3e3143b014a3e7dea3d09e423f300147edd98e49f97aa56276ee39a2,27.94631769335385,206.60052388542357,12332.718918399536,111.05277537459177,227.98888735530352,21.38836346987995,21.38836346987995,0.19259638849848573,5.0
5,1,1825,1818,69,e758c34bc470df3691221aaf34baa8d6200c669aa438196d064e5b5fec55b7c3,27.94631769335385,206.60052388542357,12332.718918399536,111.05277537459177,212.47811573250127,5.877591847077696,5.877591847077696,0.05292611397825951,5.0
5,1,1826,1818,69,2d210f2db76bc947e068529890764a4698b86bcc9943b284142d5cdb5458e679,27.69483203936737,219.77415538246143,15099.888344959729,122.88160295568954,119.0162850076502,-100.75787037481123,100.75787037481123,-0.8199589519608073,5.0
5,1,1827,1826,70,50c8583b4a44794488387b879006163a0515c1356a9ba2bce8e0ebdc10394299,41.3742268919044,226.14664771673685,27048.160226329877,164.46324886226066,173.76160745813388,-52.38504025860297,52.38504025860297,-0.31852125396401404,5.0
5,1,1828,1826,70,3b73ae97adff02ab8d76417e1315d8fadf4879f4a52ec4f6e27f292217b955f3,38.671786313631216,221.2628297630263,23263.951658614267,152.5252492494743,210.9644404358334,-10.298389327192893,10.298389327192893,-0.06751924273435264,5.0
5,1,1829,1826,70,a50a77ceb2a0a3e027f64faeb574dd18e7abdc971671758fb5e9a056d835085d,38.671786313631216,221.2628297630263,23263.951658614267,152.5252492494743,314.73534000136635,93.47251023834005,93.47251023834005,0.6128330273071966,5.0
5,1,1830,1826,70,9cc70d7cbd4147675078c38564ff5fa488faf6ddea6c4cee47ca4c9cf3802702,38.671786313631216,221.2628297630263,23263.951658614267,152.5252492494743,257.9446749383753,36.68184517534897,36.68184517534897,0.24049687088431618,5.0
5,1,1831,1826,70,c35b8f0c07fea34e195692535659809f858a9b03f4741d58e3ebd40edc7cdc4a,34.99380361900282,200.25894948411928,14826.468126165559,121.76398534117368,185.13797057806843,-15.120978906050851,15.120978906050851,-0.12418268721808823,5.0
5,1,1832,1826,70,8544c7ca808abaf35a278b6c79823692bcb42c43811257baa5271b406383fbe9,34.933277352129565,204.38096785978203,15839.50610435597,125.8550996358748,187.72738371955023,-16.6535841402318,16.6535841402318,-0.13232347507899253,5.0
5,1,1833,1826,70,8dfea61effd3797425f4a583a127cbd0f18a090fac1d9624c82eaf8279d98bd6,30.818170082711568,207.33423336753376,13938.078200628657,118.05963832160701,151.20065232431045,-56.1335810432233,56.1335810432233,-0.47546800787504917,5.0
5,1,1835,1826,70,f1e520ef271f33f3b46896a1da529f32bc7ec22767b598bf748f1bee47ae94fd,30.669879103889507,194.48918322153216,10936.667944098537,104.57852525302954,164.60832608926177,-29.880857132270393,29.880857132270393,-0.2857265108680118,5.0
5,1,1839,1838,71,d0c79d92d2e5a9b12c42575cef0c80267b597d48001715c598823df8b05e4329,28.310859672008128,330.403891418004,45989.71612045679,214.45213013737305,310.5711694760756,-19.832721941928355,19.832721941928355,-0.09248088106760224,5.0
5,1,1840,1838,71,5a67fa418dfb16be31005018469390555498378d0dacb845f3500b01ae1437dd,28.310859672008128,330.403891418004,45989.71612045679,214.45213013737305,287.23249888949925,-43.171392528504725,43.171392528504725,-0.2013101595253455,5.0
5,1,1841,1838,71,3291e8b9ce55260bda55e53138300b10dd64cedc8616a8f9eb1451d0489ae85f,25.646797672609697,208.26998644152508,11030.648724777544,105.02689524487309,297.13010452154913,88.86011808002405,88.86011808002405,0.8460701220658218,5.0
5,1,1842,1838,71,2ee90a88abcc682cef74a2998631b0fd724549a156259729110db34d7f92fba8,25.57157258867484,206.9883488835963,10731.2207777246,103.59160573002332,221.78584774576052,14.797498862164218,14.797498862164218,0.14284457469197767,5.0
5,1,1846,1838,71,dd99805885065be9a9a8ac83c94adbe75387a08018dd4ffaacbb8920fc275f38,25.57157258867484,206.9883488835963,10731.2207777246,103.59160573002332,289.8699431101481,82.88159422655178,82.88159422655178,0.800080215404275,5.0
5,1,1847,1838,71,1fc80e3703c35e27e010713ed775b8318edfe21bc075f93ac3d2b6a982f119e5,25.57157258867484,206.9883488835963,10731.2207777246,103.59160573002332,191.49261243560096,-15.495736447995341,15.495736447995341,-0.14958486586625336,5.0
5,1,1848,1838,71,1b66cd544b47b0a4f8b2a12637634ae991d2dd9d74ddd73c90d4d06720a212dc,25.417827224951342,215.77556447662963,12433.50207050143,111.50561452456746,385.7885878750772,170.0130233984476,170.0130233984476,1.5247037032470636,5.0
5,1,1849,1838,71,64e812bf5df32dc01f5a00a9a0be2d84f2bcd2e4e4fbfd88dff38491ca5ad26a,23.453711737417166,1803.8807270910738,1037259.181924241,1018.45921956858,1287.8676575323548,-516.013069558719,516.013069558719,-0.506660511922414,5.0
5,1,1850,1849,72,ac0ab2d09047684f5220ce93d95ca3ec83dd14fe990f67ed67e7080cbe1fdc2c,45.885327058538685,210.96828010539105,25710.370699831656,160.3445374804881,127.50274541064947,-83.46553469474158,83.46553469474158,-0.5205386850481157,5.0
5,1,1851,1849,72,ab81a232a48b2980ac28bc43da5bbcd358dd703398caacd2f554e052499c82ad,38.930999847235846,195.98165200304607,16037.402115735227,126.63886494964817,208.66105703585075,12.67940503280468,12.67940503280468,0.10012254166875259,5.0
5,1,1852,1849,72,2324151c76bae7c84f9e7a333e0a50e587212e2f0ed084cdf413fe8b870b666e,38.930999847235846,195.98165200304607,16037.402115735227,126.63886494964817,145.81235764773206,-50.16929435531401,50.16929435531401,-0.39616032862629813,5.0
5,1,1853,1849,72,34d46d7ffd4c2059e4dc77dc4ad775282154e5b805b2f6b1f6759f7685a1fcb9,38.930999847235846,195.98165200304607,16037.402115735227,126.63886494964817,165.4871506358638,-30.494501367182266,30.494501367182266,-0.24079891571443673,5.0
5,1,1854,1849,72,6fdb65683473efaf99fede050b003bef729691b4fc4a983079ed6cdfca3a3d4b,38.886987840482895,196.07595248158634,16034.614863388779,126.62785974416838,184.719385000672,-11.35656748091435,11.35656748091435,-0.08968458839830748,5.0
5,1,1855,1849,72,26fe7562e3ba268ab958fe068d20eac9441806bebb62445fce333eabbc4363a4,38.864446223652955,194.2300599293967,15518.970488209563,124.57515999672472,130.68128514916006,-63.54877478023664,63.54877478023664,-0.5101239667836465,5.0
5,1,1856,1849,72,fb3bca4aeaa68efd8b91dc095f41a8d46ede01e9af352bdc5a9d707b6838dd5f,25.128470523478367,248.21595203069137,19317.181595494843,138.98626405330435,511.69496459479285,263.4790125641015,263.4790125641015,1.8957197990662686,5.0
5,1,1857,1849,72,4e2347d9f7ceb2a148b88d88447b5bdb24a9eb506c991dceaceee4185834df55,23.05588614074907,227.6423500601205,13291.665680508951,115.28948642659898,290.5469070241909,62.904556964070395,62.904556964070395,0.5456226661580252,5.0
5,1,1858,1857,73,4887880e9bf65f8342ec08c9731c05cde6072ca593d5ca1ef79831ca8f7f9521,72.67200649950496,1892.9896739568367,1942811.423610391,1393.8477045970235,1182.648803934425,-710.3408700224118,710.3408700224118,-0.5096258850085627,5.0
5,1,1859,1857,73,c76268dea7bacfada1c73ac65c6c20ec908fcdf6f4e41e9f48cce75a50fa4a15,69.42482921110363,1821.9893302961175,1782305.8722460198,1335.0302888871172,1454.4132757360285,-367.576054560089,367.576054560089,-0.27533162177653725,5.0
5,1,1860,1857,73,62b76f69a8589c7e7848717058526f50b541fad79f8f089fe4aabb1b7715fc68,34.04271639572778,196.88175564717073,13222.178899662633,114.98773369217533,147.54415371586578,-49.33760193130496,49.33760193130496,-0.42906839144584585,5.0
5,1,1861,1857,73,d6ca7ad14248301d68d0785928591c4928ab0a865014094c27dea2d2af98641b,33.59540523701585,197.74140493600822,13165.594590487435,114.7414249104805,109.42856357507031,-88.31284136093791,88.31284136093791,-0.7696683340810717,5.0
5,1,1862,1857,73,68c5b4a36ffb4f51b1da6e9a416c1fd8fc67099cb774db2876f6082bfaf10d8e,29.705785399502663,195.79111687263517,10541.091876385577,102.66981969588521,149.94180055435257,-45.849316318282604,45.849316318282604,-0.446570535081208,5.0
5,1,1863,1857,73,9ae183a4cd152453083463adbc0bbffad1059bc0eaf7e167b50568d5b8bfd2c5,26.655793772510826,203.45300132385185,10506.826592364532,102.50281260709158,165.79492470567877,-37.658076618173084,37.658076618173084,-0.3673857883541406,5.0
5,1,1864,1857,73,9038397bc63ec8709ca647dc6ef29e0d36512a25bac4cf424c7db10b264591cb,26.613824938757027,203.54730180239218,10503.264181403629,102.4854339962691,211.6690636341018,8.12176183170962,8.12176183170962,0.07924796251538815,5.0
5,1,1865,1857,73,6000aae6628eb0e5160c9bbcbb389bd775c488c1cc04a1b8cacb462779ff3ac2,25.935720501553156,200.10980039261614,9463.689326942367,97.28149529557184,148.9067352294922,-51.20306516312394,51.20306516312394,-0.5263392077553176,5.0
5,1,1866,1865,74,581600ad67bdf2d200466f6474da7fb6cfc64e3346840cdf3e97121f31225e09,30.388895650861322,197.51002122015544,11314.437347273135,106.36934402013173,142.7040591740849,-54.80596204607053,54.80596204607053,-0.5152420798580634,5.0
5,1,1867,1865,74,46a473e79c55ec35bf0b8b29d7ec7dc31a740913644e7c33e92d463a85f03dee,30.120928286509567,200.39378914851682,11802.836012282132,108.64085793237336,176.59041955254295,-23.803369595973862,23.803369595973862,-0.21910145086290608,5.0
5,1,1868,1865,74,bff39ee0bf19564532793d8af68eb02017d0783143da510ff3f3d154901a4b08,22.81611461911009,326.7520968991161,37188.29596813563,192.84267154376292,299.43865475124784,-27.313442147868273,27.313442147868273,-0.14163588343397263,5.0
5,1,1869,1865,74,39eb462eedc0233f308961206097e06ed7ff74db027099dbb2fd945a29870926,22.735600904309074,209.39086231196703,9583.41143291298,97.89489993310673,163.77475384124602,-45.616108470721,45.616108470721,-0.46597022420873074,5.0
5,1,1870,1865,74,1f0858ebe467645655164a91bebaec673d5ee97135fbae5556aac9692b73901c,22.33459606701401,208.01300681230484,9122.835228878012,95.51353427068864,140.16255152056917,-67.85045529173567,67.85045529173567,-0.7103752971745884,5.0
5,1,1874,1865,74,6bac2b59e81c53fda8d1b5e2cff5bbc760b3243d4f73b0a7704d13e07a2d4563,20.559928099957283,266.0214979452142,19502.40320517006,139.65100502742564,460.70641744112726,194.68491949591305,194.68491949591305,1.3940817644504562,5.0
5,1,1875,1865,74,14036d8debd14a6b3b3ed81a3dfd38b76f6e630909ce4e84abc2b4d3326080df,20.476764266656776,319.4935976654464,32181.155328566954,179.3910681404371,441.06742194493614,121.57382427948977,121.57382427948977,0.6777027727172857,5.0
5,1,1876,1865,74,998ad1b76a92ab0458099c0134085e45299cb76020e431d982f4d5d64e4d3f12,20.12255383006231,230.5908833637886,11986.936424352954,109.48486847209962,181.94375675567474,-48.647126608113865,48.647126608113865,-0.44432739689969825,5.0
5,1,1877,1876,75,e1d2029e3e653eafde74659cc344e1bb2d29359b206b3fa45a5295444e43e5ba,29.30806869467692,198.45038990444135,10920.152042927684,104.49953130482301,140.2206571574163,-58.229732747025054,58.229732747025054,-0.5572248221589636,5.0
5,1,1878,1876,75,5f83afc37ae8de12956d6835ce8ef4a654dfecd60d3b0ec754c9851c02fc5a24,29.29301298499494,199.74502807914303,11190.617884288844,105.78571682551876,182.82520752868268,-16.919820550460344,16.919820550460344,-0.15994428225473595,5.0
5,1,1879,1876,75,d88d49f9ad7de6e98f5e4468dd5bd71be982108cafdd48aa201caab666c977d6,28.414833749215724,193.22245666724288,9362.363038851881,96.75930466292057,171.36638918211966,-21.85606748512322,21.85606748512322,-0.22588078284835741,5.0
5,1,1880,1876,75,a74b18e07bbd09332b0803f9af22e58fd29c413c4df55ccd44c8cdd84d8acf52,27.8677543296819,200.2339188952525,10519.872626989474,102.56643031221022,263.0976765218407,62.86375762658821,62.86375762658821,0.612907726584928,5.0
5,1,1881,1876,75,0190e55888b7462800084aa2a039f7e13e9a3a94515ba6a7f18b498e41572263,26.37592638531111,185.77286568113274,6982.497041712253,83.56133700290017,105.42427500137175,-80.34859067976099,80.34859067976099,-0.9615522388897669,5.0
5,1,1883,1876,75,10851e1ae306e320796030564a8d6c79a4045b00bec06d55ce20b83fb5cf0329,24.673718796390652,305.9767049589468,33731.21384205131,183.66059414597163,281.3151369518704,-24.661568007076426,24.661568007076426,-0.1342779496154502,5.0
5,1,1884,1876,75,935f84304230c9b6ce3b95c2ce8161ee9ae70c3738047c10d729ee7125312031,24.673718796390652,305.9767049589468,33731.21384205131,183.66059414597163,362.44297588280955,56.46627092386274,56.46627092386274,0.3074490267573887,5.0
5,1,1885,1876,75,697a51720e7c24b469ec63bc13f731990db20c37aa88c4b89deb597ef380d025,22.777207747394364,209.45721992863636,9610.745244419733,98.03440847182041,190.05828730650623,-19.398932622130133,19.398932622130133,-0.1978788154539258,5.0
5,1,1886,1885,76,adbfe6494521c6b2702c61b8c6c4b99eca5cef12d335e3587b557134e1d5bbfe,55.88054884415138,1618.971166202276,1306214.811542362,1142.8975507640052,1219.9813954401498,-398.9897707621262,398.9897707621262,-0.3491037061855712,5.0
5,1,1887,1885,76,d8b39d3e36f0af549f6462ac8004d1fcf7c2aac8183f74c99790cd12a29a0ae4,25.449019716297574,309.7683253112519,35468.857277386,188.33177447628427,273.06906176673044,-36.69926354452144,36.69926354452144,-0.194864959174177,5.0
5,1,1888,1885,76,1126ff1a0427484c4c43dfa86e38feebea31b3402a54ef4964c1350efa36789e,25.449019716297574,309.7683253112519,35468.857277386,188.33177447628427,268.8852480344098,-40.88307727684207,40.88307727684207,-0.21708008322297354,5.0
5,1,1889,1885,76,3d2ce83df0b13eb953cc7087d006afc848ce29f09eeb61bcae38c48e813ccf0e,21.891845817594202,205.042398412245,8194.773116807868,90.52498614641081,225.42063022863985,20.378231816394845,20.378231816394845,0.22511168113780278,5.0
5,1,1890,1885,76,ff4e763a6cb94f72e95e72863a3dc7f56043716ddfd8f74fed87791e7cb34e78,21.26704681086352,200.38356087078705,7116.576655637967,84.35980473921195,191.18782685597736,-9.195734014809688,9.195734014809688,-0.10900610833841043,5.0
5,1,1891,1885,76,ec2c02f63e31d2f8ff2be56bc3203ae2af713655ef040479db4165da4d00ade2,20.959180697414357,201.1272579413195,7100.421411459414,84.26399831161238,164.72738942040337,-36.39986852091613,36.39986852091613,-0.43197414376549803,5.0
5,1,1892,1885,76,5f1d32bfe63b838c3cdae7094e5ea5eb33a6ccce3bc93b44e07850a1082ae57e,20.15016389882225,219.35727583689405,9784.455954145402,98.91640892261204,194.97183009060947,-24.385445746284574,24.385445746284574,-0.24652578891498886,5.0
5,1,1893,1885,76,e2eea6562d865b6b704dfea835990f08494af8502bb1919c52d3e8e6da08693f,19.95277550760578,194.66364490240161,5662.116109871408,75.24703389417691,205.34538124546862,10.681736343067001,10.681736343067001,0.14195558004437994,5.0
5,1,1894,1893,77,8026c757f9b29f4516f111073db15bc3a1d6d42b13cf91e348d5cfcf42b1fb1f,22.023337691946722,220.84282258928238,11159.177613951933,105.63700873250782,307.4945270316769,86.65170444239453,86.65170444239453,0.8202779071661567,5.0
5,1,1895,1893,77,a1baf1183f474285ba7266703f4beb51736ae5d5e1476911e2d29ae4f20d4883,21.97956711596333,217.7108074315652,10546.042541537194,102.69392650754568,304.64414514965483,86.93333771808963,86.93333771808963,0.8465285209607989,5.0
5,1,1896,1893,77,a38dd9222f9881a3ff369ffb3f2f8b60eda48f339423ae3fc46dbaa4fc991c05,21.686775348795344,213.19117554091864,9557.15678196426,97.76071185279012,264.4986703362128,51.30749479529416,51.30749479529416,0.524827344470997,5.0
5,1,1897,1893,77,cba99d7aaa5696966226f946e2d22a6aa69e7ae0cc70370d56163fd2e5f3fa8b,21.505513759293336,202.09810803823646,7537.028130990559,86.8160591768053,123.83320190834277,-78.26490612989369,78.26490612989369,-0.901502635249813,5.0
5,1,1898,1893,77,1e79c46dacfaa2e2c768f2dd8faef5b40780e0cec193fed60d946625b7c5af0e,21.490727431976048,205.99229154727536,8191.229364034434,90.50541068927555,293.861353286589,87.86906173931365,87.86906173931365,0.9708708139117445,5.0
5,1,1899,1893,77,dc4e448e08f32ab2751ce1325b00b4227449364e4861340da7d81932c7b8fef9,21.16865172599921,204.37610030046562,7761.974627365906,88.10206937050857,205.83928131238378,1.4631810119181523,1.4631810119181523,0.016607793918719686,5.0
5,1,1900,1893,77,7963b49bae02d86d2b4b5de9e955d1c117c3987a5f2464fa76fd498ccbcdcf05,20.90065655028858,213.32442489446643,9162.5189643242,95.72104765580139,143.36275098974053,-69.9616739047259,69.9616739047259,-0.7308912263089478,5.0
5,1,1901,1893,77,94518e3a3fa8cfb3bfe49c46257348446761f0504c2973a70028b44385672cd9,20.638862417258082,213.39081118227998,9036.301984579974,95.05946551806387,222.44249128380207,9.051680101522095,9.051680101522095,0.09522123917056982,5.0
5,1,1902,1901,78,fde5851fc80681f98b6846e61220ce2e133b1eb8401190fa8ed323a6c1690892,44.12187396191078,1868.5968046494893,1463904.1538718687,1209.9190691413492,1214.2489922032212,-654.3478124462681,654.3478124462681,-0.54081948878667,5.0
5,1,1903,1901,78,3f0cdd5e7bde909a4559e6c252dda62f4e87cd700e35728fdd60a1ea5e0a9ea4,41.93462251213444,1851.0071574534377,1405814.0535236339,1185.6702971415089,1199.6694646353674,-651.3376928180703,651.3376928180703,-0.5493413256521291,5.0
5,1,1904,1901,78,5e51b7efbdf2c0da20f087d3d89724d1c99227c41d94c47defc2ee81cb8f6a27,30.42008380275744,313.8349099350421,43075.8194196914,207.5471498712796,308.871230629237,-4.963679305805101,4.963679305805101,-0.023915911680230575,5.0
5,1,1905,1901,78,1eeec1292a831066f5b91ba63052742951e05e42c5a5127924b31558f11eff18,30.42008380275744,313.8349099350421,43075.8194196914,207.5471498712796,458.3201716817991,144.48526174675698,144.48526174675698,0.6961563280265063,5.0
5,1,1906,1901,78,887828c3a05601dfec013f559fe4db13990ccec4f5eeced51506b2d7b859a2ff,30.42008380275744,313.8349099350421,43075.8194196914,207.5471498712796,262.6121138461913,-51.22279608885083,51.22279608885083,-0.2468007685030564,5.0
5,1,1907,1901,78,3d460249bb0778f56aca7ab1ce9989f1370726699aed20d5923e5728468fc357,24.627325375104107,200.10888171918086,8657.582927132195,93.04613332714152,165.54666604706736,-34.562215672113496,34.562215672113496,-0.3714524659568171,5.0
5,1,1908,1901,78,222fcf9e0285bda0c14834311d39806bfa2aa0bdb20f2b912f50e9517a9ba8fd,22.507674768695058,209.23671930636502,9263.507205201933,96.24711530847007,241.886675243185,32.64995593681999,32.64995593681999,0.3392304884377837,5.0
5,1,1909,1901,78,4776d7e29bf5ebaa2e735fcaef93bddb6e6294b9469824e60df684fca0441fed,20.14943002486943,212.94044820231608,8691.82983970607,93.2299835873957,234.09440720876057,21.153959006444495,21.153959006444495,0.226900812297305,5.0
5,1,1910,1909,79,8cb5a8ecb675e1abae3570b8e22cb73b4ab203f8b6a074dcdf15b99f357ef605,30.312775900035827,292.8408445419108,36266.160195041215,190.4367616691725,344.2388188814876,51.39797433957676,51.39797433957676,0.2698952339300199,5.0
5,1,1911,1909,79,52f211ac4a9e7f972ed420480d134f20f42d662c33ea940d10a97a5e6ebb64bb,25.632008587452674,201.15774466710883,9327.368361381528,96.57830171100302,270.4614468372229,69.3037021701141,69.3037021701141,0.7175908143166119,5.0
5,1,1912,1909,79,852ce85e78173f5a67f97cad5e83dc8e8486d5ee6030a9318f4d8f2889594e54,25.632008587452674,201.15774466710883,9327.368361381528,96.57830171100302,215.6353445380625,14.477599870953668,14.477599870953668,0.1499053060000563,5.0
5,1,1913,1909,79,8fc8a13488d435c1e8aebebf7feba566b679db8f89ebd8162d0bb546fa51a959,25.632008587452674,201.15774466710883,9327.368361381528,96.57830171100302,316.54737557690555,115.38963090979672,115.38963090979672,1.1947780077463357,5.0
5,1,1914,1909,79,14108add9cd7fc20efd194732391a8e0d29f81ed2828adce22b6282cf902bfad,21.900947529132555,202.31123665523504,7718.639836164803,87.85578999795518,135.76126527400933,-66.5499713812257,66.5499713812257,-0.7574910132021422,5.0
5,1,1916,1909,79,e9eca5551e55f230f64e8980f0d0a99a261c60e32c23af44c1e9f8f551f37105,21.71590333263812,201.6270214423308,7516.7333145327975,86.69909638821386,167.4535118440185,-34.17350959831231,34.17350959831231,-0.39416223492449176,5.0
5,1,1917,1909,79,cfbf784b877a58e8cc9775878f2bcb1ef3daf5678fffb04530af7dd5cfea6574,21.34419108515042,198.90705963464075,6897.907469345498,83.05364211968971,205.87847243174159,6.9714127971008395,6.9714127971008395,0.08393867648879556,5.0
5,1,1918,1909,79,ede5ed9fe73e050577b2c55fbd1e419a717d0b6b6f0b88608414c8da437c8336,21.253736062817058,204.92736005844364,7856.951873566311,88.63944874358319,215.8852617750264,10.957901716582768,10.957901716582768,0.12362330623560015,5.0
5,1,1919,1918,80,d64244a47537b89fe48acd0c2dc72bef361df6868ed7156bf69467a267b60dd3,33.263875741330416,280.99278740995294,36311.44068541008,190.55561048001206,325.01139669370167,44.01860928374873,44.01860928374873,0.23100138155400032,5.0
5,1,1920,1918,80,c5f78fbcb8a5502b22a8291e15e50b5d911c597e2fce6e6eea3bd557bcf32b5b,33.12672757116299,284.1503021020043,37161.441556020116,192.7730311947709,363.16864533472545,79.01834323272118,79.01834323272118,0.40990351577178813,5.0
5,1,1921,1918,80,f03e1a5a7b453f08d74da6468f6fa61f44afcb6c38a84b32d8d25d6e2555a80c,33.04146557835426,284.69656089838986,37237.88503225416,192.97120259835188,200.50909642354407,-84.1874644748458,84.1874644748458,-0.4362695746373756,5.0
5,1,1923,1918,80,f4cda8ee2987066d9455a11831397a0576f564e7ed411741b542984982251724,33.04146557835426,284.69656089838986,37237.88503225416,192.97120259835188,346.9094252856091,62.21286438721921,62.21286438721921,0.3223945518788541,5.0
5,1,1924,1918,80,50f52490b618c8eaf27cd801d86124ed53f8983eafd8c78d80e208232aa688ce,32.8179561704101,291.461942759302,39151.076099797174,197.86630865257777,369.49280783672526,78.03086507742324,78.03086507742324,0.39436155457083505,5.0
5,1,1925,1918,80,986c1cb7671392cc6bfa8d91a548501d2689ac9a51f2d400f9d2155f5c0ef10a,29.90093951282789,212.59707134105807,14456.308559821653,120.23439008795134,207.96182953901965,-4.635241802038422,4.635241802038422,-0.03855171385364659,5.0
5,1,1926,1918,80,ac821734ac6d308caa46a8f9b8ac26416bd58faf080a86b54e2099f7f18e3ae9,29.568351721625078,212.80176729483574,14291.252077517034,119.5460249339853,101.75704962557012,-111.04471766926562,111.04471766926562,-0.9288867424122702,5.0
10,1,3,2,0,3963558a667c2746c467aacd3fa94ce81e79f0bed2541a94deda7b90caccca4d,50.98713617991691,2321.320905894909,16334.321795637497,127.80579719104098,3928.9774573740333,1607.6565514791241,1607.6565514791241,12.578901636801643,0.49
10,1,5,2,0,285e57f39ca8e16a1a5cd08c6550db48cc7d2a9502bc0491de575fcb5d3d26b4,50.98713617991691,2321.320905894909,16334.321795637497,127.80579719104098,1483.5922081070717,-837.7286977878375,837.7286977878375,-6.554700304678834,0.49
10,1,9,2,0,c2197bc24d905ad22a3bfb99d1fd4a7ff7264ba48d777bd09802b2f5320b55a8,50.98713617991691,2321.320905894909,16334.321795637497,127.80579719104098,3456.648554144965,1135.327648250056,1135.327648250056,8.883224964772106,0.49
10,1,11,2,0,a9f1820951eae386a25f1e7e88bb42edbf5eabf52c322f1102d4cf40204c7d3d,50.98713617991691,2321.320905894909,16334.321795637497,127.80579719104098,1895.3296419085877,-425.9912639863214,425.9912639863214,-3.3331137816038194,0.49
10,1,13,2,0,6a8c37559d13cce1696b19fdde4df34b40512a05b1287a0b8ac17f07ed5bd107,50.98713617991691,2321.320905894909,16334.321795637497,127.80579719104098,1471.6884565218531,-849.632449373056,849.632449373056,-6.647839675872028,0.49
10,1,15,2,0,e16bc25a7a2f2a6b166fd337ceba0856740db18a1dcf86255db2fa72f92810a3,50.98713617991691,2321.320905894909,16334.321795637497,127.80579719104098,1227.2794597741329,-1094.0414461207763,1094.0414461207763,-8.560186393465626,0.49
10,1,23,2,0,1ddd5c3315a3131a754de9c9dec86e91ad6114b3ca753433897e3b324331d3dd,50.98713617991691,2321.320905894909,16334.321795637497,127.80579719104098,4025.2085507171323,1703.8876448222231,1703.8876448222231,13.331849433052662,0.49
10,1,25,2,0,eda71ce57ea56b192f7c9aaa45ce8dbcab1b666ebb328c39375d26d80b5c20ed,50.98713617991691,2321.320905894909,16334.321795637497,127.80579719104098,4378.527387522688,2057.2064816277784,2057.2064816277784,16.096347167669684,0.49
10,1,27,26,1,603ed596b35934f4ed9d0c57b71fe6e3cbcabe411ac54793b6c684a46b7617b4,481.6401489946205,2084.082711233883,4148322.7026425153,2036.7431606961431,1763.8322273254394,-320.2504839084436,320.2504839084436,-0.1572365578971599,6.55
10,1,29,26,1,a5a57a8a71299149221567249c293c01acef5c7788ca3c4b4a41026bfbf57d77,466.84623865852944,2130.7969179543325,4163903.9804412504,2040.564622951513,1227.3439095391168,-903.4530084152157,903.4530084152157,-0.4427465801638977,6.55
10,1,41,26,1,666712f6f0ed1698babdf10c03f3dc89c207161f3085e001f8551fe434d17930,388.55571389501023,2554.2621712667983,4811110.950356948,2193.4244802037174,1588.966711371836,-965.2954598949623,965.2954598949623,-0.4400860246646418,6.55
10,1,43,26,1,3e6989ce93ad6d2b7fa0447f87aeefb1ec47cf38a26d7eb090a1243670023ee3,383.1611280816208,2756.852470975848,5496916.934603743,2344.5504760196022,4205.872622834793,1449.0201518589452,1449.0201518589452,0.6180375157966231,6.55
10,1,45,26,1,d6571ecf3d59efc9a37d2ff7750ac474614745c2e4f9c6ca52c1b982ed0d8bf8,381.78602984624393,2526.81821462596,4624430.113348658,2150.448816723769,1693.614005580093,-833.2042090458672,833.2042090458672,-0.3874559592240202,6.55
10,1,50,26,1,41536714a71eb93bcdf88069477561a2f73044940011ae7cc2621b4870f69044,380.01272478169244,2228.736341923412,3568426.1791692143,1889.0278397020024,3514.5065414891096,1285.7701995656976,1285.7701995656976,0.6806518001177421,6.55
10,1,52,26,1,9147cb0fd9049cfadcc1a0e362b1cbc7050f7dbc3e8f75697bb8e82cc187e283,378.78184030936393,2236.900321649797,3582481.6685054773,1892.7444805111643,2022.561132612132,-214.33918903766516,214.33918903766516,-0.11324253814745222,6.55
10,1,54,26,1,30c58b6125a1688d5c20700c0f111574a0a4e19dbf02bc269a8a95ae38d9c82b,378.7376012209676,2666.160348660393,5094317.67452712,2257.059519491482,2978.751664101957,312.5913154415639,312.5913154415639,0.13849493677153496,6.55
10,1,56,55,2,748fe2aa1174d9ee33262139e19182b50455d26a2e176e6dcd8daab4632d71a8,470.9980969625873,2472.950243925551,6001635.278100436,2449.8235197867693,1265.522793702405,-1207.4274502231463,1207.4274502231463,-0.49286303297808154,9.09
10,1,58,55,2,ae73d0d213d66f3b2f580bdf8277f769bf21688714174aa504d5170f1064d214,470.9980969625873,2472.950243925551,6001635.278100436,2449.8235197867693,1265.0460767341383,-1207.9041671914129,1207.9041671914129,-0.49305762534949776,9.09
10,1,60,55,2,54ae200d220301575b27c4e8ec19a2ec94bf48419ae4ad7d07c9fc31f22da84f,470.73929380863416,2464.716166345243,5963095.997227815,2441.945125760981,1221.5574789490363,-1243.1586873962067,1243.1586873962067,-0.5090854312333501,9.09
10,1,69,55,2,0c6c3281b320860364c0657803a40ca8fc01fc2c8d7fe85cb60b26ccc82abeee,470.61968685681063,2473.72240558718,5999596.720430571,2449.4074223024986,1265.6623489765207,-1208.0600566106596,1208.0600566106596,-0.4932050281267849,9.09
10,1,74,55,2,a577dcd9978d3aa30bd53eb3a488ca3f7f5ccfe2e8e29d43eabdee0ecf1a867b,383.428700382324,1862.5920171685211,2748137.5655862154,1657.750754964755,3175.8993627066566,1313.3073455381355,1313.3073455381355,0.7922224385088923,9.09
10,1,76,55,2,5f0d0109f6a6f43e7359795ebc5c2c41f29b9d30d94e493e734e4b7220dede18,299.2725920151566,2641.7629283866445,4296535.586754666,2072.8086228001525,680.6337747361924,-1961.129153650452,1961.129153650452,-0.9461216689658339,9.09
10,1,100,55,2,8cda963951d45fa48171247544675ac66b96fe4a524c46d85c7b304407d3f7ae,298.8966086007127,2896.408840864847,5137043.235930508,2266.50462958506,1233.8469798656424,-1662.5618609992048,1662.5618609992048,-0.733535612192232,9.09
10,1,102,55,2,bd0dd27bc1503598c71b091f3ac3c74419d0514ad41606887b174a81ca861764,298.45388592643826,3124.3246888586605,5927988.940615407,2434.746175808765,1281.1251550154252,-1843.1995338432353,1843.1995338432353,-0.7570397079403843,9.09
10,1,104,103,3,abf71509dc9a54f163c2a6c8273363338bf78ace695fbdd65ddd081934540a90,352.8304635237512,1388.3335360021738,2401723.5403101547,1549.7495088917287,700.1994935199468,-688.134042482227,688.134042482227,-0.44402920506445703,9.96
10,1,131,103,3,762beb0d72eb2fd8fc087054c5de9e315098db9f76f4f0381f20202567e482ff,352.8304635237512,1388.3335360021738,2401723.5403101547,1549.7495088917287,647.8715607074776,-740.4619752946962,740.4619752946962,-0.4777946184504503,9.96
10,1,159,103,3,cb3f46e0b21d87fb781cfa503019a67f2de015fed00632d968a353dd7cec6784,352.8304635237512,1388.3335360021738,2401723.5403101547,1549.7495088917287,621.8883638593886,-766.4451721427852,766.4451721427852,-0.4945606807714961,9.96
10,1,188,103,3,2da55e1eb49d3ed79ddb0caaa1f0837a1d9bb5758161d10ca3bd004e9a396b8c,342.5863259435845,1276.6349343763466,2007098.6431061889,1416.7210886784276,665.4181747744782,-611.2167596018684,611.2167596018684,-0.43143055078825365,9.96
10,1,190,103,3,443e65022b938d273032348c77b7ddefabc449c6234deb32ecff56948d0f65f5,341.2686032484828,1567.4691766938267,2823402.6614212184,1680.2983846392337,615.7454307912576,-951.7237459025691,951.7237459025691,-0.5664016311644005,9.96
10,1,192,103,3,cef76cdce72264bf5a1194b1c64ace5193ecc278b328e848408b5c8cd202529d,340.90823839475013,1557.3794993441743,2790020.307560893,1670.335387747291,630.9752675335817,-926.4042318105926,926.4042318105926,-0.55462168771985,9.96
10,1,194,103,3,f3b46dd9090365b5704601bb87d9edf8526afef79602890f1a58f9e3dd78e23f,209.63122182247537,1975.9946678989782,2605946.3721467634,1614.2943883154533,542.1591555007781,-1433.8355123982,1433.8355123982,-0.8882119164735712,9.96
10,1,197,103,3,8e1f7a0aedc28c0dc8334ed01c28b3feb93891198e35e48393d36b6886497e95,204.72923289424102,2021.7120290052956,2663148.368157965,1631.9155517850686,521.8681171513567,-1499.8439118539388,1499.8439118539388,-0.9190695622781072,9.96
10,1,206,205,4,9783f1477886daf13038911a7263ae8ba9e81218d09df73769424df5e4ee161e,393.33129015085893,1309.2075067889737,2970546.216197554,1723.5272600680134,648.055241303492,-661.1522654854816,661.1522654854816,-0.38360418242493677,10.0
10,1,223,205,4,de7eac46a688f2b18d221bfc9cd3814b47a5060e436ba36a28d3bc61f439e128,393.2895732853009,1309.5589376002852,2971283.267002548,1723.741067272735,694.8342078989202,-614.7247297013649,614.7247297013649,-0.35662243092807944,10.0
10,1,225,205,4,dd2b7ce7a862160675de73fb9e89f11c9eef0808eab62beb0639dddeadb81f9c,393.2895732853009,1309.5589376002852,2971283.267002548,1723.741067272735,712.9545990491155,-596.6043385511697,596.6043385511697,-0.3461101843417259,10.0
10,1,227,205,4,cb5824e1575f2e70f3c8557709fa59c06cd54ee3f988423465028b34a5443cdf,393.2260542838228,1309.4031966913274,2970187.0028870422,1723.4230481477966,642.0135490475279,-667.3896476437994,667.3896476437994,-0.3872465604780317,10.0
10,1,260,205,4,38681052c01d02ef4854a148857631a5fa6d45e2320b7b9337ebbd0201ab015c,393.2191333834199,1309.4458205705039,2970258.9122853116,1723.4439103972347,638.1515804984352,-671.2942400720686,671.2942400720686,-0.38950744844219665,10.0
10,1,262,205,4,69a8c9c756b3e8cc3e324d2d4a7f0402c13ee9b486281a752450fb34827fd457,393.17584621601173,1309.7706587144148,2970895.65694413,1723.6286308088904,747.4008735194351,-562.3697851949797,562.3697851949797,-0.3262708539083981,10.0
10,1,264,205,4,dec38fd2d1149a027d6aafeaf67dd8775ea4f4dbe01fd6baed77124f76105fed,393.113106072434,1309.6417692502064,2969892.9900277006,1723.3377469398447,633.5273520036177,-676.1144172465887,676.1144172465887,-0.3923284442919994,10.0
10,1,281,205,4,aecb2a64f61eb133940ec36e326e6930ba68cb3ba4f4b8ef0f52b3f7190847eb,388.29918344111485,1621.0573476805805,3960507.265957138,1990.1023254991533,693.2463673138859,-927.8109803666946,927.8109803666946,-0.4662127009645009,10.0
10,1,283,282,5,75e3b547988a1cf65e89d3dac2cb1a2e43a2a1c5e164259a3202d658eac26b71,393.2479657540127,1215.0836879547996,2633918.917883959,1622.935278402672,964.065618118132,-251.01806983666768,251.01806983666768,-0.15466918069815147,10.0
10,1,285,282,5,9875c3f59c95e6fc2fc9e06791c4e5ea15c81a110ecb3fd0c474d39bbf42b014,392.62895814902146,1208.8464308141247,2609200.208695375,1615.30189398,704.1082684044886,-504.73816240963606,504.73816240963606,-0.31247295895010296,10.0
10,1,287,282,5,f32c571a7e83eaa74ca5e9a2626f4b222d364ce237808a66e7c4396ed22c375b,390.2167457306004,1152.334702529991,2415812.736030633,1554.2884983266888,745.1886072640467,-407.1460952659444,407.1460952659444,-0.2619501435571765,10.0
10,1,289,282,5,c7536a57be27a46a4a95339b60aee291ef532f5dddde5aa9b9d441e85c02a6c9,390.1704079196946,1152.4150189487395,2415672.8896965296,1554.243510424454,791.7600641481804,-360.65495480055915,360.65495480055915,-0.23204533419738493,10.0
10,1,291,282,5,09aae666dcdd0f9425ae7e18a734a0722dcc1fe9f1d789dc5ce4560fb0d6d923,390.0351575741804,1152.6734742404874,2415337.2959015956,1554.1355461804467,736.1046462608106,-416.5688279796768,416.5688279796768,-0.2680389294250851,10.0
10,1,293,282,5,97f9e86d3742e29f3fd9691ae10372c7c31c5f314d6ca5d5018292592445e34f,380.6280273473831,1263.1524677035998,2671707.5254507484,1634.5358746294767,693.3501405215022,-569.8023271820975,569.8023271820975,-0.34860190958565695,10.0
10,1,295,282,5,676c89f80034e4970fd5c70a60a31cd462d69f34c2b77733c28f8c47a6d2b250,380.6175971947601,1263.619832799027,2673051.5656789076,1634.9469611210352,678.7064007489369,-584.9134320500903,584.9134320500903,-0.3577568238966188,10.0
10,1,300,282,5,06a4a60a23c7404c12c0ec2e491d4943e6942ddf34218b78c174e7f4609d87b4,380.44456072015,1263.5535971588272,2671316.002545913,1634.4161044684774,670.0757078979955,-593.4778892608317,593.4778892608317,-0.3631130944184098,10.0
10,1,302,301,6,ed4dd3b1d34b50e5ba8fd69aadffbc3564cb6d53984d9577fb90d9bd64af8d09,345.18638798030844,1041.826783034837,1787987.911804911,1337.1566519315943,676.3298767667828,-365.4969062680542,365.4969062680542,-0.27333888347343177,10.0
10,1,304,301,6,cda1bd70f7eed8bb533929ba9fa0c51eaaec2ff06ee5ecfdb6b08604521e64ed,345.1542019682924,1041.8876215413625,1787921.0485680292,1337.131649677035,655.2826165208913,-386.60500502047114,386.60500502047114,-0.28913009808260093,10.0
10,1,306,301,6,1796c83e38695187a215cf76f1f79d561bb31f6325b05252996d6dc34725567a,344.9994311732172,1042.1707632583746,1787574.6089791046,1337.0020975971222,681.7402688903038,-360.43049436807075,360.43049436807075,-0.269581098650362,10.0
10,1,308,301,6,28b7818f5c4e0d90e589a9286cfee3f9a21e45bb23fb593b6cb9ffb6d06e8568,344.2082002638251,1043.1305033754027,1784516.7300512027,1335.8580501128115,646.3490653548578,-396.7814380205449,396.7814380205449,-0.2970236530648127,10.0
10,1,311,301,6,c5a6f51e5295d810c99f8870b6b46ac31f775c016434068f41b71f2bc4d8a07b,344.00297028734167,1044.2791451292132,1786091.104486922,1336.4471947993015,679.5735661554818,-364.70557897373146,364.70557897373146,-0.27289187361308387,10.0
10,1,314,301,6,da62ac445d9944e1b1c135be9e4290c92fc167ef4993880f10375301e7c66d50,342.56208444924516,1108.7219660578758,1947045.323301526,1395.3656593529618,779.8522490260577,-328.869717031818,328.869717031818,-0.23568712245958282,10.0
10,1,316,301,6,762017cfa2f6bc5f765f086be411ed1513c47c269f85f411707b508616e74c6f,342.4703085941511,1108.9085490987748,1946862.4308271417,1395.300122133995,756.6311637261902,-352.2773853725846,352.2773853725846,-0.2524742740176972,10.0
10,1,318,301,6,61ca0261e287e36a4f7679141d64997f015209f3fe84989d0940b876cfb29321,337.0958642156477,1394.179598667063,2703044.4486028,1644.093807725946,3932.3803881866766,2538.200789519614,2538.200789519614,1.543829663241884,10.0
10,1,320,319,7,4b0a0c2b0777e53261b4994df66c82460514a2b9ef298eb484132f35d4c92782,297.79195882919686,1012.1046390014857,1407252.264923479,1186.2766392892843,608.0680172448207,-404.036621756665,404.036621756665,-0.34059224330568394,10.0
10,1,322,319,7,1d0729947a88a478aeb1278cd55909c077c26736f00fa4dc5c9d4f7a3fdda2d4,297.61047262574164,1012.5082539672815,1407039.5952242308,1186.1869984215098,594.3399676486699,-418.16828631861154,418.16828631861154,-0.3525315037806679,10.0
10,1,324,319,7,acf6960c15a3c28332c99f6f8c02b516a21f4ecdfa3a119f3cdfbdf027967b40,297.57509910964643,1012.5970575369596,1407021.4916335987,1186.1793673949985,604.4164654317528,-408.18059210520676,408.18059210520676,-0.3441137178111802,10.0
10,1,329,319,7,1450debfb7f5cc95b084a573c80dd7f8cc8653f293da9417faa6158b32e7e78a,297.41983357467825,1012.9862471368923,1406940.454757261,1186.145208124731,601.7374092179116,-411.2488379189807,411.2488379189807,-0.34671036488791784,10.0
10,1,331,319,7,4d5b971bb86f7290f2495bb30730bfd9bec58ee14e25970c0d7fb0d4aa2b46b7,296.19253052836837,1655.984852248148,3072141.7710029986,1752.752626870945,22300.851358186355,20644.866505938207,20644.866505938207,11.778539760510247,10.0
10,1,333,319,7,4cbaf2679b0d5ea96b0e49fcc9fc353b99a7c0217f384e9afea0a77cd9d48c98,295.57330246134586,1657.7046495109812,3070593.585909611,1752.3109272927595,22889.298067281703,21231.59341777072,21231.59341777072,12.116339108021522,10.0
10,1,335,319,7,6d0112ae27b5e6b9e2c981b2d8f57b57d85b58cacce68c7a287f09d04e743500,295.4189054302812,1758.4508083621179,3363703.9059442515,1834.0403228784942,2106.991120956883,348.5403125947653,348.5403125947653,0.19003961267751046,10.0
10,1,337,319,7,a2987b6153d3a8c1bdcfca06eb11ab9b0dedc615863d1bc99bc32ca15a8014fc,295.15243487327615,1759.0489069173138,3362493.6685739364,1833.7103556925058,2113.7893407340002,354.7404338166864,354.7404338166864,0.1934549983400828,10.0
10,1,339,338,8,d58717fe132ea0ca25d8f7adaa10de4d8f152fdb6fe7c7b5a29c2b10fc1b586c,7043.319581376945,19232.262370157492,1319214411.8076158,36320.99133844802,620.9888138896287,-18611.273556267864,18611.273556267864,-0.5124109466848907,10.0
10,1,341,338,8,5a9e3da450abf40d9fce7ddaa1b23a51a5be3e3d3ae44867a317efcba4d9273c,7037.763079352285,19243.801362035847,1318789043.6441255,36315.13518691794,626.8754236568104,-18616.925938379038,18616.925938379038,-0.5126492257995379,10.0
10,1,343,338,8,0eec139b19952d56c678d2561dcb61e023eec5bc1bea13a7ba3b3e5e208ca48d,7030.50504064437,20229.435486201124,1379883323.8682175,37146.78080087449,617.7757068479904,-19611.659779353133,19611.659779353133,-0.5279504537548364,10.0
10,1,345,338,8,9cef2c7df186b7c1b884deb5fbbe4cff8f74d1d91a23abf631ac5041ac98bdc9,7023.350119423524,19274.045501219756,1317703784.0850036,36300.18986293327,572.9202068887575,-18701.125294331,18701.125294331,-0.5151798204071387,10.0
10,1,347,338,8,61d3a210cc50a6d77aefca132c4f0f6307813a647c3331669aab1f61b0060ea4,7014.736014087814,20262.086609803267,1378593949.2285852,37129.42161182403,654.6665377260458,-19607.42007207722,19607.42007207722,-0.5280831001642414,10.0
10,1,349,338,8,2e2b2232ea176d5edc7b4bd96d552803ec6e05a801b3c230c55042ba945f6173,7010.471445348973,19300.730928226047,1316710631.1347806,36286.507563208404,564.9356317770602,-18735.795296448985,18735.795296448985,-0.516329527271607,10.0
10,1,351,338,8,a2f4e1838306f10ac0e53b058b646bb1ec31c8ade35845ebf7363af7a2a7a42d,7002.091487416017,19318.544510500407,1316091695.352165,36277.978104521826,582.0806096664583,-18736.46390083395,18736.46390083395,-0.5164693535800599,10.0
10,1,353,338,8,cd4b090d64fd6a64f7b89cbc761dff72529aa99208d48118896cb5498f8e39a5,6986.584080385469,20322.385221265737,1376412832.0525043,37100.038167803876,576.3691525449657,-19746.01606872077,19746.01606872077,-0.5322370823288463,10.0
10,1,355,354,9,6af97ae5f884a552ea14ae9903f2aa7a49acfc71c3fa66187abf41e72eee9cb6,7483.484781403076,17834.956324309398,1309804442.9184964,36191.2205226419,620.0562172533286,-17214.90010705607,17214.90010705607,-0.47566508834058546,10.0
10,1,357,354,9,02812b367ba6d3fd1b583b42966de04ee668a5fe8283fd711197e15202ced747,7483.366058568579,17835.201449304208,1309796210.1999397,36191.10678329608,623.5994981534553,-17211.60195115075,17211.60195115075,-0.47557545156631476,10.0
10,1,359,354,9,58bf7f52d1fef559dac4881fc5b0fee0422ebcf412dd6efa807d3ef0a9bbe5e0,7483.017052498954,17820.694459338407,1308788206.793748,36177.177982724796,580.6934358885794,-17240.001023449826,17240.001023449826,-0.4765435554891046,10.0
10,1,361,354,9,1c171d89c85eb473c4823f6e5572bdbdcfa66751a661d55d33ee446860254eb1,7480.331750882761,17841.531955584593,1309589986.6566567,36188.25757972684,648.6945311459629,-17192.83742443863,17192.83742443863,-0.4750943696739435,10.0
10,1,370,354,9,a0523f8c53f8c91aa163d5c3a410bc3f1675e77dadb1b40dca01fe415f274ec0,7480.215019140753,17841.771424814448,1309581788.1941185,36188.14430437292,644.492594449207,-17197.27883036524,17197.27883036524,-0.47521858777066794,10.0
10,1,372,354,9,96cb0d4f861d0bf5564880da9485a7f388fd63ec9cc34232114962d0f7c11360,7478.2647377741605,17845.733221790935,1309442265.8751726,36186.216517828616,588.2844834510726,-17257.448738339863,17257.448738339863,-0.47690668986732215,10.0
10,1,374,354,9,96cedcc36b1cfed10f9cd733f1c4211fbc8f0b3cd3f3e4b026090c5ce23893b4,7472.538234604137,17857.557631284475,1309044733.8358707,36180.723235389734,568.1517969054405,-17289.405834379035,17289.405834379035,-0.47786236117766745,10.0
10,1,455,354,9,8467a0ecbab5fcf4dbe222659aea1b219c7c2ee61d6c306909e34dd0238ccdc1,7439.4889464686175,17937.84780091228,1307519624.1163912,36159.64081840956,635.3219653697929,-17302.52583554249,17302.52583554249,-0.47850380822182953,10.0
10,1,457,456,10,3cc0814f09c411c022828a5b68db7e2ff909b9b1b63b301d3d568db83f18faca,7292.872912397632,18938.766187593435,1350521189.341949,36749.43794593257,3008.277107130879,-15930.489080462557,15930.489080462557,-0.4334893258476554,10.0
10,1,459,456,10,bae6a492656565963ccd5818f0f724a55f8cf474578781be3306490efd6a9a67,7286.678791099417,18952.04557349638,1350085714.93784,36743.51255579466,2129.8363514293324,-16822.209222067046,16822.209222067046,-0.4578280096798772,10.0
10,1,461,456,10,dba647853ad5bd8b43a98ec3c1d9856adde44c1d5da21f6ba150b6f751d1bc52,7242.848340998516,15971.210795085071,1153702975.536042,33966.20343129391,2110.002467793166,-13861.208327291904,13861.208327291904,-0.40808824440241176,10.0
10,1,463,456,10,f2aa491286697baf60c80617ea1b6453a98b6ebda472a5b0968f8b76e1ab468c,7242.802119458934,15971.307498956488,1153700202.5726118,33966.16261182019,2151.0504044349746,-13820.257094521514,13820.257094521514,-0.40688308692581243,10.0
10,1,465,456,10,c557395a64addc29a8a26afd24dbe52e17d8d77ba5a91b3fcc75e79c576818a2,7242.777461844195,15971.380052651031,1153700011.4048972,33966.159797729524,2111.960694839015,-13859.419357812016,13859.419357812016,-0.4080360994691679,10.0
10,1,467,456,10,b9edd018217a7b88a3c54b9f07cb6c121b68a389a0777c5f92e28387561117bf,7242.557667827735,15971.808583057262,1153684900.737267,33965.937359909076,2143.49500516641,-13828.31357789085,13828.31357789085,-0.4071229782756647,10.0
10,1,469,456,10,fc72d7bd71ac40faa176f926ec156ac787525a04cd10ad2463c81b8a85b1ecc8,7192.75702167805,14982.593562829667,1084313619.124843,32928.91767314624,1936.6067309755267,-13045.98683185414,13045.98683185414,-0.39618632356365696,10.0
10,1,471,456,10,5bf08a8e893a546710ca1ac90c9da082849345b45b1e944fe5745ebfbab65177,7192.297015592902,14983.750038217653,1084299728.1411345,32928.706748688666,2149.6022710626776,-12834.147767154976,12834.147767154976,-0.38975559730009973,10.0
10,1,473,472,11,fd6ccded0a736305e7dc7d0abfd05594a3d02fd1572355a0825ad8d7a79d8f4d,7124.419614871395,15476.570937924364,1099956647.2140877,33165.59432927575,3581.9225067446932,-11894.64843117967,11894.64843117967,-0.35864421162144206,10.0
10,1,475,472,11,e968be1aa5f1f3536fc91ec5576e29e7bab60b616bacbddd1acf7bb7f1a0e959,7124.405553183836,15476.485989172746,1099948951.758875,33165.47831343421,3465.658658299302,-12010.827330873444,12010.827330873444,-0.36214847310096737,10.0
10,1,477,472,11,77ec9e4f86e488895e2d0973ea9247e27d3876e4d87560ea064a562e37fdd45c,7124.353621109532,15476.592065344712,1099945795.9986947,33165.430737421375,3565.793363197404,-11910.798702147309,11910.798702147309,-0.3591329416598851,10.0
10,1,479,472,11,72edb938d222d352b026754f210e30f7f77369acbf2deef0db59f1b588634aef,7124.3335686027185,15476.632514678473,1099944546.7779853,33165.41190424122,3582.087986986565,-11894.544527691909,11894.544527691909,-0.35864305144272385,10.0
10,1,481,472,11,7f78ae48487ae673c916b44f05054c9fc27ead0a2ffae56b3563dd15b7d0a6a5,7124.325456799324,15476.649136586026,1099944057.019768,33165.404520671356,3589.851873779297,-11886.79726280673,11886.79726280673,-0.35840953652164614,10.0
10,1,483,472,11,2741de892c5db5553f2363a8d1bdb1a2f5c7614e5bff56ed5bb20c24552a5444,7124.0209952121495,15477.299871254252,1099927290.9168882,33165.15175476947,3466.3632528902303,-12010.936618364021,12010.936618364021,-0.3621553342247781,10.0
10,1,485,472,11,a56d011859d270dfd33a3643134a01b490b5f78af3fe56f6be15bd53367ccbed,7122.638285300937,15480.228078187121,1099849504.0396812,33163.97901397963,3584.5288037232676,-11895.699274463854,11895.699274463854,-0.3586933663614204,10.0
10,1,487,472,11,460aa1534b0db21a8114728c2c971c8a51909134cd609ce58683556e6fd52675,7122.514133230164,15480.281027457517,1099829883.9102142,33163.6832078437,3940.6107567989466,-11539.670270658571,11539.670270658571,-0.3479610572304969,10.0
10,1,489,488,12,e411ddf99d7dfe0194501f5cdf730816e7f9674b8a7731cb9bbdaf10844f3194,5652.450369262516,10149.735902712828,587317172.7757685,24234.627555953248,1939.5337197660197,-8210.202182946809,8210.202182946809,-0.33877979614050097,10.0
10,1,491,488,12,31e0fc220dceac1aeb32718dfd955ca8de87aafe0cbc04c6a7c5bbf8909b09bd,5652.450369262516,10149.735902712828,587317172.7757685,24234.627555953248,1940.9528004964193,-8208.783102216408,8208.783102216408,-0.3387212402280107,10.0
10,1,493,488,12,2c92b8b43e617f51aac9039a21e4a6ee32d37e62fac3b01e467dc1c13c1aeda3,5652.29230431935,10150.058873826843,587311162.4247451,24234.503552265003,1918.7123924794823,-8231.346481347362,8231.346481347362,-0.33965401699256365,10.0
10,1,495,488,12,43356ce868b995babcca4df48eca1a7d00f23667e619a7cb026d16245597bfcd,5652.051170730893,10150.574655651437,587303045.2164823,24234.336079548008,1934.2472552983447,-8216.327400353091,8216.327400353091,-0.3390366203300723,10.0
10,1,497,488,12,3ed70090aa5fa4c6241363a694ec2846cee75fceebc0c6cc545c1f229fe2cae2,5650.196895650865,13784.080323573151,758987417.6405331,27549.72627160809,1935.2501917058771,-11848.830131867275,11848.830131867275,-0.4300888515207615,10.0
10,1,499,488,12,e3c1ffb0ef7ce603480f15bb160456b875564ac6f4be95014eb6cc2defd68e03,5649.91581695164,10155.166152662563,587232230.5086422,24232.874994697642,1926.3785021232836,-8228.78765053928,8228.78765053928,-0.3395712498966717,10.0
10,1,501,488,12,7b9d6e8396707e12e87f26c9b5b45b864995871650677513ede330839cbbf36d,5649.90371560261,10155.206338443204,587232474.7900423,24232.880034986396,1925.9030972259213,-8229.303241217283,8229.303241217283,-0.3395924557599496,10.0
10,1,503,488,12,a99793fd4d3edb7390563b9363da5a6f7b609f4ef4b6dce829a3562801eece4d,5649.505183656076,10158.701540001019,587339520.9152876,24235.0886302338,1930.344029004646,-8228.357510996373,8228.357510996373,-0.33952248479633446,10.0
10,1,505,504,13,a6c44a489c77d24d81c82f6e88f80fe7a4828d82d1cde555e7bd4c16b5fa9291,4687.460832912686,8328.391870618212,396308444.34907615,19907.497189478043,2027.1710433189314,-6301.220827299281,6301.220827299281,-0.3165250140349006,10.0
10,1,507,504,13,5446613dafbc06c07d2e312f133a4e88ee0d43f6dcf29ca00adddd115e6cbe4d,4687.460832912686,8328.391870618212,396308444.34907615,19907.497189478043,2029.9355087434403,-6298.456361874772,6298.456361874772,-0.3163861484910204,10.0
10,1,509,504,13,13d3f2963a53e00d8032a613cf24a4bc747dfdf30e59372bb7edd036079c98e1,4687.460832912686,8328.391870618212,396308444.34907615,19907.497189478043,2045.238543839888,-6283.153326778324,6283.153326778324,-0.31561744135768294,10.0
10,1,511,504,13,d2f34f30fe69e3e93a0f6f28b9fcfe86b192c5f6d2a32fecd184129a59ecaef1,4687.460832912686,8328.391870618212,396308444.34907615,19907.497189478043,2023.6400752366192,-6304.751795381593,6304.751795381593,-0.31670238279445406,10.0
10,1,513,504,13,719a996608a6a8d96a0832554fd2261e5e2370541a6567017157f19ab65e9663,4687.460832912686,8328.391870618212,396308444.34907615,19907.497189478043,2039.6901115494545,-6288.701759068757,6288.701759068757,-0.3158961520483149,10.0
10,1,515,504,13,06d69c5433d7c2bdf242ffdaf1cb6d536f22e78f31afa68919a76d3378f2b1f7,4687.460832912686,8328.391870618212,396308444.34907615,19907.497189478043,2020.2975995458737,-6308.094271072338,6308.094271072338,-0.3168702831416917,10.0
10,1,517,504,13,ece9773d03a268a26a7acc1f6d00ecd6b9c0b2ad0add58519a310b403903dbd5,4687.460832912686,8328.391870618212,396308444.34907615,19907.497189478043,2009.856261713818,-6318.535608904394,6318.535608904394,-0.31739477588594156,10.0
10,1,519,504,13,28fd2a06a856c3ebfb09f38fa61b2215192a7658f95c44ac4be99241289ea10d,4686.96350741743,8328.639642772563,396264302.5308759,19906.38848538016,2037.4602211692115,-6291.179421603351,6291.179421603351,-0.3160382118646875,10.0
10,1,521,520,14,0dce1686328390dadc08ee03bc4ab8207c7237b3dc9562b4ec96bec712f33cd4,4888.284059035546,12673.335707555783,598513159.9853451,24464.52860746238,5126.252925017386,-7547.082782538398,7547.082782538398,-0.30849083191557275,10.0
10,1,523,520,14,e03a9dcbf33f6ba6e60cfedc5eb2c237fd7e51955bd237cb3d887e60c55c214f,4574.585939366106,8116.544349709692,378411322.65204865,19452.797296328583,666.0435772616454,-7450.5007724480465,7450.5007724480465,-0.38300408208408226,10.0
10,1,525,520,14,bd6f63ca77af112e699bea1c3e85ebef7ef9b495675a5dadd02ad7b4c4548e76,4574.434207765827,8116.354292594151,378388396.9592422,19452.208022721796,674.4051352414218,-7441.949157352729,7441.949157352729,-0.38257606276161116,10.0
10,1,527,520,14,6d98154bc2bf649def1fd6772f708ebfa9c44718d051c82acd095bfa85c03ed1,4574.412186707783,8116.769797493037,378401346.8110453,19452.540883160877,668.8023685474589,-7447.967428945578,7447.967428945578,-0.3828788986323593,10.0
10,1,530,520,14,eeca14aa08769721fc244cd19a640a4f67680d49fc0518a0cd963b982fbf7413,4574.4004149229095,8116.9674657013675,378407371.3125787,19452.695733819997,657.471719803473,-7459.495745897894,7459.495745897894,-0.3834684841612462,10.0
10,1,532,520,14,8f6b0721d73cca31bf4c63f475c9a690dd9150248e834e24f5eb4a9bb5cbe92c,4574.383606489808,8117.063431206929,378409130.433564,19452.740949119845,666.093300744259,-7450.97013046267,7450.97013046267,-0.383029319618827,10.0
10,1,534,520,14,ef2c6d23f37a0c55bf15b971c399c855071ac651f88e3f25681ca4814bd7ace3,4574.359170219034,8117.073534777639,378406933.80815446,19452.684488474963,637.1649635680998,-7479.908571209539,7479.908571209539,-0.38451806359379986,10.0
10,1,536,520,14,3898dd160eb28143180e238c241f9a3cb24d44fd75d9d4c951c67180d53ce925,4574.262302646706,8117.278382785998,378404280.0487734,19452.616277734298,670.2126556743275,-7447.06572711167,7447.06572711167,-0.38283106091162,10.0
10,1,538,537,15,681bc91b7010c3b965c1134311b1b86fb02e4f2ff16296ca099b6f2994cc1356,3782.448259291463,4552.672633785249,192413590.27549404,13871.322585661903,1997.206307336056,-2555.466326449193,2555.466326449193,-0.18422658046253293,10.0
10,1,540,537,15,8549718491638228d0a82520eaa88530e6d21a4fabb6c04852890dcf7f86fed2,3782.4106299750006,4552.762811849123,192413398.85187954,13871.315685683156,1931.15266085538,-2621.610150993743,2621.610150993743,-0.18899506077131212,10.0
10,1,542,537,15,824e8f3117bb51edde9364436ea303d2fd6bf90797b07d2ca54b5a3b89dbcc69,3773.7244035199765,4571.465255439632,192309441.91959694,13867.56798864159,1982.3823441014144,-2589.082911338217,2589.082911338217,-0.1867005745678578,10.0
10,1,544,537,15,0a4975a41712cfae321edad759ba4a3fc0fa2193f20be38c2f956876032b7212,3773.120522470972,4572.627964717124,192298328.45792472,13867.16728311607,1929.4751260776713,-2643.152838639453,2643.152838639453,-0.19060510230215627,10.0
10,1,546,537,15,e507fa123c8dc560e7a09c25a9a0c0b032d796f022dd360af5e01175810f5630,3772.9645907982185,4572.987571159008,192297124.14145207,13867.123859742946,1926.0248719186493,-2646.962699240359,2646.962699240359,-0.1908804396652606,10.0
10,1,548,537,15,f2c885005c5226a7b569e20ff13b048b3a9f661f14bf991f8c265ab4b0fb6674,3735.395114259133,6134.173773255088,234256501.57591265,15305.440260767171,2329.9334379870484,-3804.24033526804,3804.24033526804,-0.24855477989872313,10.0
10,1,550,537,15,07b2dce34e4378b67ce42fd96c11201d4505b8023f60621437812f3824516e7a,3718.991693063012,6172.999957718734,234052784.85943347,15298.783770595408,2340.5347348145765,-3832.465222904157,3832.465222904157,-0.25050783646411406,10.0
10,1,552,537,15,5da14a1dc21d1eb7d9cc3ce66c88a80762a7bc66501f2f841abdf020e36989f5,3611.282512445049,4935.072223256282,190605129.66860294,13805.981662620117,2314.633836981263,-2620.438386275019,2620.438386275019,-0.1898045680713811,10.0
10,1,554,553,16,66aa5d675a588da8b7c444554f70d5217957d65b7ecb5dc43f1b3cd6f2559c96,3086.216596897637,2795.2465236160106,104963361.04140186,10245.162811854278,585.5510646492544,-2209.695458966756,2209.695458966756,-0.21568182951763382,10.0
10,1,556,553,16,59650c4b2c9e67a0c98737fb9b9455463eb00048e133d4f830f1dfd9aaf4389c,2833.7175751652085,3282.6776677005405,102085781.28617676,10103.750852340767,1986.686582253196,-1295.9910854473444,1295.9910854473444,-0.12826831385565077,10.0
10,1,558,553,16,fe9f8234a0388da55534b5163afa13d3042bad484621abc6c06460ecbcdf4fe3,2831.75865435314,3286.475815813937,102061823.7360886,10102.565205733077,1911.65614257196,-1374.8196732419772,1374.8196732419772,-0.13608619645055936,10.0
10,1,560,553,16,57cee60484164faeff8e98c884453817be60615353e281e7533334cdaf033f71,2831.4168337974734,3287.659676325636,102068449.46384783,10102.893123449729,1998.1482139972725,-1289.5114623283637,1289.5114623283637,-0.12763784062362205,10.0
10,1,562,553,16,4fadf170b048331cff6cb7850bd62b6eb6a26e283d7310942f3c863bd0cacd25,2831.3815699014494,3287.7317421081825,102068094.32491861,10102.875547333968,1991.489578694045,-1296.2421634141376,1296.2421634141376,-0.12830427904817662,10.0
10,1,564,553,16,e857701dc42dc49be1cccedaf55b8fd16bf4a52bd7f11cea20d19616992fcec0,2829.3693364973415,3291.797557640536,102046848.50332463,10101.824018627756,1989.6808078496142,-1302.1167497909219,1302.1167497909219,-0.1288991718119242,10.0
10,1,566,553,16,926a264dd1cc2ab83508e953cccd643e6f1287d1586391dd968c86aad14a3c72,2828.870384131328,3292.9220221538335,102043986.26338087,10101.68234817255,1992.7606078639176,-1300.161414289916,1300.161414289916,-0.1287074142184962,10.0
10,1,568,553,16,af305361c0c1251dd36499a2ed7e5d512b6067446e6626de41145a7252e3664d,2825.223247784205,3424.77576843739,104592478.386488,10227.046415582947,629.9686286097825,-2794.8071398276074,2794.8071398276074,-0.27327607857231984,10.0
10,1,573,572,17,119ef9acf18a873bb4a8f93c78fe796a3598a24c6d5cc601d148fd8b210d0f28,3244.3673453642577,6031.351788019407,193157520.37533864,13898.1121155119,2148.701513918482,-3882.650274100925,3882.650274100925,-0.2793653009726003,10.0
10,1,575,572,17,f98164ada9432355a133c0e2dce15674c2cd18ede8ece6aa7751b2cd6973763d,3065.5870811685245,6564.101320859012,193367178.03511384,13905.652736751117,3889.710186582623,-2674.391134276389,2674.391134276389,-0.19232402713525745,10.0
10,1,577,572,17,26df523aae9f56cef241b7c72d8206cca8c89a7c44e0f5e515610a1b8a45c1c7,2841.0972682382358,7298.764536070214,194444187.5742487,13944.324565006678,1834.5730685763888,-5464.191467493825,5464.191467493825,-0.391857736961045,10.0
10,1,579,572,17,66251a7adcddce30cfbe2bc867423c67a320edc66ca3bc8eeb03312d5d74ad2c,2760.0961168395843,3210.9108947364966,97107512.56355685,9854.314413674696,1942.3278726288765,-1268.58302210762,1268.58302210762,-0.12873376765279834,10.0
10,1,581,572,17,28b3adabf5f7e43c59ad674ae45d61f25236b38e9145d10a9212cd5f33066b99,2504.656449743474,3870.889950145079,96948237.12020548,9846.229589046026,2360.5456208200167,-1510.3443293250625,1510.3443293250625,-0.15339316594905802,10.0
10,1,583,572,17,bf785b48466c716848f1b446362a969a2b20b2d52798b881408f7b487cf8709a,2495.291068031121,3902.0532187884714,97059698.84079424,9851.888085072538,2176.819819471571,-1725.2333993169004,1725.2333993169004,-0.17511703182367178,10.0
10,1,585,572,17,0fb53c7a7edb3a51442ccc1a20fe6f039fa3d048bf1103ce3f7fcf8a8e3a04b3,2478.5991878294353,4018.343608416789,98422727.79648092,9920.822939478405,3585.783373776831,-432.5602346399578,432.5602346399578,-0.04360124530785145,10.0
10,1,587,572,17,222fe9b75bf9e9c2969a1c148f43c5ec29f0f1b851b6e43f7ff456faf9d24ffb,2471.839570559383,3927.161364697776,96317640.59928787,9814.155113879537,2329.3345018174914,-1597.8268628802848,1597.8268628802848,-0.16280839708968728,10.0
10,1,589,588,18,bfc7815f5c15e4ca353e9ecb42f18d08c6743e17d9bb7bcd239bc9e496dee63c,2514.719800836483,4287.077483359811,105575679.08658925,10275.002631950478,1955.0056174230094,-2332.0718659368013,2332.0718659368013,-0.22696557358390768,10.0
10,1,591,588,18,202092890fc3e18dd4b496ce11155481641bf41d65f9fbe123db9ac633f8b66c,2514.1375254436252,4287.953765499286,105561001.0220988,10274.288346260231,1953.8757597952178,-2334.0780057040683,2334.0780057040683,-0.2271766108796875,10.0
10,1,593,588,18,52eb98c3502f6c89f2fed761b7c0091989d5d90f60ab1cf4a7e9df495f5d40cd,2513.3655805158796,4293.958650588785,105637230.19023004,10277.997382283673,1952.249418239401,-2341.7092323493835,2341.7092323493835,-0.22783711118528013,10.0
10,1,595,588,18,b8e4e4a79e723f75e00e1f33217c3795b8f8c65660069bc5210fc576aedc9fa1,2335.489122203564,4841.189817880053,106390966.48100841,10314.59967623603,2029.7627602162988,-2811.427057663754,2811.427057663754,-0.27256773368927206,10.0
10,1,597,588,18,120e0d483b2c582f04b8a70850ceb14b835f89b8ecea2d0e7f5ef3b0765344a4,2328.576886704837,4842.262689025994,106022716.53311895,10296.733294259833,1988.4703440656565,-2853.7923449603377,2853.7923449603377,-0.2771551193378248,10.0
10,1,599,588,18,dcf3c67bda11987b681e1598fc761b2e2199a9b88f19caa01ef431a8681c932c,2311.042984309941,4787.499947052188,104000345.39603211,10198.055961605236,2070.222241503783,-2717.277705548405,2717.277705548405,-0.26645055839845466,10.0
10,1,601,588,18,82f87a25567975c6371e4dbd6e9041618f4541e5581865876432b66cd95dfe5f,2294.9361649782595,4817.538390117393,103672159.45266709,10181.95263457197,2276.4197029036704,-2541.1186872137223,2541.1186872137223,-0.2495708611514815,10.0
10,1,603,588,18,0e36b82ebbe1402f43ea1739cd02e14f94bbfb3dc883c7dd1cae9bbda2d92422,2293.5777160323833,4851.633433405587,104240138.5250333,10209.805998403363,2116.343985601868,-2735.289447803719,2735.289447803719,-0.26790807271278916,10.0
10,1,605,604,19,b133efd4abba6a21e0e7eb2a9a14da162a6f31dda09a3135252cb18b9d78a408,988.4378389155856,2376.68588350834,18971390.96086868,4355.616025416919,545.4305993918217,-1831.2552841165182,1831.2552841165182,-0.420435427142876,10.0
10,1,607,604,19,8996b1ae9be4a3dca8730214c91ffaa9442d27d4afeec484af911493f1a23b77,988.3237910451583,2376.956972644678,18970876.505174242,4355.556968422551,545.3514735077366,-1831.6054991369415,1831.6054991369415,-0.42052153431029343,10.0
10,1,609,604,19,144ca44a77190aeeca5371921343a40634cb1024f0f274fba001b19bbfa0c103,987.111663439089,2384.7586261398,19005215.773250163,4359.497192710435,547.3714898523658,-1837.3871362874343,1837.3871362874343,-0.42146767277651886,10.0
10,1,618,604,19,d1849d13cb3d2286fde74e2547e2dc011f1545282640a46ad80333eb3cd578c4,986.9728699269074,2384.792759891196,19002190.490519293,4359.150202794037,544.9686978706205,-1839.8240620205756,1839.8240620205756,-0.42206025863511737,10.0
10,1,776,604,19,26223bea70c987ad8eb4fc39247dd2221818d996b67d9ebc2a62c3b6476cb6c5,958.5420936996638,2322.2814751685364,17838306.530935246,4223.541941420169,562.3552056457057,-1759.9262695228308,1759.9262695228308,-0.41669439866650276,10.0
10,1,779,604,19,92102d39b91313bea9cd17477f85eb4be9edbb4c3bfd545ddf335bad4f7a5291,958.4358100547875,2322.015885845743,17833773.975917522,4223.005325111197,544.6442600635567,-1777.3716257821864,1777.3716257821864,-0.4208783766417311,10.0
10,1,939,604,19,f2d823b08b08f2096de1d20e43ae787f3f803188deda32c32cd0449c31e76330,920.888574573893,3486.4248491965573,26460353.022072047,5143.962774172462,1555.1527323713206,-1931.2721168252367,1931.2721168252367,-0.3754444193340671,10.0
10,1,941,604,19,6a38b9b7a9dad0f0c6a72eb6b43e18e9e797c7d6ed156ec81c9a496265f3f6be,920.7973771515072,2577.5500383784306,18950322.548705027,4353.1968194310975,1564.9353919443458,-1012.6146464340848,1012.6146464340848,-0.23261402790568506,10.0
10,1,943,942,20,1e7aab4e02ca454c69033df507bcc5813c151ed5c0bbc93f136111966e18e3b1,4593.31404838661,7711.76657544786,367210064.2336903,19162.725908223245,1839.2633610735036,-5872.5032143743565,5872.5032143743565,-0.30645448056293007,10.0
10,1,945,942,20,288b3d98b0cf5868acd660d97e63fe6b4a05b1f06660eb37d8326094fe480922,4578.685465450626,7743.957642063734,366877154.59959865,19154.037553466336,2129.753255639895,-5614.2043864238385,5614.2043864238385,-0.29310814342680597,10.0
10,1,947,942,20,8012c0f5a83ff33b2828eb45e62f7950f38ea709abe8922a585b36cd272efde6,3928.40609264289,4340.2220409374595,198416996.40784144,14086.056808342122,572.7636580939245,-3767.458382843535,3767.458382843535,-0.2674601156380649,10.0
10,1,949,942,20,b1ece5994966027dcee2b1b0ec33cff08730ae3d6fc3eb403235014179940977,3928.404886532097,4340.241623312471,198417473.0672075,14086.07372787774,571.1394518592141,-3769.102171453257,3769.102171453257,-0.2675764903880795,10.0
10,1,951,942,20,8ab9f93b97dfb49483574d3063b35f72347cccdfac715297cda8d2d05edc5284,3928.368966977762,4340.339212198935,198417658.74192235,14086.08031859546,555.725307797904,-3784.6139044010306,3784.6139044010306,-0.26867757522331087,10.0
10,1,953,942,20,46c70fcca476337186c4412df7fb6cd051d5e30956b6dd98396076cac833f511,3928.304643505973,4340.488839291293,198417266.14152473,14086.06638283111,557.437792733703,-3783.05104655759,3783.05104655759,-0.26856689041083787,10.0
10,1,955,942,20,fa39cc6108f9caf9b2087205c0b24960adfa94df50d9acaf592489e1aa7a5103,3928.3010551740895,4340.496054521872,198417211.58520618,14086.064446296068,573.5405708948771,-3766.955483626995,3766.955483626995,-0.2674242687152774,10.0
10,1,957,942,20,4ef111409ff90a9560ea19ca5e3f57088f276e3175ff08adc07ee43911aeae3e,3928.2670824614424,4340.5691244079335,198416832.37197778,14086.050985708442,559.3745716287632,-3781.1945527791704,3781.1945527791704,-0.26843538736410444,10.0
10,1,959,958,21,028406b93a24216e710fc8d689acdabb3d7951df9a66de1f2fc4d116b26aff92,1156.1242091419983,1494.3926723563395,15694134.01535609,3961.582261591458,532.8745064533118,-961.5181659030277,961.5181659030277,-0.24271063994434483,10.0
10,1,976,958,21,cddebf9cce0dc4a57bb3791361d91aac7858990f650c147f3f0c598132c217ca,1156.119431412998,1494.4938956618485,15694876.920559384,3961.6760241795873,556.4961735446044,-937.997722117244,937.997722117244,-0.236767902370687,10.0
10,1,1009,958,21,3b5bd5e62edfa1d63993ccd3a58f4f99261abf0d5f90df8607afcaa9c59db772,1156.060251672252,1494.5951506059146,15694508.982977679,3961.6295867960293,543.0384413247157,-951.5567092811989,951.5567092811989,-0.24019325594010696,10.0
10,1,1026,958,21,ba954229576f0f5ac4fcfd3e276e025742889bc994fc880f93551ee6274331e4,1117.1597312927015,1329.2146680736485,13591606.105882425,3686.6795502026516,526.9294228967995,-802.285245176849,802.285245176849,-0.21761729877844915,10.0
10,1,1028,958,21,bf4b3a374b4e3395c883edce97cb55dd0a613e8888c3983e1f360796bc6542ca,1117.1566255654839,1329.2208571741257,13591596.205827236,3686.678207523303,526.9294228967995,-802.2914342773263,802.2914342773263,-0.21761905680840604,10.0
10,1,1203,958,21,cb23432afb02137ba091ed33130ef9d5e2d37f4bd53fb272c0c4a1d0d2beebe4,1117.1452399849018,1329.2967307115835,13591979.011801396,3686.7301246228203,541.0830338622585,-788.213696849325,788.213696849325,-0.2137975035343725,10.0
10,1,1206,958,21,70b5359a3004005f87b9927d75e5c6b02d54d86e5072f71c0e9b9c65fc8774a3,1117.1201104940637,1329.3590572050189,13591995.414426768,3686.7323491713864,528.2227443290479,-801.1363128759709,801.1363128759709,-0.2173025424685442,10.0
10,1,1208,958,21,1550fa441e3c323f4e91627ed14ab83c95090d186fb94a62be477e89605d5097,1117.0418957758623,1329.4718345863648,13591406.489154875,3686.65247740479,540.7910262377575,-788.6808083486073,788.6808083486073,-0.21392870990210536,10.0
10,1,1217,1216,22,e61608907f236749b1dd6742c4e88225891b42577119dea227f866261fc7b88f,1514.7766362992504,5058.360032182409,68091506.69168644,8251.757794051304,4072.742678185665,-985.6173539967435,985.6173539967435,-0.11944332087731363,10.0
10,1,1219,1216,22,ae60c5dd9b4a948d8c9755ade6881ec5ddc8ec761b343a1af018ca1f3785e3da,1479.7487512525176,2881.299571571821,38511004.86586636,6205.723556996909,1584.325014488143,-1296.974557083678,1296.974557083678,-0.20899650865391006,10.0
10,1,1221,1216,22,23486f0c8d4a17cd5f97749ae037bfc06ef96e10a849f26ba092db716061ec3e,1479.693663486919,2881.425843123397,38510653.96454304,6205.695284538473,1583.1273521153614,-1298.2984910080356,1298.2984910080356,-0.20921080257400876,10.0
10,1,1223,1216,22,10d2760c015687d451269f7558eb55fc800c16e093dc8390e67fe3120604ee7e,1479.6753943355625,2881.4476687243387,38510301.120749556,6205.666855443463,1581.7572500941728,-1299.6904186301658,1299.6904186301658,-0.20943606044370694,10.0
10,1,1225,1216,22,58816a89a9abbaca67d1436170f3e7bb76cd002c4e7b50ccc8843468a73a9cd8,1479.6268902557904,2882.174992574504,38517258.525527336,6206.227398792872,1587.1014430961225,-1295.0735494783814,1295.0735494783814,-0.20867323516542058,10.0
10,1,1227,1216,22,d474375f59345a263ecbaafa2fd54c005d502e1d9a18ed1bd0aa5c752fd4a370,1479.5645697530726,2882.3068513605567,38516731.67745187,6206.184953532393,1600.1855930251304,-1282.1212583354263,1282.1212583354263,-0.20658766503658219,10.0
10,1,1229,1216,22,ae6e8b2e993e3354ba9765e18719d4c7e71bfcfe94852d226bed0f4a73cbc54b,1479.4831217841408,2881.847562269641,38508594.5624994,6205.529353931008,1596.397958585951,-1285.44960368369,1285.44960368369,-0.20714584209796671,10.0
10,1,1231,1216,22,64871e7855d64771de4cee13fbb294fe1d695d93c9cda4bc6f13dcfc19df9a0d,1479.3803597010146,2882.6813687400286,38514994.470548384,6206.044994241372,1587.0623870734012,-1295.6189816666274,1295.6189816666274,-0.2087672556142987,10.0
10,1,1233,1232,23,faf381ceb25197dfce818baa29840398a212a2e806f7f4114c07d71104acd032,4232.567668521816,3458.1346635697137,194741164.33040306,13954.96916264608,1537.3855146119088,-1920.749148957805,1920.749148957805,-0.13763908229185945,10.0
10,1,1235,1232,23,7b8cbb0bf4ce899810332ac22cf8e517240991e42ce1d161b4bc282f2020ec34,4232.4750886710435,3458.309780807049,194739770.97267547,13954.919239202909,1539.4272487563317,-1918.8825320507171,1918.8825320507171,-0.13750581419776972,10.0
10,1,1237,1232,23,6cc96c10f36e0f9278871e20865029a60f3ef6006ccc10a5977dc142f9ddca1c,4232.380378178186,3458.504375925888,194738806.47124588,13954.884681402633,1535.5450096592758,-1922.959366266612,1922.959366266612,-0.13779829860072565,10.0
10,1,1239,1232,23,241ba6e0964de5c4dea528c1e81cfc7f2646525474d3d157f6705c9e8cea3e88,4232.345310995202,3458.5490017544616,194737630.94913483,13954.842562678192,1535.798769763985,-1922.7502319904765,1922.7502319904765,-0.13778372800369776,10.0
10,1,1241,1232,23,be9109eb83addd27357e747b5090bde40ca949f8eb741a142291129d261853e0,4232.332931845021,3458.59652661959,194738164.08703855,13954.861664919454,1538.4794619357947,-1920.1170646837952,1920.1170646837952,-0.1375948476444376,10.0
10,1,1243,1232,23,ef70abd442c2300f3b12b923ccd875af720235ea4dece898cd7f0b75fd6f55d7,4231.043064639654,3460.838692775979,194712845.88766006,13953.95448923566,1552.169897534149,-1908.66879524183,1908.66879524183,-0.13678336106902259,10.0
10,1,1245,1232,23,a2d599cae92415a08afa4381d6c3ee064ad6bff17b7ccff370811aa9bd9e5ed0,4230.955566952218,3462.396015707724,194753054.9157686,13955.395190239817,1532.1055903386589,-1930.2904253690651,1930.2904253690651,-0.1383185785178681,10.0
10,1,1247,1232,23,f0426c384cf68ce2a0af8d7487f22f61431f5f16b8d86b5cf5ead65db6ce5db9,4230.605112813817,3463.10867703862,194749258.96733847,13955.259186677204,1535.3535565231787,-1927.7551205154414,1927.7551205154414,-0.13813825273527197,10.0
10,1,1249,1248,24,80408f15a9cdaeef9becf03499f86642e8e92e41fffccafeb93c636216a442ce,1131.6687252769816,1483.745386047365,15242545.201678444,3904.170232159254,560.392764960395,-923.35262108697,923.35262108697,-0.23650419069362594,10.0
10,1,1258,1248,24,301fc63cf99711ec777a68e0647293b69b1b5ad612939dc8930aee55a07dbf6b,1131.57613144568,1483.949912897518,15242347.125480065,3904.1448648173987,548.0711510716062,-935.8787618259119,935.8787618259119,-0.23971414848349484,10.0
10,1,1323,1248,24,c3a1c84040dda3fa745dc7891003fec009da6ba68ed5436bb7619c0050bc2aed,1131.4269031351707,1482.820649848493,15230133.885256467,3902.5804136822685,542.9996922126924,-939.8209576358007,939.8209576358007,-0.2408203952289699,10.0
10,1,1325,1248,24,f215426be3836145f09f776954c3768013949f88a5872a016aedb6063b6d7c44,1131.370519762998,1482.9361624125004,15229939.855517134,3902.555554443413,554.6225876095319,-928.3135748029684,928.3135748029684,-0.23787325045148924,10.0
10,1,1327,1248,24,1d2e30a42f5e29151e66c4e002b8dc4f71afa5dcc4c94e968dc7425a4ecab47e,1131.0421146609933,1485.1295413205487,15241203.54112191,3903.998404344181,547.5499325087576,-937.5796088117911,937.5796088117911,-0.24015880943201662,10.0
10,1,1336,1248,24,46709043c5925cbf3d19bfe9750f4a5a3464fad8a7f32a415c913b19bbdfb3d8,1112.691990279036,1436.024218538891,14480207.018670695,3805.2867196402817,541.7289756360681,-894.295242902823,894.295242902823,-0.23501389219558252,10.0
10,1,1338,1248,24,920e47063ee7988b92ada32bea057928702f74844495cafc65f4b034e668a0a0,934.0535306249874,3797.7826750382515,30060622.807520054,5482.756861973733,585.0838020738929,-3212.6988729643585,3212.6988729643585,-0.5859641333443741,10.0
10,1,1340,1248,24,9fcc77929332f77c9777de7d5d7176dce6e573d83b9cc805ba8f1c8518eb6850,926.2601201953962,3781.4595060816564,29658550.356988493,5445.966430027685,594.1244763576623,-3187.335029723994,3187.335029723994,-0.5852652730560057,10.0
10,1,1342,1341,25,a490314eef385d3b6bbb129312e82a21697d4aa6491269d547e9b0231129e5e0,1122.8723055782932,4254.965607229105,41353800.86649702,6430.692098561166,2581.1035733232593,-1673.8620339058461,1673.8620339058461,-0.2602926727405226,10.0
10,1,1344,1341,25,74d5c2ab73bfa4f018a91c9b6e0b3eecadfa694f62076581225084c4ef6fed14,1122.7079688310282,4255.395692576737,41352150.248574264,6430.563758223245,4574.237190616492,318.8414980397547,318.8414980397547,0.04958219994818155,10.0
10,1,1346,1341,25,413078991fd86db05b324d3e89d7b757f6d12a661cda4b305e02191fb6df6715,1122.664335588187,4410.476197377227,43023973.32601887,6559.266218565829,3272.6300132134947,-1137.8461841637327,1137.8461841637327,-0.17347156621621626,10.0
10,1,1348,1341,25,5617eef3b5150a0ede55ff9ed3d8e150b5df1d033e5c62f9169e2bea15861a43,1096.337150407541,4074.3956560859706,38455914.430845015,6201.283289033409,1252.4092740068531,-2821.9863820791174,2821.9863820791174,-0.4550649035933624,10.0
10,1,1350,1341,25,b98a82cc0dbd4d50e3689e08c343deccfee7b872f91dd588270b014c785d994d,1096.2999907695253,4074.8878859714496,38459670.45949887,6201.586124492577,1250.8503581885136,-2824.037527782936,2824.037527782936,-0.45537342723173146,10.0
10,1,1352,1341,25,28bc09fbe14f7e401f4f9845ec1b698c6eaaf097860b8f9921f43940fe9540b8,1096.0960001697088,4075.6000517307634,38459606.75540489,6201.580988377471,1254.5299200115783,-2821.070131719185,2821.070131719185,-0.4548953141152585,10.0
10,1,1354,1341,25,eea7fb7834040cab3609614e7d9ab3dd34884453a17e3d50d12d079a85fd0af0,1095.7205706703503,4206.064914177968,39808690.54093497,6309.4128523131985,1573.611756049262,-2632.4531581287056,2632.4531581287056,-0.4172263283046343,10.0
10,1,1356,1341,25,dc6ec0f80cdfbcf5c036a36d0557208f883408c0a6d1f459aa6379d53008e456,1095.6347060382777,4209.381382051213,39840304.76998203,6311.917677693685,1267.8811913923785,-2941.500190658835,2941.500190658835,-0.46602321843551536,10.0
10,1,1358,1357,26,21e81d42053ed18b562e170130ac3beb17d9ada2e3acd0a45c2ac3915ab25c25,1087.6930976679566,3221.858850232484,29658422.940414514,5445.954731763249,579.7122074994174,-2642.146642733067,2642.146642733067,-0.4851576579075995,10.0
10,1,1360,1357,26,1f26e25ab2a9e0284a3a7b2b17404a0d3137cad6b92924f8473eb93a0ad97b6e,1085.2453518223997,3175.8261680854584,29143514.89799075,5398.473385874079,583.762482040097,-2592.0636860453615,2592.0636860453615,-0.4801475344544418,10.0
10,1,1362,1357,26,549ba0461c0a1322b3c0c522842f7f23e13aaa99355071471244e7bbdcaebcff,1084.2600773591794,3326.450140723031,30557564.664776422,5527.88971170522,587.767686743688,-2738.682453979343,2738.682453979343,-0.4954300097884054,10.0
10,1,1364,1357,26,b985fe2b6e9425bc346ec0be3c445fd0a1b2dc5d86733fd5aa8606c1ac3a3bbc,1083.7227545867995,3326.5244392408767,30541364.550634112,5526.424210159234,563.959195961615,-2762.5652432792617,2762.5652432792617,-0.49988295111345854,10.0
10,1,1369,1357,26,4e7882279741d6ce918079fd77bf0db8e9224646a93f61debf1d695c1ae52b7e,1083.4274870211411,3317.1582108593325,30441723.20809344,5517.401853054881,539.0069886641069,-2778.1512221952257,2778.1512221952257,-0.503525263554442,10.0
10,1,1371,1357,26,a0bc3eafea3228401231b5f3828aab7d3fb6c21427fefa1eb9e6fe503756b923,1083.2919452494616,3322.110846865651,30485223.807885516,5521.342572951394,532.9127350296637,-2789.198111835987,2789.198111835987,-0.5051666465145708,10.0
10,1,1376,1357,26,3f2b05654781189497f30f525d843af5a5010deb9c9708bd011938c3fe89af51,1074.719702494339,3310.3917412536753,30103782.180014163,5486.691369123487,548.405911794335,-2761.9858294593405,2761.9858294593405,-0.5033973379662824,10.0
10,1,1378,1357,26,78dc13a0d3c1952eb976fba7947eaaa83e6692300cb81785ef7956508fffaef2,958.1798024900198,3269.5445591428947,26182616.170274388,5116.895168974482,591.1094413217872,-2678.4351178211073,2678.4351178211073,-0.5234492850393716,10.0
10,1,1383,1382,27,7940fda8331a6228606f0a37c00fad61c454c371d8551420b6e306893b4fca66,1213.3307779785282,3200.8774353941194,33371484.340389304,5776.8057211913665,1595.5404401991102,-1605.3369951950092,1605.3369951950092,-0.2778935405956384,10.0
10,1,1385,1382,27,7505bc43403eac08a1305db074633fa445ea9d9de9ebf3dabea51c4439e8f3e4,1212.1408415524502,3204.679583220067,33372616.998729486,5776.903755363203,1593.9667494648634,-1610.7128337552035,1610.7128337552035,-0.2788193991045529,10.0
10,1,1387,1382,27,61247b6933ef28069dbeae8314ef72fa1f4e0d1ae2b472fcf397d3a6c9518ac4,1210.3414927021072,1494.2208225133074,17002019.13733806,4123.350474715685,1575.286601103195,81.06577858988749,81.06577858988749,0.019660171767348293,10.0
10,1,1389,1382,27,bed7b58068d0c32350115cd811df01d9cddc619dd46b983f29e3335f18a5066f,1206.878397457549,1502.2738180920467,16998214.056012586,4122.889042408561,1572.511629906086,70.23781181403933,70.23781181403933,0.017036066479491508,10.0
10,1,1391,1382,27,ef5c43970fe7d795adf8d852df96bfbb27582d96f71b19c9f31553ddf01b009c,1206.46005044883,1503.17638950657,16997137.580264404,4122.758491624801,1579.5466561866529,76.37026668008275,76.37026668008275,0.018524069948609778,10.0
10,1,1393,1382,27,5712a35562160211ce1d2adda8f2e03f4051073935061bb1f74214280712cf9f,1206.2324786737302,1503.1622864040878,16992181.277622286,4122.157357212639,1577.813209926721,74.6509235226331,74.6509235226331,0.0181096734194328,10.0
10,1,1395,1382,27,20f9111c94fd5efa1a82a8562174eea8efe492159f38d7304288d68eadaed98e,1205.689720035734,1504.7043851898284,16993992.07831485,4122.3769937155,1578.2795487567632,73.57516356693486,73.57516356693486,0.0178477523232589,10.0
10,1,1397,1382,27,2e7c7a3b977d8b7523542fc22267ccf57417465cccbb0970ef37258ef4d4660e,1205.1802986915045,1505.8191182798585,16992810.918840073,4122.233729283199,1580.8825447814634,75.06342650160491,75.06342650160491,0.018209405732716042,10.0
10,1,1399,1398,28,e651e2bf5296069d4206267432b2f1d4f2ce44d0e12e331859d9df8c5a7aa55b,1029.9943964492468,2745.3222841676943,23580497.5251407,4855.975445277776,532.5300999140499,-2212.7921842536443,2212.7921842536443,-0.4556843849788178,10.0
10,1,1401,1398,28,f99be361cc2dcfc3b3bfaa43691779108696695342f8a0278e6b20ba54868881,1029.602625565427,2746.303741733047,23578521.354899906,4855.771962819084,529.1690322423223,-2217.1347094907246,2217.1347094907246,-0.4565977822820858,10.0
10,1,1403,1398,28,f6ce2ded7432753ee2fc5c1c8145baad829e1f853541563f4928d9f7c0cac24c,1029.2156402629746,2747.169119277809,23575655.23395897,4855.476828691387,528.4433906853801,-2218.725728592429,2218.725728592429,-0.4569532111618384,10.0
10,1,1420,1398,28,defbb66b408d05597d518d07be94124aec5e23857fa5cc06cc34a11783c4ad28,1025.0516980101704,2755.6371186168453,23537327.409061156,4851.528358060082,528.6297335162308,-2227.0073851006146,2227.0073851006146,-0.4590321277625386,10.0
10,1,1422,1398,28,20fbcd5c9efe76156ed5fc86a5d9f01cc957accc4e4d31ea0dde4aa0c294e0d2,1024.8852739884342,2756.283351457625,23538482.060900293,4851.647355373254,533.3744548787975,-2222.908896578828,2222.908896578828,-0.4581761067438117,10.0
10,1,1424,1398,28,d321f0e2dd01d5f0803c0ba2a312c12bdea9f64ef165734cdcb08ddbd6a54c68,1021.6270045152609,2763.025897981235,23509370.354847386,4848.646239399961,522.7510512814378,-2240.2748466997973,2240.2748466997973,-0.4620413072200211,10.0
10,1,1426,1398,28,ee8501c55d7ffd0f773aeab3e834a8fe9f41fd67ec4fd3e3b5ffc7fb357263b9,1018.6810475770292,2597.6956103222005,22003132.307777826,4690.74965307016,531.3674338571954,-2066.328176465005,2066.328176465005,-0.44051128908842213,10.0
10,1,1431,1398,28,0bca1f7bfd05f777b7b66cad8b6c7c603c7d3dbb7a34a1c2358ae6c7e5e0e4d6,1008.9804232251656,2617.9555068926443,21924658.1776748,4682.377406582558,524.565447744697,-2093.3900591479473,2093.3900591479473,-0.44707845553095044,10.0
10,1,1560,1559,29,d277631a0b6b98312f14b15f788769379dff09a872b915523aca15ae76c772b2,1078.6881194557304,2792.937133799087,25396177.914917126,5039.462066026207,3256.777432459051,463.840298659964,463.840298659964,0.09204162916255829,10.0
10,1,1562,1559,29,61207153dacad7457a27b39e721c6267495d7ec54e54e918e896a89076f03b3c,1078.6860463137405,2792.940553958291,25396151.21643026,5039.459417083371,3831.310471629133,1038.3699176708424,1038.3699176708424,0.20604787770506697,10.0
10,1,1564,1559,29,af17aef8d89fcdfedd165fb0bb846eaf76824bd0222038f5b705c6ad9870c34b,1078.46046722665,2805.9432792762855,25508631.09722977,5050.607002849239,1792.2732383959221,-1013.6700408803633,1013.6700408803633,-0.20070261659806707,10.0
10,1,1566,1559,29,8d367a57939e5936be1212ed478497691c8ff5fb639ed9d5ee4a4b48109fc3d1,1077.2249008200797,2799.6829487230507,25416857.07371937,5041.513371371673,2902.4656225570525,102.7826738340018,102.7826738340018,0.02038726593836984,10.0
10,1,1568,1559,29,a7a8982e434df57cd8fad1f8e8134a3e4d84f6231334274b728faaa364913677,1074.754828011602,2793.5597242630192,25292039.95256752,5029.119202461552,2120.6212071274267,-672.9385171355925,672.9385171355925,-0.13380842450626665,10.0
10,1,1570,1559,29,6f4ce1acf803563974822c94a4f04c1d4c4fe077b0e7780300a71560c21d46e1,943.2440788452693,4437.125086205153,36468306.92600646,6038.899479707082,3923.214958915325,-513.9101272898279,513.9101272898279,-0.08509996382896494,10.0
10,1,1572,1559,29,7419adeda0e6e2e3186d79ab8246cb320d72e60a4a81b01b303d08e862f272d6,942.9094289741352,4616.499490496853,38201365.275670186,6180.725303366117,3933.704613949554,-682.7948765472984,682.7948765472984,-0.1104716425716959,10.0
10,1,1574,1559,29,bdf1bdf886ddfe5066db542f7165d2720376fb1c1a253837c2c4e409577ebdf9,941.9582117948098,4597.790761027879,37981547.6731953,6162.9171398936805,3930.414327232284,-667.376433795595,667.376433795595,-0.108289048618802,10.0
10,1,1576,1575,30,c8fc1e200dd5c22e7f803e925c665383041d2dc57719f7b28e54019991169922,899.8222820773075,4538.51165167148,35804045.2009744,5983.648151502091,1986.8336571433326,-2551.677994528147,2551.677994528147,-0.42644185117863126,10.0
10,1,1578,1575,30,c4574546099cd2973e15fe603ee872e8e73e21614e01d5162e3e3617a442c625,899.8222820773075,4538.51165167148,35804045.2009744,5983.648151502091,1987.333460828993,-2551.1781908424864,2551.1781908424864,-0.42635832292412734,10.0
10,1,1580,1575,30,1f3d1cda4867b9bb93f6ed332acb2e64436a25d2298be4dee8c04728958a72f7,894.8952334092285,4543.540308109327,35666556.388541766,5972.148389695434,2056.035399080527,-2487.5049090288003,2487.5049090288003,-0.41651759914754183,10.0
10,1,1582,1575,30,634f880e6dd758765f662a0cc10eef63df48559efbd624f08389dbca33ce832d,893.6759160344167,4238.816707405505,32792564.160027456,5726.479211524954,1880.7852092704388,-2358.0314981350666,2358.0314981350666,-0.4117768372212646,10.0
10,1,1584,1575,30,836c7b5b9b0f101e1b5b44200c045a4a3fdde818363afb0b9a290622e8aeeeb6,893.4393885581545,4547.236393211617,35646704.99110092,5970.486160364239,2056.176123632566,-2491.060269579051,2491.060269579051,-0.417229050142724,10.0
10,1,1586,1575,30,3c20bda94b36ff20ac4dfec0d73e5353e74361d2423f23098b754a3b9ff14947,877.3189182368528,4177.114462643665,31658417.03049663,5626.5812915567685,2049.9058676054983,-2127.208595038167,2127.208595038167,-0.37806413607322265,10.0
10,1,1588,1575,30,5190b1d4e17f4e25bca121c3ffba08e28d8b6c23fdf377374f8a3191f370dfb4,871.2914044040472,4411.009819190269,33565323.17671002,5793.558766139342,8526.777442438915,4115.7676232486465,4115.7676232486465,0.7104040520488711,10.0
10,1,1590,1575,30,468d78c1740cec84c6a792ff0679511bf47f4fcbc6205fe86bcb4798919cf659,869.9482055648509,4419.346788506028,33592689.70666204,5795.920091466241,2661.6164053868765,-1757.7303831191516,1757.7303831191516,-0.3032702927887476,10.0
10,1,1592,1591,31,0fa38428b187f20c885f9db8b18bb687b8fe88c3c9e146a71bf210cabb375549,964.0335383663361,2389.6664020052863,18976698.493944976,4356.225257484394,2997.355066407329,607.6886644020428,607.6886644020428,0.1394989075365141,10.0
10,1,1594,1591,31,efcbed0f44f8be230fd2939fe4cc991551a900548dc89dc451cc60a30b89c1e6,823.5744374771389,2376.0448914059293,15641321.227063429,3954.9110264408514,1540.5049668668496,-835.5399245390797,835.5399245390797,-0.21126642772821322,10.0
10,1,1596,1591,31,1f7695af36d653502c87141d60a2b12ea4af82d9cf3bbc4e324f5ae85d930908,798.1365822194994,2198.565377327208,13869996.340755846,3724.244398633882,4374.36306193188,2175.797684604672,2175.797684604672,0.5842252687290858,10.0
10,1,1598,1591,31,e388f325be025e0430023e825a532457fd34672b7f97bf48e63cd6160888d6b0,791.4630023654536,2197.648514612379,13726365.199900944,3704.9109570812825,4583.984813169999,2386.33629855762,2386.33629855762,0.6441008505201886,10.0
10,1,1600,1591,31,36b7480a3c604ca4bb4bec08d8466a1dfc6e2ad53efd33122f89ed271ffebb95,784.3884658443691,2226.1329868846356,13771374.602512881,3710.9802751446796,3277.760387012212,1051.6274001275765,1051.6274001275765,0.28338264344091046,10.0
10,1,1602,1591,31,7504501f5d40d94881ad726ce311ae88b66e73aedd364b913d3f38cc0ed5839d,779.8587568066416,2260.336391269918,13906221.236901412,3729.1046159770594,1810.5530154488304,-449.7833758210875,449.7833758210875,-0.12061430883274915,10.0
10,1,1604,1591,31,fd8310aa251f232c619b786cde7681cd784b5e62fef4f5ff07cbd4af83ba0a65,778.711806979332,2346.780651299847,14463452.361024104,3803.084585047262,1658.6552291793053,-688.1254221205415,688.1254221205415,-0.18093876345166537,10.0
10,1,1606,1591,31,219e95b753da9ad58bfab360b059ae8e8c72ab8291ec415872561d00f8dcf661,778.2499381709193,2360.814663765498,14548530.958330002,3814.2536567892284,2512.973957670578,152.15929390507972,152.15929390507972,0.03989228499112582,10.0
10,1,1608,1607,32,5e25aad9284d3dc4c29e3ef38230708ddb84e8a253c7c136736322cfac9e2733,4187.442966754572,3671.79853267072,198144386.59747306,14076.376898814306,1589.4736071615507,-2082.324925509169,2082.324925509169,-0.1479304611177731,10.0
10,1,1610,1607,32,fdfe9ca2351fa9fc8abf5a5ff82e59cff1f01bf0b66df6bfa1341b803c5b9f7a,4182.739476838164,3681.623377649333,198096798.02459237,14074.686427220764,1595.3488715778697,-2086.2745060714633,2086.2745060714633,-0.14822884451880652,10.0
10,1,1612,1607,32,ef7425fae68a06b3f9af48889744bed51c0e3d644a60689b7de83fe6cd26f4ce,4182.499979363225,3682.1077968234235,198093897.37406594,14074.583381900366,1600.1205503328881,-2081.9872464905357,2081.9872464905357,-0.14792531970558573,10.0
10,1,1614,1607,32,a25cdc560eb4da305b1335652e4d7b3ecdada089f6458c757f35bfc1c98eab44,4182.3637783861695,3682.4011631532694,198092779.97111118,14074.543686070649,1596.7626045265583,-2085.638558626711,2085.638558626711,-0.14818516359367545,10.0
10,1,1616,1607,32,2542752773b1be41434d74871781231cb46a16a9e5d0bc2c6869f60666e0e87b,4181.440649430804,3684.497712875174,198088423.34704658,14074.388915581614,1598.3944789963539,-2086.10323387882,2086.10323387882,-0.1482198087882392,10.0
10,1,1618,1607,32,b0375e02de79da58026f31f538ff57ba347de0aec87b1f7f8f11e27b47bd3258,4181.307273243532,3684.7788141134647,198087143.67768958,14074.343454587484,1592.020405725036,-2092.7584083884285,2092.7584083884285,-0.14869314615924772,10.0
10,1,1620,1607,32,8a7171847cdcb4d653c87d7cd01fe64867566f72d4c0030245d2f4d23d908ecb,4181.26082577346,3684.868500480075,198086453.7022675,14074.31894275057,1595.2570909557921,-2089.611409524283,2089.611409524283,-0.14846980646268532,10.0
10,1,1622,1607,32,eacb776c0e20627bc834792349f37b79171c7663b93c2bceddeb44d8f525ab0b,3602.786085990283,5285.226428334164,201465803.03931028,14193.864978902338,1498.0534571214155,-3787.172971212748,3787.172971212748,-0.26681759878947525,10.0
10,1,1624,1623,33,84aaa2bdf35dffec0446f2b3c886028c50cf8b9e9c56eacf9e78e38d81b2f2ce,1375.0052361614817,2687.749440215983,32964056.39776595,5741.43330517441,360.27264633564033,-2327.476793880343,2327.476793880343,-0.405382536061636,10.0
10,1,1891,1623,33,be64b961ea0e228e4ed64b8fae3ec704fdf341f0d1c8bddb7457a83b04916f7d,1374.9746267011328,2710.62205065923,33213428.84400853,5763.109303493084,404.79411208894516,-2305.827938570285,2305.827938570285,-0.400101371871031,10.0
10,1,1893,1623,33,e9640a7329254691a8fd7c7bc7b86d6bab1e078a3457eb803f576b2a76612678,1374.840833705237,2688.007692265566,32961804.752706155,5741.2372144605,344.6450530283379,-2343.3626392372284,2343.3626392372284,-0.40816335429147266,10.0
10,1,1902,1623,33,3b21d2d4eec9598493745a40fb9f823dc27f68404584fed0767c42966414d165,1374.798642518304,2711.0080309602135,33212198.86979302,5763.0025915136475,404.4626077546014,-2306.545423205612,2306.545423205612,-0.40023327884706017,10.0
10,1,1904,1623,33,55d7dd5fd6011967baaf977f5b729a3a9c7531491dff35fe58f65c73adc49f99,1374.7871624913066,2710.9810211197605,33211546.92813509,5762.946028563437,402.37256779044566,-2308.6084533293147,2308.6084533293147,-0.4005951889687912,10.0
10,1,1906,1623,33,dcaa203fa65f5ab986e4d5d6550693d5d0ae6b65f0a2087a72101179ea636713,1374.7423198269241,2711.0594707612904,33211015.45426791,5762.899917078893,389.04577468139956,-2322.013696079891,2322.013696079891,-0.4029245222875355,10.0
10,1,1908,1623,33,04de3620928d1750c53108a6ac2854829aa75616abecb0a5b4d90c6a0e98aa48,1374.6963045298833,2688.3515437752417,32961102.16034852,5741.176025898224,360.8846598885276,-2327.466883886714,2327.466883886714,-0.4053989763399695,10.0
10,1,1910,1623,33,36780a926016ee4d26d5446c9b8693c9c53ffe750ac1b4deae582a55a6fdd28f,1374.4990737813894,2711.6378516292457,33209806.29047629,5762.795006806705,404.79411208894516,-2306.8437395403007,2306.8437395403007,-0.4002994617742919,10.0
10,1,1912,1911,34,a9cc8f39d228f9be01a04753ee51b6ba959b845d9058b64c9d6d813449288b4a,3156.6212000185483,3187.772092817575,122653887.24641648,11074.92154583573,3047.880120645388,-139.8919721721868,139.8919721721868,-0.012631418795448482,10.0
10,1,1914,1911,34,ffb6d72e3c165dc4dcc71a54b6e3619d7dfee3d53f6737b9627ecdd883dba1dc,3156.47040021425,3188.0119012702385,122650741.32184552,11074.779515721544,2795.491114626027,-392.5207866442115,392.5207866442115,-0.03544276308950409,10.0
10,1,1916,1911,34,8bd73c9f2f457bef3436a8cbe9f6284b98bc0b0fa47e2c3b11d16f2de05054bc,3155.836580892511,3189.8989342575674,122657675.96112278,11075.092593794545,1691.1394075066153,-1498.759526750952,1498.759526750952,-0.13532704255589864,10.0
10,1,1918,1911,34,1bda80b5144a9ade5c85adda960d297ef3bbd15beb86ef845cc9517c891b5575,3155.8232341230596,3190.624736549551,122673554.29595444,11075.809419448966,1773.2631719647031,-1417.3615645848479,1417.3615645848479,-0.12796911818435416,10.0
10,1,1920,1911,34,3ea33280aed191f927336e1913e9d3f269118979dc7e57ca3e9eff6572682d09,3155.760482770541,3188.0185144018615,122610195.82177532,11072.948831353611,1654.6770055135091,-1533.3415088883523,1533.3415088883523,-0.13847634737971684,10.0
10,1,1922,1911,34,51050f0987230a5eb165dd8eabb224e6e9adc296184c34ce71a931d0c6988e3e,3155.6930914683244,3190.158618446836,122655403.73420437,11074.990010569056,3018.160514781451,-171.99810366538486,171.99810366538486,-0.01553031682206883,10.0
10,1,1924,1911,34,3348b2fe1ae717cdcf5650fd829f54bae52ca98b62e5bb3fd6b9fef28d8d1562,3155.663352846275,3190.9905206047206,122672774.6891391,11075.77422526927,1619.6080110723321,-1571.3825095323884,1571.3825095323884,-0.1418756357408672,10.0
10,1,1926,1911,34,2b97f93a834e3bcfa4502890884870eca19659456af4c22f9a4e5c96aec57e36,3154.17860112285,3188.45341476608,122529502.0061296,11069.304495140135,3598.141981221209,409.6885664551287,409.6885664551287,0.037011229263319866,10.0
10,1,1928,1927,35,fb63f3eda27016c4de9e899595b00006f67d3774b577d8775374084d5303f7a5,3960.30833251369,4660.21374002775,215193507.28673905,14669.47535826483,2930.9213875510477,-1729.292352476702,1729.292352476702,-0.11788372182665777,10.0
10,1,1930,1927,35,b7e37146a8661cad40080ea141da90b05fb2b380ea3141cb2f7ee54188501f95,3959.346172462306,4662.175052452096,215177656.72817844,14668.93509182512,2540.8178747928505,-2121.3571776592453,2121.3571776592453,-0.1446156223597622,10.0
10,1,1932,1927,35,abd4eff40629685eaf5259ef129f3b90b7b709007b1909e5648577175ef34bc6,3956.4359300618,4668.810170673272,215150427.9706125,14668.006952909876,3110.4307513034705,-1558.3794193698018,1558.3794193698018,-0.10624343336983806,10.0
10,1,1934,1927,35,9ea13678f88dbf8f1f350c9062c1718c6bcfd78333e3c828bb7b86f347cdce47,3519.5320274493415,5647.820930025798,209509184.32492462,14474.432089893013,4317.254510498047,-1330.5664195277504,1330.5664195277504,-0.09192529359800156,10.0
10,1,1936,1927,35,46d4aedeb233834ac8f33579e71a6deda56b88d6b064c37bcfb8bd81ebdf0d1f,3519.4212379131927,5648.088888355123,209508032.21763366,14474.392291824679,4348.2670622238,-1299.8218261313232,1299.8218261313232,-0.08980147835743536,10.0
10,1,1938,1927,35,f2794db49d877917e757ad91df0a1c43277b60c99af8cfcfc9e4ebb32e398bc7,3519.3879829257717,5648.075257784176,209505075.69270733,14474.290161963292,4277.4946642943105,-1370.5805934898654,1370.5805934898654,-0.09469069489097211,10.0
10,1,1940,1927,35,7bc9ef5a0153f6b7374abf3422b98a9f626c1420e2892fbfec27878dca15baed,3518.9009943567357,5648.122436480775,209468631.08138156,14473.031164251031,4325.411043972439,-1322.7113925083358,1322.7113925083358,-0.09139145611566747,10.0
10,1,1942,1927,35,ef78794e1f7d371c44db2ed05b0d61566ea4e281bbf160c16e1f7dc83aa18df1,3495.3465299375976,5894.659458066091,214480713.3403198,14645.160065370395,4292.894380388356,-1601.7650776777355,1601.7650776777355,-0.10937163339479176,10.0
10,1,1944,1943,36,2cfce20b880d3d50e8538ca8211d13784747173adb869f7df951b1ddf1da0969,4894.352484841848,4478.569444922067,285907869.7513286,16908.81041798413,1579.6685363885128,-2898.9009085335547,2898.9009085335547,-0.1714432202427616,10.0
10,1,1946,1943,36,ba6114c8064896ecc82849248b5a51a271437bcab3deb93626e236c7261df166,4893.919026729417,4479.481124135172,285902205.1652448,16908.64291317446,1585.9086707336735,-2893.572453401498,2893.572453401498,-0.17112978659848305,10.0
10,1,1948,1943,36,6583273387060a11a70c2b725d27986462e6c236fed735c8e21f841b39bc4205,4073.0177798358586,6214.275893182191,272217461.9763619,16499.013969821404,3460.5948009144176,-2753.6810922677732,2753.6810922677732,-0.16689973699668192,10.0
10,1,1950,1943,36,9cab918d048bc82fe5663bdfcc8596562765ea6150fcf39bb4b579267c6efe2b,3897.023589880781,4002.985451182245,191421170.92983255,13835.503999848816,1214.0477199053523,-2788.937731276893,2788.937731276893,-0.2015783256835001,10.0
10,1,1952,1943,36,46d038ea46c12a4205bda2876b58a8d5a0b6b8ed4fc3557b31cda24e357e8877,3845.1978722167364,4425.410186224475,199702995.2281478,14131.631017973396,1405.9691415073896,-3019.441044717086,3019.441044717086,-0.21366543188658071,10.0
10,1,1954,1943,36,d5da7f36f792f304f24b61c6059349d8cfe7c0ffe93107630a2a536cba19d824,3805.888452715315,9975.077224981655,369301975.66368467,19217.231217417473,3854.641638183594,-6120.435586798061,6120.435586798061,-0.31848685783885583,10.0
10,1,1956,1943,36,1e81e192f542b6c796036d8512dcfbab8c79298b55b8796b71e35102b23962bb,3791.333135659182,9877.702627470788,364446997.20321393,19090.49494390373,3893.133739494555,-5984.568887976233,5984.568887976233,-0.31348421848472385,10.0
10,1,1958,1943,36,d3d5202a678bf989d7a69f970a0652457ae22f44e8dd5881384690a957f5fa4e,3781.6911177348475,4637.111857581541,201031802.20460156,14178.568411676884,1698.5717549410733,-2938.5401026404675,2938.5401026404675,-0.20725224277370677,10.0
10,1,1960,1959,37,39708a3f524346b23fade88303596321a939af718a9a67d6c86caaea8395bebb,4050.5716263208815,3748.711814813124,195144654.4732249,13969.418544564583,1812.9871701404302,-1935.7246446726938,1935.7246446726938,-0.1385687341600823,10.0
10,1,1962,1959,37,b025dea3c25c79f2cef213f71eebdae65533bc4a868081f61cde136eee142d0b,3998.820059268819,3916.2168915186903,196278570.5288736,14009.945414914135,1735.6600084092881,-2180.5568831094024,2180.5568831094024,-0.15564349599735872,10.0
10,1,1964,1959,37,b1e1c4910295670c24d10555649ff0d5f952b85175acd1ce248b0389f4a6081c,3323.003681107097,8829.79565273436,283660357.21981275,16842.21948615481,4132.063503627584,-4697.732149106775,4697.732149106775,-0.27892595468005615,10.0
10,1,1966,1959,37,397a8e4e9d7d761b65591cc369bb6e7e43586fa395defa5be1858b03d13b7b03,3293.311816908651,5356.600873593192,184679522.52713916,13589.6844160245,3494.6687148585465,-1861.9321587346453,1861.9321587346453,-0.13701069883117503,10.0
10,1,1968,1959,37,888a22194df1ff010ded7e65b3fa4d8744b976df141f330cfbcf105745644e0e,3292.8007280409365,5356.594553817692,184642126.8382917,13588.308461257851,3452.497528815992,-1904.0970250016999,1904.0970250016999,-0.14012759795897659,10.0
10,1,1970,1959,37,07ae3a76d5fe20c2a6a15d2df1c90b369f30857eb9c3e7650e2bfc9b34f19a68,3292.3649687355974,5358.92491722778,184671006.9577333,13589.371102362806,3509.32700102835,-1849.5979161994296,1849.5979161994296,-0.13610621876959686,10.0
10,1,1972,1959,37,da2bff920ad8ff597fdaafc78e9db2f0e55fff97b0707dca6c1493916c17392a,3290.991677483272,5361.894341163588,184648197.1832486,13588.531825890854,3499.5378501198506,-1862.3564910437376,1862.3564910437376,-0.13705354742558018,10.0
10,1,1974,1959,37,49f9d540fc2094ef551ece6338ba41327dc6c7899b8441504568b6cecb295114,3053.6335140489728,2802.5441143171756,108329949.44492264,10408.167439320077,2263.5100805109196,-539.034033806256,539.034033806256,-0.051789523655229444,10.0
10,1,1976,1975,38,56c2e9d05b498e71f42d147679a6df81efbe8b9ec679963032c05e6b60483eeb,1165.7198366148941,2472.8127908344536,26246034.16540967,5123.088342534185,1554.26234936955,-918.5504414649035,918.5504414649035,-0.1792962330629133,10.0
10,1,1978,1975,38,7b8a8c155fd85168fd68e0ba24461559382fccb8eecbdd9728a15c894fda34fb,1157.4102787793092,2295.0741899064537,24344860.725142892,4934.0511473983415,1554.802327551023,-740.2718623554308,740.2718623554308,-0.15003327696466345,10.0
10,1,1980,1975,38,9c4a8a5d6a4619f4e52025992ef0c25dae4fbc5d4a9ef269dadb09f2db862487,1156.502269330173,2296.8492325181332,24337161.315918736,4933.270853695217,1556.2174455661966,-740.6317869519366,740.6317869519366,-0.15012996628741232,10.0
10,1,1982,1975,38,e5ce97c24432b0e20c75085d24ec85261678f571216e94abf10bc3aa2e56dd86,1043.030774791664,2410.492096476816,22370980.53223195,4729.797092078258,402.0356342450537,-2008.4564622317625,2008.4564622317625,-0.42463903273898224,10.0
10,1,1984,1975,38,ae22fcbc71351fbc1bfde32776c48d4e324b41739be0a4c50a71024809afb2f7,1029.654580854591,1246.99200816218,12689724.729395177,3562.263989290403,396.28712510388306,-850.7048830582969,850.7048830582969,-0.23881017398369622,10.0
10,1,1986,1975,38,4718df1ea7da6dd9610b46cda8dcc7ae6e6414a96f929c984275f2103754c6a2,942.0664970195332,4760.083931172372,41087348.53362781,6409.941383010285,5629.113333499793,869.0294023274209,869.0294023274209,0.13557524950708688,10.0
10,1,1988,1975,38,6ba088f450cf0a45b7e406d1c12250fa625100aa5f7f0ff9b18be3cbfa74ef31,942.0036026532739,4774.81278887822,41232649.648147665,6421.265424209442,4653.820508043694,-120.99228083452635,120.99228083452635,-0.018842435694740402,10.0
10,1,1990,1975,38,954189326ff67589ad0e9d7ad2d653e43def9502b4fd36f2c09bd7455b5f0459,941.5588746974211,4722.487155957924,40690234.48196975,6378.889753081625,2162.0237679221414,-2560.463388035783,2560.463388035783,-0.40139640080765304,10.0
10,1,1992,1991,39,1cc38cfea0ed702661266531618572bdc2e3423c0e4e8d3c00de1bb6cd1abea3,1317.4609837361522,2348.3429039128287,29331212.67717026,5415.829823505375,422.489176220364,-1925.8537276924646,1925.8537276924646,-0.35559716432263433,10.0
10,1,1994,1991,39,f4a2158a6e0d11a756f7c0e6c34e73a103d7263685f2423424f1ac25d4e2621b,1317.4584551543257,2348.34755856217,29331187.68369652,5415.827516058513,422.4299508798002,-1925.9176076823699,1925.9176076823699,-0.355609110883206,10.0
10,1,2003,1991,39,b6c20c1a7b0f9ff12c5682ac7fff5f48c575f51a9ecb54e5ffaeb85dee17783e,1317.4356147242652,2348.3462924719847,29330512.04204582,5415.765139114308,593.4314691350918,-1754.9148233368928,1754.9148233368928,-0.32403820665382305,10.0
10,1,2005,1991,39,c82b3dcd248d7870e1a97f33813c60cb8398f89916b4a4d39cd2ff5c4bbd0314,1317.2611990880546,2348.747498356977,29329620.283647787,5415.682808626054,594.166749422478,-1754.5807489344988,1754.5807489344988,-0.3239814462803873,10.0
10,1,2007,1991,39,3cb3f9e74dc8c505383b185d79b2b00195c0f51db28a1636bb1b476dd77fdd46,1317.1191861653647,2349.048053282829,29328622.70209106,5415.590706662669,595.7558118511932,-1753.2922414316358,1753.2922414316358,-0.32374903060428906,10.0
10,1,2009,1991,39,060a8bf65b3e43253c86fd13aafe783c1073301412c314de357822a3ebb8d0dd,1317.0478411524743,2349.4918682240236,29331162.56772345,5415.82519730128,594.119989233306,-1755.3718789907175,1755.3718789907175,-0.32411900588398307,10.0
10,1,2011,1991,39,ea56b90b4400fc0c5c5b8cbc218f40a5a414020114b4c8f8902dbdc42516eee6,1316.940497595289,2349.7019333995995,29330230.42164941,5415.7391389956565,595.7558118511932,-1753.9461215484062,1753.9461215484062,-0.3238608944288395,10.0
10,1,2013,1991,39,7fd7560f2ba3b30905fa242475de1ebc6e7f07a42af19480dbd1d447ea90ec6e,1316.801820071867,2349.653745231496,29325707.445332788,5415.321545885598,592.9298223090894,-1756.7239229224065,1756.7239229224065,-0.3243988206493691,10.0
10,1,2015,2014,40,cda10c62f34a09827597d843506000ccbf7fd48355d99c1afad4d6eea01f2ba8,1087.4877588316415,3313.1326904727052,32019489.547866568,5658.576636210432,2548.6156748762032,-764.517015596502,764.517015596502,-0.13510765422954518,10.0
10,1,2017,2014,40,0e87649ded7ce629f1d7b25bdf0fddfed54c8011eaa7a17bde1822d5456e60c2,944.1265291529955,1484.1658964856867,12828944.411351748,3581.7515842603807,318.4603704177972,-1165.7055260678894,1165.7055260678894,-0.32545683268221504,10.0
10,1,2022,2014,40,c2fbc6dfef94043ddb8021b1ac436a3e1158b079a4a3e24baae63e4fe1b76591,934.4077849290954,1598.6795926058755,13463197.947075795,3669.2230713157514,377.8302726273585,-1220.849319978517,1220.849319978517,-0.33272692781274027,10.0
10,1,2024,2014,40,f574e464d916e31dc3ba50fb4d0677b1226c2fca584782c353d4835121784280,934.3607174957867,1597.8480392877436,13456305.038726041,3668.283663885066,383.5798112011919,-1214.2682280865517,1214.2682280865517,-0.3310180834817242,10.0
10,1,2027,2014,40,02b38239bd744ef4cc00afa5dfc5a5851deff57fd8b6be7ecfa0267516d64c1a,933.9767569501582,1599.1577074018899,13458257.011899421,3668.549715064445,376.96075421053956,-1222.1969531913503,1222.1969531913503,-0.33315534696791754,10.0
10,1,2029,2014,40,4dcb67e899ef9d50b86ea6f6b8541f825d4ffbd5adffaa75ac796cc9394f1601,933.6170280333217,1599.3680395122349,13452777.472847655,3667.802812699676,382.7057471968911,-1216.6622923153438,1216.6622923153438,-0.33171420451030814,10.0
10,1,2031,2014,40,555dde926d28e3f5fa69ffefdcbfa23fbde7fe9c29a9c1b5b5fd6ef7a4902904,870.4316147220317,3382.1761569261316,25836343.387590718,5082.94632940293,1553.140844179404,-1829.0353127467276,1829.0353127467276,-0.35983762058758073,10.0
10,1,2033,2014,40,23b6139a6c9fe1bbe7f6d1792443fdd72d84ef10a65cf566e1d656a38d69f871,869.2721514542269,3382.7006016665055,25805583.837873258,5079.91966844686,1554.353313631,-1828.3472880355055,1828.3472880355055,-0.35991657493956125,10.0
10,1,2035,2034,41,9591c3f17dafbd3eb833bfd36debb97ed59ed93b7ec8d524895f292c26c6ea2e,961.6480761634668,1794.4046845884054,15453424.554392276,3931.0843992964938,347.0899630989691,-1447.3147214894364,1447.3147214894364,-0.368171876886807,10.0
15,1,3,2,0,3963558a667c2746c467aacd3fa94ce81e79f0bed2541a94deda7b90caccca4d,50.98713617991691,2321.320905894909,16334.321795637497,127.80579719104098,3928.9774573740333,1607.6565514791241,1607.6565514791241,12.578901636801643,0.49
15,1,5,2,0,285e57f39ca8e16a1a5cd08c6550db48cc7d2a9502bc0491de575fcb5d3d26b4,50.98713617991691,2321.320905894909,16334.321795637497,127.80579719104098,1483.5922081070717,-837.7286977878375,837.7286977878375,-6.554700304678834,0.49
15,1,9,2,0,c2197bc24d905ad22a3bfb99d1fd4a7ff7264ba48d777bd09802b2f5320b55a8,50.98713617991691,2321.320905894909,16334.321795637497,127.80579719104098,3456.648554144965,1135.327648250056,1135.327648250056,8.883224964772106,0.49
15,1,11,2,0,a9f1820951eae386a25f1e7e88bb42edbf5eabf52c322f1102d4cf40204c7d3d,50.98713617991691,2321.320905894909,16334.321795637497,127.80579719104098,1895.3296419085877,-425.9912639863214,425.9912639863214,-3.3331137816038194,0.49
15,1,13,2,0,6a8c37559d13cce1696b19fdde4df34b40512a05b1287a0b8ac17f07ed5bd107,50.98713617991691,2321.320905894909,16334.321795637497,127.80579719104098,1471.6884565218531,-849.632449373056,849.632449373056,-6.647839675872028,0.49
15,1,15,2,0,e16bc25a7a2f2a6b166fd337ceba0856740db18a1dcf86255db2fa72f92810a3,50.98713617991691,2321.320905894909,16334.321795637497,127.80579719104098,1227.2794597741329,-1094.0414461207763,1094.0414461207763,-8.560186393465626,0.49
15,1,23,2,0,1ddd5c3315a3131a754de9c9dec86e91ad6114b3ca753433897e3b324331d3dd,50.98713617991691,2321.320905894909,16334.321795637497,127.80579719104098,4025.2085507171323,1703.8876448222231,1703.8876448222231,13.331849433052662,0.49
15,1,25,2,0,eda71ce57ea56b192f7c9aaa45ce8dbcab1b666ebb328c39375d26d80b5c20ed,50.98713617991691,2321.320905894909,16334.321795637497,127.80579719104098,4378.527387522688,2057.2064816277784,2057.2064816277784,16.096347167669684,0.49
15,1,27,26,1,603ed596b35934f4ed9d0c57b71fe6e3cbcabe411ac54793b6c684a46b7617b4,481.6401489946205,2084.082711233883,4148322.7026425153,2036.7431606961431,1763.8322273254394,-320.2504839084436,320.2504839084436,-0.1572365578971599,6.55
15,1,29,26,1,a5a57a8a71299149221567249c293c01acef5c7788ca3c4b4a41026bfbf57d77,466.84623865852944,2130.7969179543325,4163903.9804412504,2040.564622951513,1227.3439095391168,-903.4530084152157,903.4530084152157,-0.4427465801638977,6.55
15,1,41,26,1,666712f6f0ed1698babdf10c03f3dc89c207161f3085e001f8551fe434d17930,388.55571389501023,2554.2621712667983,4811110.950356948,2193.4244802037174,1588.966711371836,-965.2954598949623,965.2954598949623,-0.4400860246646418,6.55
15,1,43,26,1,3e6989ce93ad6d2b7fa0447f87aeefb1ec47cf38a26d7eb090a1243670023ee3,383.1611280816208,2756.852470975848,5496916.934603743,2344.5504760196022,4205.872622834793,1449.0201518589452,1449.0201518589452,0.6180375157966231,6.55
15,1,45,26,1,d6571ecf3d59efc9a37d2ff7750ac474614745c2e4f9c6ca52c1b982ed0d8bf8,381.78602984624393,2526.81821462596,4624430.113348658,2150.448816723769,1693.614005580093,-833.2042090458672,833.2042090458672,-0.3874559592240202,6.55
15,1,50,26,1,41536714a71eb93bcdf88069477561a2f73044940011ae7cc2621b4870f69044,380.01272478169244,2228.736341923412,3568426.1791692143,1889.0278397020024,3514.5065414891096,1285.7701995656976,1285.7701995656976,0.6806518001177421,6.55
15,1,52,26,1,9147cb0fd9049cfadcc1a0e362b1cbc7050f7dbc3e8f75697bb8e82cc187e283,378.78184030936393,2236.900321649797,3582481.6685054773,1892.7444805111643,2022.561132612132,-214.33918903766516,214.33918903766516,-0.11324253814745222,6.55
15,1,54,26,1,30c58b6125a1688d5c20700c0f111574a0a4e19dbf02bc269a8a95ae38d9c82b,378.7376012209676,2666.160348660393,5094317.67452712,2257.059519491482,2978.751664101957,312.5913154415639,312.5913154415639,0.13849493677153496,6.55
15,1,56,55,2,447a3d20c003b00e351570242f35dc2f6368cde47ae632b9c76cdfbf1183a916,471.1392558141537,2463.9398016549953,5965129.847786592,2442.3615309340657,1218.550206725766,-1245.3895949292294,1245.3895949292294,-0.5099120581271758,9.23
15,1,58,55,2,d77fe42178f96f55711df73866e83d24843a79c0322d08231b3d892d23c59fe1,471.0194265233327,2472.946040896933,6001644.553263059,2449.825412812729,1223.9181570342093,-1249.0278838627237,1249.0278838627237,-0.5098436310319239,9.23
15,1,67,55,2,31f675e1bbe62f2eed2167bcbe0f71fc31e851a368bf33a94380bb18f8aa8305,471.0194265233327,2472.946040896933,6001644.553263059,2449.825412812729,1271.6320205765542,-1201.3140203203789,1201.3140203203789,-0.4903671967959173,9.23
15,1,69,55,2,590c4bb15b88633af9783cd3bbb2f6118804804052dda53ded48b72f87005d76,470.6410072330853,2473.7182025585626,5999606.00208403,2449.409316975019,1222.9806151496039,-1250.7375874089587,1250.7375874089587,-0.5106282476926313,9.23
15,1,91,55,2,664da4eba9667933e1f24105a03c142f2745dcd9018738e278bbcae040a8d330,470.6410072330853,2473.7182025585626,5999606.00208403,2449.409316975019,1222.6179239446467,-1251.1002786139159,1251.1002786139159,-0.5107763206188031,9.23
15,1,96,55,2,5f0d0109f6a6f43e7359795ebc5c2c41f29b9d30d94e493e734e4b7220dede18,299.2870670523565,2641.7656327662557,4296528.6749591185,2072.806955545817,680.6337747361924,-1961.1318580300633,1961.1318580300633,-0.9461237346695669,9.23
15,1,120,55,2,8cda963951d45fa48171247544675ac66b96fe4a524c46d85c7b304407d3f7ae,298.91121783569844,2896.408840864847,5137043.235930508,2266.50462958506,1233.8469798656424,-1662.5618609992048,1662.5618609992048,-0.733535612192232,9.23
15,1,122,55,2,bd0dd27bc1503598c71b091f3ac3c74419d0514ad41606887b174a81ca861764,298.4675750428618,3124.324968567728,5927987.958366206,2434.745974093849,1281.1251550154252,-1843.1998135523027,1843.1998135523027,-0.7570398855421848,9.23
15,1,124,123,3,67512e0aa65b470459ce72afcb29d9408d03bdfe34870415fcf745e9962a5364,365.77750677773287,1164.7978900208884,1775851.398427288,1332.6107452768374,627.6822208443074,-537.115669176581,537.115669176581,-0.40305518402900187,11.98
15,1,151,123,3,f5b6e9046700f101ca4ec724b6633abf9df829ae6530b043816e8c1fa5ef4899,365.77750677773287,1164.7978900208884,1775851.398427288,1332.6107452768374,598.1909414329914,-566.606948587897,566.606948587897,-0.42518563698823375,11.98
15,1,179,123,3,c9e428dcd320e4867e53e20234a248be95ed299271e1548f23570fdc6ebcfc7f,365.77750677773287,1164.7978900208884,1775851.398427288,1332.6107452768374,601.2559304767185,-563.5419595441699,563.5419595441699,-0.42288564874741374,11.98
15,1,181,123,3,a2b4032b629f6aadb5594753e594c70d863bf71cd2a0cd987e65b2b3c15274a6,365.77750677773287,1164.7978900208884,1775851.398427288,1332.6107452768374,617.5195232718881,-547.2783667490003,547.2783667490003,-0.41068134013530583,11.98
15,1,183,123,3,5bc23050c8fae891d1c9a8840f58c3d88cc62220685d0e9036f1dcf9f7073aa4,365.77750677773287,1164.7978900208884,1775851.398427288,1332.6107452768374,618.8482540573737,-545.9496359635148,545.9496359635148,-0.40968425168303657,11.98
15,1,186,123,3,0b9b2ec83f10b2caa15524be71918c878ae2af21f9a244599fe8139f2bac290f,365.77750677773287,1164.7978900208884,1775851.398427288,1332.6107452768374,583.188307132143,-581.6095828887454,581.6095828887454,-0.4364437139278218,11.98
15,1,218,123,3,8474ef38abeb468b2a3ae5b4f04d7cddf08082dcdc18508a6018c3913b7f24a5,365.73178200917175,1164.8867760368094,1775774.3928261881,1332.58185220503,603.7600602988041,-561.1267157380053,561.1267157380053,-0.42108236339066607,11.98
15,1,220,123,3,4c1013b126ebb5fbeb7c600824bc2fe58e09ea907e87c4d983a35630ba9107f2,186.92486663610256,1669.6780621051555,1635518.1747395543,1278.873791560197,545.1588628884517,-1124.5191992167038,1124.5191992167038,-0.8793042805614273,11.98
15,1,222,221,4,a3a8c58f920216469d716de2c7f9441695f88e794a0ce8b2403cd19f3a963a8c,409.71269033293106,1125.5392875989926,2850825.816778051,1688.4388697190227,571.7872009778264,-553.7520866211662,553.7520866211662,-0.32796691461700206,13.81
15,1,257,221,4,9fa93c187579930a0743fe343db95764139b2b1c2cb893340e113e8e29d2d28d,409.7124983492039,1125.5396751905378,2850825.3333688187,1688.438726566297,556.2505472481853,-569.2891279423525,569.2891279423525,-0.33716895910110434,13.81
15,1,293,221,4,a4ea6ec31c2b0c2d515f4e0656db15233224f2539770a96e6f8ce5aaa93e0d61,409.70141203289404,1125.561368312265,2850795.1898433273,1688.429800093367,563.5767503035189,-561.984618008746,561.984618008746,-0.33284452689574023,13.81
15,1,295,221,4,4641f57ddb23a2986f8ef144e36404ac5b4dacbf48358a24674066b9eedb9e97,409.7012200494572,1125.5617559038096,2850794.706416978,1688.4296569348035,549.791840259475,-575.7699156443347,575.7699156443347,-0.34100912245855397,13.81
15,1,297,221,4,0d7bac7274729e033f5d34ed49adc87442ca39910f34798b4feabacdc69a7b2c,409.6890340089854,1125.5868726092515,2850765.6848120475,1688.4210626535216,573.8560153903384,-551.7308572189131,551.7308572189131,-0.3267732613758165,13.81
15,1,299,221,4,5bc4a0aa69826d22ef6e6daf746f0865d910d67904623a4785bee6aa508c1a33,409.64989999401826,1125.6785449822044,2850708.095643631,1688.404008418492,572.9716745338054,-552.706870448399,552.706870448399,-0.327354630581642,13.81
15,1,301,221,4,10fc16d39df0235b78478740b5b8eed5c274681addfc2f3dbc8fe9ed7e678055,409.6460053540379,1125.686331180252,2850698.038725826,1688.4010301838323,561.4019721999313,-564.2843589803207,564.2843589803207,-0.3342122806682259,13.81
15,1,303,221,4,5d0a103d13c7b655d237db8c7db1c20971a454a9657de1c9fc28ed32b7f8b926,409.6354691078795,1125.7069669945913,2850669.445472858,1688.3925626088437,581.9883513180896,-543.7186156765017,543.7186156765017,-0.3220332923264997,13.81
15,1,305,304,5,0e17d6b7e4959000de9d2f763c224c75b3b57b4d05f9d4988e957a8528f9343f,391.81588907135335,1395.5738119425314,3668918.869845366,1915.442212609236,4313.924085212477,2918.3502732699453,2918.3502732699453,1.5235908731981724,14.79
15,1,307,304,5,eab065ad7af563c2da9529e5de10ab74a3b92de6c44ab2c383317cce42b60b21,391.78613217939875,1395.6611298820624,3668895.7438306483,1915.4361758697803,2326.979972762291,931.3188428802284,931.3188428802284,0.4862176326273706,14.79
15,1,309,304,5,bfb1034c1f2207ab606869162cff4f412207678c62633292c933ae40612487cc,391.69827423604346,1395.8609608618433,3668630.0207373365,1915.3668110148867,2490.8352211846245,1094.9742603227812,1094.9742603227812,0.5716786226146375,14.79
15,1,311,304,5,0bbb3575d66987ba212673d3d423acf95da1899ba38d163254338eaec4119248,391.6799881023413,1395.8982574900053,3668560.084062916,1915.3485541965765,2534.8761738478534,1138.977916357848,1138.977916357848,0.5946583006327067,14.79
15,1,313,304,5,ee250be40d530165847231f5e9e822146ac63a70aee8647eacdc69f589fb30e5,391.67448213836343,1395.8990859966675,3668503.6212396715,1915.3338145711498,2351.590837883227,955.6917518865594,955.6917518865594,0.4989687670191017,14.79
15,1,315,304,5,c85fbfc949d7baf1202c2657c77eb9b72d1cc1f5c3ffd4d53a661352a0e0bc9b,391.67086320675156,1395.9169769200232,3668525.5520973294,1915.3395396371186,3205.041752532034,1809.1247756120108,1809.1247756120108,0.944545203695199,14.79
15,1,317,304,5,ad5710dfbc37a8d0a2cea895ad223b64164efeb7e4157fd76c6f2ba664053f28,391.4728731434547,1396.3051854311445,3667714.94321633,1915.1279182384476,4390.031165629685,2993.725980198541,2993.725980198541,1.5631989652953302,14.79
15,1,319,304,5,3081e54a3a05a4004990cf9ef7a47ce26c711ffb4b0d6ac49499144cd1c4fc3f,391.4637486565054,1396.3239048611622,3667680.3960158243,1915.1188986629065,3226.7714447638,1830.4475399026378,1830.4475399026378,0.9557879362898124,14.79
15,1,321,320,6,6035e6b0e4aed3962faab7d1aae44419ed2feda6020fb98385e1b4887f6a73a3,376.2300721104621,1228.522383732873,2978849.697302712,1725.9344417742848,600.7785157425235,-627.7438679903496,627.7438679903496,-0.36371246369301263,14.9
15,1,324,320,6,8ac0d3d1d371f1659342c3d92a08cbf71b54a6b09eb3c8b424075333babb93bc,376.2300721104621,1228.522383732873,2978849.697302712,1725.9344417742848,603.42041188635,-625.101971846523,625.101971846523,-0.3621817588876142,14.9
15,1,326,320,6,2d283ded9c72d26d8fbed2e59228a827e8b11e596bffe0dc7c391efd99e90755,376.22373014379514,1228.5366543982057,2978834.30632954,1725.929983032203,602.2275094330913,-626.3091449651143,626.3091449651143,-0.3628821279671972,14.9
15,1,328,320,6,ade8a11eecf6dca4fe85d5aae9446a7c79848363db27fe7c8eb124aacdc6d5df,376.2217176114261,1228.540706952558,2978827.9217846408,1725.9281334356424,594.3360805145418,-634.2046264380161,634.2046264380161,-0.36745714618810044,14.9
15,1,330,320,6,01a8dab5a03b44677d0c07d78872eb46488505e635366e1910cfcbf0d3731288,376.2057516873942,1228.0174357677843,2977026.9217904396,1725.406306291489,602.876938991354,-625.1404967764303,625.1404967764303,-0.36231494836719313,14.9
15,1,332,320,6,9ab39b7f5cbafb8d9e40b1d7abcfcdcc5fb1dabad66d69d12e5ad2552e3fe3f1,376.1994097546693,1228.0317064331166,2977011.544744396,1725.4018502205206,602.9198320966779,-625.1118743364387,625.1118743364387,-0.362299295237538,14.9
15,1,334,320,6,91ca5efcfde6a5656ba78a1f586f09045db6bfaf3e80a52bec726132387953a6,376.19311351586487,1228.045214377397,2976994.1986165456,1725.3968235210548,606.4624177470351,-621.5827966303619,621.5827966303619,-0.360254979119461,14.9
15,1,337,320,6,bba3ee97b65876685dfaa25946f8b5301bd822a8111c3d983da0b3421d2b7ede,375.56400797305946,1229.9548341886252,2977021.7619882245,1725.4048110481854,597.7028505980367,-632.2519835905886,632.2519835905886,-0.36643689616612046,14.9
15,1,339,338,7,90876df5d0c0fb14d61b04f6f115f2ff819c5fb78eab9c9a284ab655eff9cc71,367.05017667569314,1162.5714274729064,2535047.482767055,1592.1832440919152,547.0410371958608,-615.5303902770456,615.5303902770456,-0.3865951940903051,14.97
15,1,372,338,7,a080b496a3286a7b5d53b1f0580e9858641db215170ad23f4aaad5299a19beb1,365.14056864904194,1390.150689137187,3218544.0414938033,1794.0301116463468,548.4331759375755,-841.7175131996116,841.7175131996116,-0.46917691500015224,14.97
15,1,389,338,7,de0377e30399463675fe5a78c3923077e52c039cd50efa8f39a7bd102d1c4381,365.12763262887074,1389.633868423845,3216769.090734772,1793.5353608821802,552.2595413949755,-837.3743270288694,837.3743270288694,-0.46688476028540243,14.97
15,1,391,338,7,c5d2ac3f626b539128fe15015ee0ab9584c3bdff2f33f528be28fa7a5c2ede40,365.10127162015954,1389.7766654356865,3216957.2144029797,1793.5878050441188,563.1760422302015,-826.600623205485,826.600623205485,-0.4608643194834569,14.97
15,1,393,338,7,86b55d0c4d2898b3b3bf6e3fc65c8f1ceeceeb9f38f605c8598501b138b9d6db,365.101260541506,1389.776687646665,3216957.1732018683,1793.58779355845,562.0788321379459,-827.6978555087192,827.6978555087192,-0.4614760752059868,14.97
15,1,395,338,7,850b2e0d8e0aa4637e4d65c1ba63e11fd4a60d9884a9fefa95582f0c4a48d9e8,365.09672509531913,1390.274590527594,3218495.450462071,1794.0165691715536,564.4149452729658,-825.8596452546282,825.8596452546282,-0.46034114703633766,14.97
15,1,397,338,7,5c8a4eefe5855142eb5e0a8e7ef55977a02f6973a800c5bff4487ede1681d84e,364.75744675277593,1391.0997349816964,3217693.2402603817,1793.7929758643781,547.9108534909258,-843.1888814907707,843.1888814907707,-0.4700591945870798,14.97
15,1,399,338,7,cad8e1b4a71954025ad7137ccee2ca92925b3c3cf26276e5bdbb2196c4af104c,364.6629210428104,1391.0919184704876,3216713.596328241,1793.5198901401236,565.930187639564,-825.1617308309236,825.1617308309236,-0.4600794980681567,14.97
15,1,401,400,8,8a937061c9d72e6dee6e197c56386cbe258c0210db39d5c92c442203e9bec76d,317.74797141890605,966.8225346906199,1691577.6770602036,1300.606657318116,373.1999525990149,-593.622582091605,593.622582091605,-0.4564197628479542,14.99
15,1,468,400,8,dbfe4573b433b83343e4df9e9c805acab2565601f709f08b0311b2d5399aa27a,317.73828022437687,966.7602781164643,1691354.6435323975,1300.5209123779584,373.6989226418312,-593.061355474633,593.061355474633,-0.4560183152997059,14.99
15,1,470,400,8,ed424c2cdc5175bbd43234e32ab1eab475843a86ff74b0de12392d19b8ed02a0,317.7113044108637,966.8502408651136,1691391.7909116847,1300.5351940303979,373.81548258945196,-593.0347582756617,593.0347582756617,-0.45599285663145267,14.99
15,1,472,400,8,eca48323f3271ae2db9fc807d4e54849892791bde9a41f972ae94300f3a16142,317.68818493679566,966.9226801510762,1691411.9637041925,1300.5429495807482,381.7769308620029,-585.1457492890733,585.1457492890733,-0.4499242024092359,14.99
15,1,474,400,8,db959c9d6dc4b7811f17e42fc63951c384b58437b40f68074757d436d2e33eba,317.5031967524251,967.0940658449068,1690553.1323674691,1300.2127258135374,380.71904676899766,-586.3750190759092,586.3750190759092,-0.45098391012056654,14.99
15,1,476,400,8,4f0db7848e27e57bf4b1a12b1a25f95f7cdc9477214ad6a44c28f08afb47b5c3,317.462308372055,967.308295761825,1690803.826963172,1300.30912746284,381.26242040480025,-586.0458753570247,586.0458753570247,-0.4506973480225552,14.99
15,1,478,400,8,d576a070f8121a5dbf873647a2db0440c5e3cfcddc08d966d1160bf2ac3bdb2f,317.4401592472718,967.3914710200985,1690857.4914583617,1300.3297625826926,381.19500419635966,-586.1964668237388,586.1964668237388,-0.4508060060545299,14.99
15,1,480,400,8,c5ed668dfff4b1dd6ad972609234c4defd9f513cc0c2c72c77190ca4b10cf12a,317.36008005950055,967.5603077424821,1690722.0221072733,1300.2776711561548,373.1757040250181,-594.384603717464,594.384603717464,-0.4571212879391838,14.99
15,1,482,481,9,34a49ed0fde066a4314b45b079d2237a41048a32daf412fb306fb533dccb485a,271.5269339030699,895.4322442836382,1525073.8560491195,1234.938806601007,4039.169003912415,3143.736759628777,3143.736759628777,2.5456619735527335,15.0
15,1,484,481,9,7360f7606e4a444d4fd620c0fcbcb7c210a278f7179559bf087af5e3e1393d08,271.4199434332506,895.6614556041408,1524865.7203423623,1234.8545340817932,4043.935655104512,3148.274199500371,3148.274199500371,2.5495101751732636,15.0
15,1,486,481,9,6c7665768872277a766275941c40a798e873e132e5900993a4cb750a34495c6a,267.84211421694187,903.9034625720403,1519129.175302999,1232.5295839463647,5172.878041801067,4268.974579229027,4268.974579229027,3.463587920997763,15.0
15,1,488,481,9,44e882bb13b2493248bd2c5faf3a91c2b1ee33e9b0ae73f5ebb62adb277e88f4,267.7393891781033,904.0806231268788,1518828.430531025,1232.4075748432517,5181.09896835173,4277.018345224851,4277.018345224851,3.4704576899154804,15.0
15,1,490,481,9,28336ea96ef84d4addcd07a0668be900775ffdacb05dabb4f25671f373ac910c,267.6804318347855,904.2258003685164,1518753.5284952947,1232.3771859683604,4029.2933619027185,3125.067561534202,3125.067561534202,2.5358044575278544,15.0
15,1,492,481,9,4a7a2bb4d37639ea55a35d4e5691c6d415762d4b2af62bd106ca98190b75b8ad,264.0570332219336,555.6560970431699,778743.1176543984,882.4642302407494,256.20346721302377,-299.4526298301461,299.4526298301461,-0.33933684739658054,15.0
15,1,572,481,9,f8e90b6f149a61ea7615820d20de3f63705be595ada3d33b9e6d8178730a9daa,260.8699947905034,769.6874299053484,1184972.8497577286,1088.5645822631418,400.18205848655316,-369.5053714187952,369.5053714187952,-0.33944276475593954,15.0
15,1,574,481,9,ba99d7ed16e0b204a07a912c110a2bd3737ce27b375e67c917ce95759a304e44,256.41364703773235,554.2525061235048,741918.0209545702,861.3466322884011,288.46794576596733,-265.78456035753743,265.78456035753743,-0.3085686416993454,15.0
15,1,579,578,10,f0aad3c06a746220caf292b8e0bd432edb614198966139ffafbec4d9cfd63798,321.3432608626179,658.33187961343,1536853.3537762226,1239.6988964164736,304.96378490756257,-353.36809470586746,353.36809470586746,-0.28504348574264954,15.0
15,1,581,578,10,a8af5e4e5ed9f38a5ad3d72f6f09e7df8bc2c395fa24803e0d16bae2f67d67b3,319.3641986317596,718.5905858146876,1672623.147191745,1293.299326216381,256.80712750126617,-461.7834583134215,461.7834583134215,-0.3570584542593049,15.0
15,1,583,578,10,c15b1761f119176b0b6ae4b5560812e6a45366a1cb07da84cf5b9a0bc087df44,319.32836191313254,718.6707078777898,1672575.9515625716,1293.2810798749713,249.59882985076518,-469.07187802702464,469.07187802702464,-0.3626990955998308,15.0
15,1,585,578,10,5b6b41c517d64fa9da112f6d6a401471af83e5f8ae5b5aed9e35b961ff6b47ec,317.94325030444304,721.6430376756275,1670430.7561080956,1292.4514521281237,260.16914367723945,-461.47389399838806,461.47389399838806,-0.3570531745997381,15.0
15,1,590,578,10,9ebdb441ae7b2dc73ab25126110f7f5a11dca8cd143732a20bbf455fb09427bc,317.94095930830645,665.7697894734785,1532757.8268639233,1238.045971223978,305.6844083997938,-360.08538107368463,360.08538107368463,-0.2908497660371132,15.0
15,1,592,578,10,e96f392bee42ca3e80f1f236d680ff88c667db95e5c6ef5fba867c20d67f307f,316.9990693407482,723.7666554816219,1669199.5249659845,1291.9750481205062,258.5420068191759,-465.224648662446,465.224648662446,-0.3600879516514108,15.0
15,1,609,578,10,26b86ff4eca533ed13d7d0ce1b8b161935ded5e93fc6767c51e686984f2a209b,316.7732623544583,724.3508194132618,1669093.2934028974,1291.9339353863638,250.64088741312122,-473.70993200014055,473.70993200014055,-0.36666730319958163,15.0
15,1,611,578,10,847d074c6b8ffe05530809fb1c0d73b35a29946390b7de4f374e501dc9260715,316.62091259306806,668.6344203638396,1531084.5596373593,1237.370017269434,298.6051326029228,-370.02928776091676,370.02928776091676,-0.29904497652002177,15.0
15,1,613,612,11,da7cb74c12558ce9acb30f3bed94d98d0cad95cb1d63b14e4319f2e7723a753f,223.90812759228302,727.7880940807121,1089909.6658732926,1043.987387794169,539.8911417932221,-187.89695228748997,187.89695228748997,-0.1799800979248376,15.0
15,1,615,612,11,419941234928e51a827f64fa51486e3c3f7fe62e13fee0f6af6ef1d870a45c95,221.6198777097187,616.8315058178176,874147.7205827868,934.9586731951241,535.9533789721402,-80.87812684567746,80.87812684567746,-0.08650449390376247,15.0
15,1,617,612,11,2e8578b405881c6bbb19a0a66b4edaf1aa8285886075f61b2acf83fd536e4a57,218.72078382849975,624.969468214974,873889.6731328535,934.8206636210249,263.39257744201507,-361.5768907729589,361.5768907729589,-0.3867874393922701,15.0
15,1,619,612,11,6b4b83f08c12c39269596a899498488ecbc6e799e57d77d11ab74b9a9081bfe7,196.6779113369784,553.0279370570607,651451.9463455044,807.1257314356322,567.5217267739653,14.49378971690453,14.49378971690453,0.01795728862605392,15.0
15,1,621,612,11,5b70dee589338d4b6fbfbdb720a6e79123669418eebfa6a6f7d9a003059be08d,196.6639915288195,553.0546833031782,651433.2361589842,807.1141407254516,563.0121809699318,9.957497666753625,9.957497666753625,0.012337161702808986,15.0
15,1,623,612,11,3e1e62e4d28bc9d53986e1f7ec776505195ba3000db4a615314a2fcf573564f1,196.43463871089972,553.5993488228761,651285.6900576114,807.0227320575372,326.695246357388,-226.9041024654881,226.9041024654881,-0.28116197159277895,15.0
15,1,628,612,11,9ca747800a32f85ebfa6a2206bf024483a3e298b583f89fda2a86719d60d5fe2,195.73859079575251,555.1601390251693,650691.4709059645,806.6544928939308,313.18215699340357,-241.97798203176575,241.97798203176575,-0.2999772320905973,15.0
15,1,630,612,11,170fdd2ec9ddb1479a1f73a6cf78c4bebf1315669da15c855afc06cdd344196c,195.67083692306446,555.542214558734,650988.9513500701,806.8388633116715,564.6842866242534,9.142072065519415,9.142072065519415,0.011330728453009519,15.0
15,1,632,631,12,254923bf802d6d708d0a61b15d62bbf7757402454d01c44624666f10826dd491,230.26744877876615,475.1148133071549,677793.4482030604,823.2821194481637,276.59190663809727,-198.52290666905765,198.52290666905765,-0.24113593867692062,15.0
15,1,634,631,12,33a8141d1a99c2081d7fde4278a51e49fb894abfeaf752806d142711065a25dc,230.1183474230144,475.42441679397217,677678.4923679541,823.212300909039,264.4067945634476,-211.01762223052458,211.01762223052458,-0.2563343890725474,15.0
15,1,636,631,12,022ca5f0661159c21e11aeaba2ff32712f9112ce5c849b5dcabe6970fb87b35a,230.01655550767416,475.64962542362906,677623.2528045187,823.1787489995831,267.89947190718215,-207.75015351644691,207.75015351644691,-0.2523755062541734,15.0
15,1,638,631,12,67f4c873137eacce890ac79facd354a9871d79f0376118bcd7e43bf314b5dae8,229.89364132413868,475.88725604516316,677498.5226112237,823.1029842074586,261.30921381314596,-214.5780422320172,214.5780422320172,-0.260694039930651,15.0
15,1,640,631,12,ee8c63af556295b3bf1c522f9e00fd5604ea3ee9b4aac1085f0d5d9b5c867a2e,229.27561454313388,477.1526773857938,676988.4246349925,822.793063069319,248.9309323831038,-228.22174500269003,228.22174500269003,-0.2773744155685264,15.0
15,1,642,631,12,731920a37d427a10e044cb40677ace97c78c65b2ec9e85ab21efeca6711c5472,228.84850914663525,555.0466049137547,809301.7878127083,899.6120207137676,214.68128023243915,-340.36532468131554,340.36532468131554,-0.37834679488971684,15.0
15,1,746,631,12,963c3dc795dd3a28817b4c8575e0da48dd6df2c41021d1823da8fe1748e81a5b,228.63601968258973,478.5944468986256,676679.2216810839,822.60514323768,262.2849100469339,-216.30953685169175,216.30953685169175,-0.26295670362614326,15.0
15,1,748,631,12,2ec012c14cb168659ceb493fddd45bf538dc5c0ffa46bd5e386ba09a20dd2cf4,227.92255925864066,480.5972055530827,676991.6026444186,822.7949942995634,247.58245989577938,-233.0147456573033,233.0147456573033,-0.28319903168062693,15.0
15,1,750,749,13,a5e7bf4fc22b557ac05fc8f76c823cf9a1dcc06970fff31b97f942afeb6f9e69,188.79067987445518,551.6603909692317,691993.775161922,831.861632221322,230.14880370949254,-321.51158725973914,321.51158725973914,-0.3864964734594214,15.0
15,1,759,749,13,cd8f3a878a8f8dbddf32fbc6fd9646f1e1b40479760bce82b411342b6076fa55,152.47131022115596,843.1951752104052,955001.9713836189,977.2420229316886,2257.5991543240016,1414.4039791135965,1414.4039791135965,1.4473425680881373,15.0
15,1,761,749,13,ab18088e0bfd736d2002117d3ec48a84be25d0b17973681e44fbfce209341304,138.42226245013,512.2415239850337,431788.7053000908,657.1063120227128,176.29424515541155,-335.9472788296222,335.9472788296222,-0.5112525518062748,15.0
15,1,870,749,13,cd9a4f2bb40fdc74b3264ea689bd8cce310d3da610e4d9fad0539153124a8f95,138.28884515663842,512.6667634661118,431802.95995538984,657.1171584697738,224.59990316689615,-288.0668602992156,288.0668602992156,-0.4383797570741202,15.0
15,1,872,749,13,e62c36576a0c75fea3261242d7e658f9c79ce5d53037fbfdaa92c2ba114cbe69,137.76719039718648,513.7339349807195,431152.70981450495,656.6221971685886,213.94719085500697,-299.7867441257125,299.7867441257125,-0.45655895493393117,15.0
15,1,874,749,13,355051b844ee6d1a368cd9d5341d257ef45b0f20e931fbcf58c167556094b94b,134.1876425124937,605.0791783813671,527525.2083773476,726.3093062720232,215.0559916390313,-390.02318674233584,390.02318674233584,-0.5369932387955129,15.0
15,1,876,749,13,4d932250f4e2d2497a1b4faf85006fecd74e67b828a7a9d8514e612683b44ccc,133.31255005536076,526.8988904985822,430185.75874152937,655.885476849068,171.82926712132465,-355.0696233772576,355.0696233772576,-0.5413591791711009,15.0
15,1,878,749,13,de5e6554e9ff4a32a08e045142235f19e247f528bfada6915f6675f5786d181f,132.36273057132624,528.9798526122305,429091.01593265624,655.0503919032918,214.444879334864,-314.5349732773665,314.5349732773665,-0.480169124643166,15.0
15,1,880,879,14,6c5575ba75aef1430bc499d8ab66c0f7395deb6321a659c3bb29860baf438a64,210.8938676874925,421.11844736301964,642834.2294969597,801.769436619381,190.28542931248444,-230.8330180505352,230.8330180505352,-0.2879044866362462,15.0
15,1,945,879,14,8ebc9e899b1febb82e6085416c1605fc39698fbe145c8b2f713384f7392f0458,210.8888417006871,421.1284945434652,642829.0653137404,801.7662161214704,186.74791109056184,-234.38058345290335,234.38058345290335,-0.292330331136569,15.0
15,1,947,879,14,59285c3110ee67532d933b71323ebd49ad847146646503fb9410fb913400a8ac,210.8061306565072,421.22814627470524,642639.2606168044,801.6478407734935,186.3420565436585,-234.88608973104675,234.88608973104675,-0.2930040820722601,15.0
15,1,980,879,14,c7f77c3d13a69b50337cd8ff0973e87fb1697ca2fbc02f6efced076606ee7d70,210.4836404446925,422.0724728199132,642625.5039216637,801.6392604667412,187.9237797973132,-234.14869302259999,234.14869302259999,-0.2920873572063708,15.0
15,1,1013,879,14,5273eda638a3307d2fbb3fff06b50d1e03d688d09f2cfa8ee39809d1df343c8d,209.26866869356854,434.34196312910694,657048.4908163924,810.5852767083746,193.05151383274733,-241.2904492963596,241.2904492963596,-0.29767435485158583,15.0
15,1,1015,879,14,c2b79a774cc95151bd37c6f9acce597a2cc0db59b41136ce08c3d6cc66896972,207.92229655562204,429.2614555458551,643230.6290332847,802.0166014698727,193.34724286300968,-235.9142126828454,235.9142126828454,-0.2941512834653054,15.0
15,1,1017,879,14,945cbbc4c4cf4723d3a4e922a3491d7168b1bcbdc1f092b08a6d3b57aa5dddd8,204.2754455833988,504.2395258949314,747793.3466710947,864.7504534090136,187.4289655194138,-316.8105603755176,316.8105603755176,-0.36636067564531366,15.0
15,1,1020,879,14,892280a574466dada86bd39160ec715a2189fc81a87c22d5cd2b1b9ca4822381,202.86470587152678,472.03055157161447,689317.6939270799,830.2515847181985,205.217969108832,-266.8125824627825,266.8125824627825,-0.3213635329023108,15.0
15,1,1022,1021,15,6b009b02518a05162c54170064af046c105ff5a4d3cf208b99d8ae687058a006,258.2209191148336,625.0405841779857,1254627.9874259066,1120.1017754766335,188.35408135327427,-436.6865028247114,436.6865028247114,-0.38986323598932743,15.0
15,1,1039,1021,15,f5a7b7142cd26936fa0eec40e19381a1f91eb2fc77e2ec17023b40ee3463cae9,257.55342313587835,626.8695434855523,1254398.8978533128,1119.999507970121,187.75978995429145,-439.1097535312608,439.1097535312608,-0.3920624521765194,15.0
15,1,1072,1021,15,7390e97cb62df9701ce1a68ba29ce45782e4a7e8b89ef169528186b192e3cdac,257.5054749262584,626.8105499148137,1253983.5955045328,1119.8140897062033,188.86103399161138,-437.9495159232023,437.9495159232023,-0.39109127126459325,15.0
15,1,1074,1021,15,a0add3a2d112b79595640a8aace904edffa2b53fa4680853092f86239ed5b3a6,256.8351928159926,628.1965790008885,1252804.464198102,1119.287480586691,188.71418903283399,-439.4823899680545,439.4823899680545,-0.39264478303437594,15.0
15,1,1076,1021,15,48544a2d75b29061f9d025bb6c0f6ccc65a5180088b83e566164b0b8b6de58cb,256.82691335754663,628.2175314701086,1252797.8818142924,1119.2845401479879,188.85094305674235,-439.36658841336623,439.36658841336623,-0.39254235420358324,15.0
15,1,1081,1021,15,bcab454d27c98378296537e9d79eb574f93035f34f4730d9834b821e90cd78ce,256.34129155781045,629.3770767887189,1252265.173695863,1119.0465467065537,188.97614102074596,-440.40093576797295,440.40093576797295,-0.3935501495126447,15.0
15,1,1083,1021,15,5fc09a6109ae341ab90ddc23e2ca18c10fce27d5321c1ff03037f4c9c9c066d5,256.14540631100783,629.8286108503361,1252015.6307636572,1118.9350431386342,189.89494740649909,-439.93366344383696,439.93366344383696,-0.39317176286642574,15.0
15,1,1085,1021,15,f845e932b8b116a65c2e5c4526ee90d1612209d2cedc1b2cb2fd2b2faccaa915,246.92372955596596,565.5249310190063,1067980.6223987436,1033.4314792954315,177.28431876933936,-388.2406122496669,388.2406122496669,-0.37568103936059694,15.0
15,1,1087,1086,16,48ebcc7b6b3ff304ec506967639cc5bb8ae9316db04bbea6b23223731ae14e56,251.89320226002346,736.0963323690409,1451322.8401730808,1204.7086121436505,204.5787883652581,-531.5175440037827,531.5175440037827,-0.4412000865985377,15.0
15,1,1089,1086,16,918894d34c0d65e8fe01047be7ffda9b7904b6af2a0dbacdee71b4c32724929a,232.28762795007657,541.7242774490809,944325.521185993,971.7641283696332,175.52104531731268,-366.20323213176823,366.20323213176823,-0.37684374370369256,15.0
15,1,1094,1086,16,943fcc35244e24e54b912d90d862d1e194354fae40ec883678ab60397d78cc5a,228.44765657407987,434.86961583081813,735105.1611879469,857.3827390307941,150.84416946545997,-284.02544636535816,284.02544636535816,-0.3312703107207725,15.0
15,1,1227,1086,16,931f099c95e48e810a098c071ca1ccc4ad3a3edb8fb43389e1404359d5aef52b,228.06051731335546,436.79070229051956,736660.5902609916,858.2893394776563,150.83868180380927,-285.9520204867103,285.9520204867103,-0.33316506140078234,15.0
15,1,1229,1086,16,e6d0f3d27eff7c04dfd4205e6fbc9dad4b6fa617a9defa11ffedad7d677b34ed,227.9281800899845,435.94010289991775,734605.6532309396,857.0913914110558,178.39299583242396,-257.5471070674938,257.5471070674938,-0.3004896673194747,15.0
15,1,1231,1086,16,15f6bb4f56a563b7cdf934878d9f8fb446d51e3ff662db40650226401b172f75,227.84879122737794,437.2183512381418,736440.6853444979,858.161223398318,150.76201047030364,-286.4563407678381,286.4563407678381,-0.33380247552257275,15.0
15,1,1233,1086,16,e398c7141dccf3e8cb592f42f956c4dec8aa8f55f192597254c707344e6a4671,227.84753097895066,437.20227052048483,736407.4215094827,858.141842302007,151.26793163087632,-285.9343388896085,285.9343388896085,-0.3332017212009798,15.0
15,1,1235,1086,16,d2c8bd3ade8400920dc078ecfdc1174b55d27bd4f6f745546571de1efc065e33,227.83993596455383,437.25552843443523,736464.573426996,858.1751414641396,178.1709813262477,-259.0845471081875,259.0845471081875,-0.3019017151512467,15.0
15,1,1237,1236,17,723aedc158718b9f2a998bc036ad9ff5ff1f37727297ea5060d2cb921d1ad309,321.5391949542691,763.3230276843626,2085885.1823634196,1444.2593888784036,157.26704362570638,-606.0559840586562,606.0559840586562,-0.4196309809204791,15.0
15,1,1239,1236,17,d4c642776185b07a417aad3f2753c72f05cc42ca8a005f4d88a92bc824d7e7a3,321.36552752206734,551.2743251865387,1542207.8593148699,1241.8566178568562,153.12317491155682,-398.1511502749819,398.1511502749819,-0.3206095973962714,15.0
15,1,1241,1236,17,e6090611129e7aa96439ce60b4dd4613ee20a0265f45f816d8a749258e7563b5,321.24699753076817,551.5325400388704,1542063.954804225,1241.7986772437089,153.9631053004602,-397.56943473841017,397.56943473841017,-0.32015611066751465,15.0
15,1,1246,1236,17,08654dbd04c64f4462a1569e8a0d27686a12ee980f83a7718e6011c2483df943,321.1622928185136,551.7096345335372,1541942.8079292763,1241.7498974951745,153.87456238053062,-397.83507215300654,397.83507215300654,-0.32038260921584055,15.0
15,1,1249,1236,17,f3f2f8a0fa5cc4247bb48b6d6f82e5cc20612656a459a0fcd725905a43439bcb,321.1337534176407,551.8064297633568,1541992.9758046975,1241.7700978058288,154.39795227387938,-397.4084774894775,397.4084774894775,-0.32003385988411753,15.0
15,1,1251,1236,17,caf7e44d350fae073b396ea682dfb33122b29a8679e98a9e581c2f712b4e99ac,320.7332198151316,552.6312034354164,1541388.062670534,1241.5265050213522,153.9631053004602,-398.6680981349562,398.6680981349562,-0.3211112259968222,15.0
15,1,1256,1236,17,100a1a04b64aff1e489cb3e243221ff6e8095c12cbf2e0e11a14b0bd5c0ef80d,320.1311675823209,553.9401267461026,1540645.2400696618,1241.2273120060088,153.8904875702328,-400.04963917586974,400.04963917586974,-0.32230167295411005,15.0
15,1,1258,1236,17,3a53db694c164823ee541d78d6c54c856561f20c8299b9b264bb4038d35add27,319.42646394135863,555.3226746760064,1539405.4909271672,1240.727806945249,155.29451993932628,-400.0281547366801,400.0281547366801,-0.32241411250512303,15.0
15,1,1260,1259,18,c506d382ac3c282fe23e3ca2d63a0bd9cdad850d5e585793971ef229b8cad75b,283.7034050531522,614.7781845493073,1446378.041285219,1202.6545810353107,281.61337389416167,-333.16481065514563,333.16481065514563,-0.2770245221768824,15.0
15,1,1262,1259,18,183aa0aeeae245840e37a15f40718b614b28280e7646b0baadc4cbfd4fcdc4ba,283.6826387896717,614.8338615453196,1446369.87164482,1202.6511845272594,272.46071141320044,-342.3731501321191,342.3731501321191,-0.2846820046717867,15.0
15,1,1264,1259,18,5bcf113226af13dbee07971579e32df5941e6f62681b2b725075ad85ecf33465,283.556435163478,615.1258628753054,1446214.6525900948,1202.5866507616383,172.65290557158113,-442.4729573037243,442.4729573037243,-0.367934366329022,15.0
15,1,1266,1259,18,317ad52d5f5ac3c95bb3fef968c7de0e42d952033b14733eb997e5fbb523fdb5,283.18895407254354,615.8976195703685,1445583.2258927403,1202.3240935341603,283.27074096082436,-332.6268786095442,332.6268786095442,-0.2766532587996363,15.0
15,1,1268,1259,18,f62385f078e28b5d47c2b7afb51f3de4c56624f29b5c920b98c36ae6192129aa,281.8473147911184,619.1278813739818,1444201.4564388767,1201.7493317821636,171.4912162684431,-447.6366651055387,447.6366651055387,-0.37248755066225414,15.0
15,1,1270,1259,18,14ec25dff9a79e9df2a8f231c120991fa6bfc8e9f3bf0017a0f9625766a14716,272.012032147348,988.664679506327,2258857.533859439,1502.9496112177012,5209.491185352056,4220.826505845729,4220.826505845729,2.808361953283306,15.0
15,1,1272,1259,18,a75a4b717dca854602e554cad3a3eb8ba73c9ba9e4bbbe91fe6e5497ac02340c,271.92306898644813,1014.9777673888173,2325247.3450930705,1524.8761736918414,5367.572016613893,4352.594249225075,4352.594249225075,2.8543919331411107,15.0
15,1,1274,1259,18,584389ae0f376298671681e0db5afd7469eadb5bbca80bda15ad8faab4343a2d,258.24132266465534,640.1650626590549,1339006.6781441513,1157.1545610436626,192.70344210441667,-447.4616205546382,447.4616205546382,-0.38669131645738225,15.0
15,1,1276,1275,19,279da0921b022ebe2512ffa5d38fdfd74dc9e7cd22af3b307e5f5b48badd4471,267.62126622999904,429.05530783529963,960966.131130378,980.2887998597035,151.67091476363365,-277.38439307166595,277.38439307166595,-0.2829619119501972,15.0
15,1,1281,1275,19,6c781dcd250e90026879ed6d1d8951495d0925a9b33dc4f35b176c3f55ccf38d,267.1280128955649,430.1772650992851,960670.0098944042,980.1377504689859,150.77153843388413,-279.40572666540095,279.40572666540095,-0.285067814734927,15.0
15,1,1283,1275,19,47e5565f5def0668c862f0637018d75d78cf9fbdd82a45d6dad2f2a3be6ee71e,267.0926821741909,430.19197941973545,960518.4183811434,980.0604156791271,150.89679859093945,-279.295180828796,279.295180828796,-0.28497751399872634,15.0
15,1,1286,1275,19,831c51a1072f64c9b647c4a00fa6f3e68016324a583654210dfe31bbff2d4e79,266.80576309504033,430.782075879992,960220.8883920899,979.9086122654959,151.07666367473024,-279.7054122052618,279.7054122052618,-0.2854403040285542,15.0
15,1,1288,1275,19,8fcdcc674af7de8661ac0a83cc24e9419c4d91f053518af22be0ffa35a26f8bb,264.7421145386286,435.093277603983,958190.847642332,978.8722325422925,157.47322215455952,-277.6200554494235,277.6200554494235,-0.2836121469381131,15.0
15,1,1321,1275,19,d5a0a1eabd17cff6d1a63458a748539d19361e3225ce32ff4df6d6953ca37b64,234.21099542662822,389.5221113483403,727669.471470663,853.035445612117,157.39108133894024,-232.13103000940004,232.13103000940004,-0.2721235456315987,15.0
15,1,1323,1275,19,f24cbb8082506b0c465d101827fbaae54b866e580d0f2c1318253f44314e86ad,233.6890234720113,391.0926303323958,728068.6098822077,853.269365371925,156.90870347889987,-234.18392685349593,234.18392685349593,-0.2744548630917029,15.0
15,1,1328,1275,19,d8b2f414a04f69b39e0334369f23d7b6e0b4c2cd174f96c85065bab32de7f8a7,190.10827479123836,1211.4225677020079,2043209.7794821062,1429.408891633918,1958.9209376171382,747.4983699151303,747.4983699151303,0.522942297539989,15.0
15,1,1330,1329,20,ee270f009534c337ece6948acf2758e056ee347c71c66a3dd5ae845059d76b1c,262.42791381173265,427.4718285941278,934781.9308185398,966.8412128258393,171.14616664082112,-256.32566195330674,256.32566195330674,-0.26511660710462454,15.0
15,1,1347,1329,20,cde15ada7f8dba810bbd826ddb1573be06ff541b441baecad35944cd9753e432,262.2883636120033,427.7760775367466,934671.2473188853,966.7839713808278,171.43233406543732,-256.34374347130927,256.34374347130927,-0.26515100690507043,15.0
15,1,1350,1329,20,47505772e3088b652d57c0e4f92599a1ec4259c3b773a2373fe0b0aafb7f8bf9,262.21359903363566,427.93277470830105,934599.552453943,966.746891618454,168.9900438561584,-258.94273085214263,258.94273085214263,-0.2678495613455146,15.0
15,1,1352,1329,20,e39837149a69af60761fd4127b6aed7cd9b1aa4e54089880ebd8dc7eb529b354,220.22017514214545,418.159220530571,717039.7143954104,846.7819757147706,148.0407280921936,-270.1184924383774,270.1184924383774,-0.31899414511081176,15.0
15,1,1354,1329,20,7a2489e8a3c41d8c7789de0b3a192337cbe8171ff07da9615d7aa7978f3318a0,220.21896300377784,418.15913662146494,717034.1617789438,846.778697050737,151.13682580764848,-267.0223108138165,267.0223108138165,-0.31533895661739486,15.0
15,1,1357,1329,20,42a64954a49fe0600873bbbabb15103f417a11dcaf69927162752eb2d7bb873b,220.12921381261174,418.3219995258716,716906.3666800219,846.7032341263507,151.35864043043117,-266.9633590954404,266.9633590954404,-0.31529743638088237,15.0
15,1,1374,1329,20,eff76171ff2910377218f7d7ef6f12093f157345f73e27c78d1c39f351fe645b,220.01907808215788,418.57833352654984,716844.0652319737,846.6664427222645,151.53105149750758,-267.04728202904226,267.04728202904226,-0.31541025905126474,15.0
15,1,1376,1329,20,4be2a1252c9e7fca66d32fe3b3fed17188d468a6ab0c45ef0febdee8600e42c0,219.39145161242467,419.84043211640443,716154.0787127971,846.258872161939,145.66217030900899,-274.1782618073954,274.1782618073954,-0.32398864085992,15.0
15,1,1546,1545,21,5351436b94b656abf493106cf61b997cd766dd9847d7536bc9de8e8fe92f4ad8,258.83542615114453,323.7377792597019,742279.3571141565,861.5563574799716,120.54752737151252,-203.19025188818938,203.19025188818938,-0.23584092917904434,15.0
15,1,1548,1545,21,36b00d13bd96a75acc233ef6cb5e3f6f4fdc0d1bfde3a1c2abc359709ec4be82,258.81926757927926,375.35828493817905,838257.4317423201,915.5639965301825,120.03528367220753,-255.32300126597153,255.32300126597153,-0.278869639078861,15.0
15,1,1720,1545,21,6472072a746c7151fe3eafd436753ecfcf54bbaf3ca811776fa76a45cc50d5f8,258.7545515242073,375.4736851370997,838168.11049113,915.5152158708942,123.43346207888439,-252.04022305821533,252.04022305821533,-0.2752987811551108,15.0
15,1,1725,1545,21,968f576011c0c0419cad9228e5094347882ab04704e096aca8176934208aa071,258.65610589795017,324.14935497503086,742240.9833078884,861.5340871421678,140.6023881748469,-183.54696680018395,183.54696680018395,-0.21304666819282286,15.0
15,1,1727,1545,21,414e09350ac2adccf2e708fbfabf456e214efc14a9c3df2537911e07ab0f2c3f,258.643045079739,375.70282874412123,838071.3425379007,915.4623654404919,145.1662388811208,-230.53658986300044,230.53658986300044,-0.25182530551332216,15.0
15,1,1729,1545,21,e4184e40554436a35e784ff1b6cf469d43c1f770995aa131f2f7ec9158e8c2a4,258.58880749837965,375.8142547738897,838024.1744444524,915.4366031814832,143.56834796366064,-232.24590681022903,232.24590681022903,-0.2536996073819727,15.0
15,1,1731,1545,21,caf6c228006b0bd851c6b7c884f2d509bf0b0566b6606eb1e38eb666e7d41e21,258.3824457292744,324.7109260770358,742059.9018119749,861.428988258449,143.22286013208253,-181.4880659449533,181.4880659449533,-0.21068256167216723,15.0
15,1,1733,1545,21,08b67fc120cca74b1e41c67ca1624c6fdbc616d4b1d9cea18b641390b1cd0983,258.32399548439776,324.7703635445071,741910.3430233053,861.3421753422418,122.02391952649512,-202.746444018012,202.746444018012,-0.2353843220755487,15.0
15,1,1735,1734,22,0f4b12bf74c20383f8b83e06b842c8adf99f68ec53733c3f42102ff534bbaaef,306.95584815339305,311.6106005263823,1004153.2525528478,1002.0744745540861,141.37836821536825,-170.23223231101406,170.23223231101406,-0.1698798209452105,15.0
15,1,1737,1734,22,7cdd78ae5343a923766a7455ddd44be59c169377d34063dbea39e350af4672a6,306.36591963154945,312.80094723577355,1003691.7334153078,1001.8441662331062,144.24500934403352,-168.55593789174003,168.55593789174003,-0.16824566491763243,15.0
15,1,1739,1734,22,7f8f347e3ebf16837077390ccda023a50e6cc8ed3d2b8f0adfe57342fbd77529,306.2138350718949,313.18913854861523,1003747.2045856449,1001.8718503808982,141.37276808468982,-171.8163704639254,171.8163704639254,-0.17149535681494907,15.0
15,1,1741,1734,22,4f448fa9c99be9a534bc99f18ec247a3210e5bbf1a8711d4c880dcf42259f978,304.92262150416025,315.73196550568383,1002590.3903941532,1001.2943575163865,144.33484398403553,-171.3971215216483,171.3971215216483,-0.1711755591500408,15.0
15,1,1743,1734,22,2e38f815c5e1b3bdb02b3ea8e6e858c6c2c074935a38699a6c9615f742c3147b,304.5635476370941,316.45715519331674,1002305.0080326847,1001.1518406479032,141.70869298462915,-174.74846220868758,174.74846220868758,-0.17454741140524474,15.0
15,1,1745,1734,22,3e4e2c236b2296bec0a73fbd7bbbe199c6940841d13345fb7b5fdfc859d92bd3,205.30186218142143,384.5534243015643,660888.3622762185,812.9504057912872,119.37531225560892,-265.17811204595534,265.17811204595534,-0.3261922377513836,15.0
15,1,1750,1734,22,5c36473c7e1fce60497688ccbfa1c1436371948e05e3dc8abe63f4f7a88f611b,204.84393460091658,385.5660250365387,660517.9087808118,812.7225287764649,112.9458321525593,-272.62019288397937,272.62019288397937,-0.33544067406917194,15.0
15,1,1935,1734,22,d7fde49e6fd65d09acb4840641c2fd9720ba4aaf2ed6ac477cee502931066f5c,204.84104380261545,385.492244154917,660388.5126527044,812.6429182935789,119.69468906575983,-265.7975550891572,265.7975550891572,-0.3270779195951032,15.0
15,1,1937,1936,23,a599abac73b8bce9f37fbeb182c1ed9022dd3f5a8fc0f10f04b72e988a4c9a6a,219.0968875491817,1205.2073464001444,2425368.211893369,1557.3593714661267,1553.4048860415064,348.197539641362,348.197539641362,0.22358201069131683,15.0
15,1,1939,1936,23,6bd9863ec667fd4ad30f2416434b3c99bf61d3c2d96c9f6a86fbbbc64b2e6b52,205.5468790997757,1284.5389913529784,2475512.20630022,1573.3760536820878,1958.3212565874812,673.7822652345028,673.7822652345028,0.42823981187312865,15.0
15,1,1941,1936,23,791fe3b3c95fe35a82aaf3f304df3e365811aa01474e40f1e141cfb58ab8ed31,205.52373385665305,1231.9496817073814,2351950.1245620563,1533.6069002720535,1937.0695930249763,705.1199113175949,705.1199113175949,0.45977878111562387,15.0
15,1,1943,1936,23,6db53d3680b59e23ec37c6083469f1b221c22e5db65965949c5b19888da8f8b9,203.3535280112926,386.8767594839929,670362.1229847325,818.7564491255824,119.01779867037378,-267.8589608136191,267.8589608136191,-0.3271534057529413,15.0
15,1,1945,1936,23,11cf787022c195b34064e377e88040da067d41ce132e96c885d28cc7f80369fe,197.80188985566707,242.25773022723087,432842.9261664136,657.907992173992,198.2789317800541,-43.97879844717676,43.97879844717676,-0.06684642681091797,15.0
15,1,1947,1936,23,01111a62a9d4757fed045787f67bfcc37aa419490d1549457764a360cea86fe5,197.56047089941825,242.74935138276825,432716.2947297476,657.8117471813251,198.06689102336614,-44.682460359402114,44.682460359402114,-0.06792590821137379,15.0
15,1,1949,1936,23,2f0e6ad6dde257ed03807e4bb31ff3db61c12fd7a5ea8373d78a88c54397bc23,196.98995167060477,243.9438455014185,432460.7118232468,657.6174509722555,198.98651592129409,-44.95732958012442,44.95732958012442,-0.06836395462689926,15.0
15,1,1951,1936,23,21513cf505786b5607f598f10085156ea3f2844955a2881fc1476811c1a1823c,196.9631778212756,297.45175195676626,508642.43332208245,713.191722695996,196.2435286695307,-101.20822328723557,101.20822328723557,-0.14190885853897722,15.0
15,1,1953,1952,24,2b6275223d4d7ae8e18b6e6e9502c0b3838e486ebf59dfbdefcd41a484386e7e,198.34297688545283,346.51860549685114,586400.9982890624,765.7682405852717,159.99623805537368,-186.52236744147746,186.52236744147746,-0.24357548087776484,15.0
15,1,1955,1952,24,c974ced8467b5c2dbd72eedc1b521195baad9f4f2cd0f9dd45951448d4a1abaf,196.75279593064568,1368.5244679543039,2579151.0062937667,1605.9735384786907,1933.734532966999,565.2100650126952,565.2100650126952,0.351942327485737,15.0
15,1,1957,1952,24,7db7d5683a8f94358051cad580e732956d4d1386712d1d4ef1fe37497a9b17c3,195.94259559836223,1360.6036308524936,2551597.187748823,1597.3719628655133,1951.243953065198,590.6403222127044,590.6403222127044,0.36975753671872347,15.0
15,1,1959,1952,24,7da5638756350305057e984b52d8b173f726587f0aca2c1b64bdcaa78057a0e1,195.50698102329727,1375.6138449559373,2582171.949570523,1606.9137965586465,1926.0370138457326,550.4231688897953,550.4231688897953,0.34253434756025936,15.0
15,1,1961,1952,24,161a76dd5060e2a3ebe4bb0a2c7e6e9521d528050ef86fa6284b3537cfce44dc,192.22065615795952,1210.19758483036,2169688.5057226513,1472.9862544242058,1435.9603753369263,225.76279050656626,225.76279050656626,0.15326876936459774,15.0
15,1,1963,1952,24,e96976c92d432f973d99fc4d7bccdc25924335ba91662350cffc31cdd6d0830a,192.06957542217324,1222.3691815862926,2195188.653284161,1481.6169050345507,1436.1680578906128,213.79887630432017,213.79887630432017,0.1443010508167322,15.0
15,1,1965,1952,24,6ec0eb1451048d357db800381336ea32171e7a11301b848c86a217928562b174,191.93725742685234,1230.1527915040244,2211185.120988225,1487.005420631756,1438.3174719068738,208.1646804028494,208.1646804028494,0.13998918733894755,15.0
15,1,1967,1952,24,da777386766c014091d1c052a617936a95c473b15021b5d3484a81c21fbe208c,189.34658140134516,1135.83025313566,1980572.6902817795,1407.3282098649836,1453.214679810495,317.3844266748349,317.3844266748349,0.22552267797238582,15.0
15,1,1969,1968,25,7250aac4a88bab5b757f7f3a74eb4d4c8dbf41ca8059dc0624974c376fd54617,145.61532645648634,413.74757119824733,472044.3482542954,687.0548364244993,125.63433248972652,-288.11323870852084,288.11323870852084,-0.4193453323287707,15.0
15,1,1971,1968,25,0d9ec61a6f430a87e659b139857dbf2e80b680fde568f090f60658339123b744,142.5474777621555,319.96843309362225,350175.64708518184,591.7564085712819,127.1636683919213,-192.80476470170095,192.80476470170095,-0.32581778905817466,15.0
15,1,1973,1968,25,701685e418b3474105718cc26c8eae2652473a145b6824c67b5540c7cf3a2d83,142.3392514518903,320.7163871536044,350358.7355486383,591.9110875364967,129.2887922482057,-191.42759490539868,191.42759490539868,-0.3234059961642388,15.0
15,1,1975,1968,25,907c380b71f3f8668961ee2053cf57f2309d95ce4b9eef89b11d6edc1173656d,141.71684397654138,322.0804966327146,349918.2848710128,591.5389123895509,136.127063517137,-185.95343311557758,185.95343311557758,-0.3143553690566347,15.0
15,1,1977,1968,25,4806f5fe66df00a612f2dc492790bb54401c1445dfcde278130965731ef7de23,139.533922051322,396.05736532771147,427954.7273230015,654.1824877837998,141.80240517481408,-254.25496015289738,254.25496015289738,-0.3886606029676017,15.0
15,1,1986,1968,25,951994d5e42154123749d7859cb56b947a962179b3e907cb3f97cb76d5be06bd,134.63586192425979,339.0011826237018,346143.75236088596,588.3398272774723,131.14579272511028,-207.85538989859154,207.85538989859154,-0.35329138069818783,15.0
15,1,1988,1968,25,4577b5973ad30772daaa3b7b6287756ab8315c618199de65a2dc339010f40520,133.8255876121441,344.01996362917083,349048.36466208677,590.8031522106892,118.546737173591,-225.47322645557983,225.47322645557983,-0.3816384960234145,15.0
15,1,2005,1968,25,b533976f5a8de6a5fe24e5b2534ad83c711b4ea45a6e795a836ddd4ec5706f3b,133.26018798386497,315.71310617108844,316660.7600870378,562.7261857129432,118.46012919623442,-197.25297697485402,197.25297697485402,-0.3505310077670285,15.0
15,1,2014,2013,26,53a7fa25a362cb55f140a5e5eb01f7943a7f18d21dd847d1534fb3d6463bd185,133.08830100029562,1248.0251935798904,1671039.916535467,1292.6870915018324,1304.5824484507243,56.55725487083396,56.55725487083396,0.04375169771760175,15.0
15,1,2016,2013,26,408059175f0c09a5de2a5efd6516ed8f235622ffdd6e3190dee0f80cf0a867b8,132.89068604874853,1235.4844785537587,1646620.672413131,1283.2071821857649,1316.525507666848,81.04102911308928,81.04102911308928,0.06315506197140135,15.0
15,1,2018,2013,26,f0f4beae4d02c771f8e0948ce8dba3165c2984bb1ba9ca04c771e64578bae61f,132.58703682094227,1279.5422764097705,1723228.5788813278,1312.7180119436648,1377.9635641194354,98.42128770966497,98.42128770966497,0.07497519407381203,15.0
15,1,2020,2013,26,0e37cf6f131710c3be673728e3ddab1c55a052b4ea5cf9c2b5fe6db2683df8b6,132.56649918550346,1279.6332756810946,1723192.0315817725,1312.7040914013228,1380.30790223401,100.67462655291547,100.67462655291547,0.07669255181908091,15.0
15,1,2022,2013,26,bc6bfcbeb72ae4b4bcced0ccddfc9b3c3ed9b76cdaac6263737bf71c5bee3e85,128.61387151407502,410.3884716923689,403688.0025644335,635.3644643544628,137.0002206450761,-273.3882510472928,273.3882510472928,-0.43028571219364337,15.0
15,1,2024,2013,26,87cde7e6791103b66e0364e2b4829c92d8de6f7dff8162c871cf26b6aea840ad,128.22693218695895,355.8716635750425,342519.596424364,585.2517376517254,231.2679422763863,-124.60372129865618,124.60372129865618,-0.2129061962269747,15.0
15,1,2026,2013,26,5b0232ca084b904f773dc05d9b66a1d883ad3cfa1ed1fc21515633cce029a028,126.21390558375909,305.47796409218716,283950.5864872958,532.8701403600091,135.0345368216736,-170.44342727051355,170.44342727051355,-0.31985921965032854,15.0
15,1,2028,2013,26,8984243c2b6e656acfb4721ec7a3b655a2f917c373ab36afd4e5be31941a1ebc,124.6464687907605,389.66149290162684,366999.79456391075,605.8050796782004,149.4577552983255,-240.20373760330133,240.20373760330133,-0.3965033402012673,15.0
15,1,2030,2029,27,b111899d34708af5abd507f2467617be48b88b4ce27e955cbec6d7f7510dd9da,190.580862568243,266.03950033992675,440806.9200502144,663.9329183360427,164.73281444612175,-101.306685893805,101.306685893805,-0.15258572529842493,15.0
15,1,2032,2029,27,a525ffbbeab23e520b52d581ef4f61b135348bf1e169ee44cefabbd3d1680e6e,190.53746346077781,266.13939487432106,440795.7730042547,663.9245235749728,166.14424561900321,-99.99514925531784,99.99514925531784,-0.15061222428851284,15.0
15,1,2034,2029,27,88ac04372fd21967a14dd960c96d55bc001387279cfa3ac25445e7bf8e48dbe1,190.4114768264056,266.39111873829467,440710.5198865342,663.8603165474905,167.89976421919735,-98.49135451909731,98.49135451909731,-0.1483615635158267,15.0
15,1,2036,2029,27,8616ae844acb1d95e0d081ae272fa39148a2d751b56276c38d6fecc66f514ce4,189.79033263969865,267.69967279714564,440381.1361265347,663.6121880485128,167.80802282925808,-99.89164996788756,99.89164996788756,-0.15052714788382557,15.0
15,1,2038,2029,27,10d90f022304656904da4b85e5cb183f4d206f22948d6fe42edda6c2df8f047f,109.5778170341822,297.56637399697325,231598.9905847182,481.2473278728082,193.26278585520657,-104.30358814176668,104.30358814176668,-0.21673593202648123,15.0
15,1,2040,2029,27,4086b10c0728c7af1ae67bbd763d6af5998f99015c31f66b13d2a616aea8aa43,104.29518503669057,368.1742641873111,281095.6643097883,530.1845568382658,139.3736577144777,-228.8006064728334,228.8006064728334,-0.4315489833149358,15.0
15,1,2042,2029,27,075fb7653bd5c2e5da200c721dbb79096aa422acefb1288bf6f2360052b8f3df,103.12846442029974,363.0378227974291,272872.6284844116,522.3721168711166,160.1459119177828,-202.8919108796463,202.8919108796463,-0.3884049403228489,15.0
15,1,2044,2029,27,54e894a3e341c3e24f9689f0c3be492e832172bcc6cb9e7d6137402aa7af48b1,103.01735378451575,368.3632192316902,277423.7210405492,526.7102818823164,126.16827152786833,-242.19494770382187,242.19494770382187,-0.4598257448825269,15.0
15,1,2046,2045,28,09b16f11bc0b35ce5ab0bec7b11a31d3cc640a10d1b9bee3369cd1cb57bcbe17,126.78564176459841,376.12196429086356,354149.858174009,595.1049135858391,140.32410633034175,-235.7978579605218,235.7978579605218,-0.3962290557134005,15.0
15,1,2048,2045,28,affb69135efb4133233b99b463275c39ee85e264874be77f25d4f40f4ab58305,112.69419358871274,351.9312348526312,285267.51136966585,534.1044011891925,137.51147050785295,-214.41976434477823,214.41976434477823,-0.40145665129770325,15.0
15,1,2050,2045,28,f4a32bb83146643b599f77f4e5723e20e505d7cae979c8c914d433bbbc7231d9,112.41660445682473,352.48251356975044,284971.78936560074,533.8274902677838,136.25582035189927,-216.22669321785116,216.22669321785116,-0.405049753262773,15.0
15,1,2052,2045,28,da7d2da8985f0e9e20c053bb2a55b6db47d5cb9e9448eb81a6c8357b916b1cb1,109.78628448283729,328.33572474992894,254684.17116077107,504.66243288040675,124.8983655305824,-203.43735921934655,203.43735921934655,-0.4031157184778136,15.0
15,1,2054,2045,28,30eeba6ca9be770120b65a5c0a694898a4a12197daf712e9a00ea86e285e90e1,107.10802030992878,342.2629195418152,259941.82166253068,509.8448996141186,126.83824102902653,-215.4246785127887,215.4246785127887,-0.42252982951449564,15.0
15,1,2063,2045,28,a02b5670b9b30a0f014e7f863331de667cc9717906b50c750764ca354a818e07,106.30332038973022,345.1661247527092,260307.49883474625,510.20338967390865,159.25513722872492,-185.9109875239843,185.9109875239843,-0.36438602974160444,15.0
15,1,2065,2045,28,00467156c077dbcacb64b0fb2a520a00c2a1b61bd162d055dc3aaa39c8ac31f3,106.19448479855603,345.40397193887543,260214.4166863035,510.11216088846925,159.54195852424158,-185.86201341463385,185.86201341463385,-0.36435519022113777,15.0
15,1,2068,2045,28,7398dc541643af4f36f4714590ef21eb2ba1c739babd7b4ab88559e5dce1a919,105.403863648098,326.08618973073476,240592.50410755098,490.5022977597057,128.05135992946046,-198.0348298012743,198.0348298012743,-0.40373884221494605,15.0
15,1,2070,2069,29,6a5c8f5ce94b70ed93cee17f4b6ad6578cbcaf30e000178ba93a0f00feab47c4,141.50233198005358,283.5588810359504,299639.3024019232,547.3931881215943,203.83628392123214,-79.72259711471824,79.72259711471824,-0.14564046254994534,15.0
15,1,2072,2069,29,126f40f270a41f9ec2762180953f543368592779ef58744149eac469ecc81659,140.65441916403216,294.1413900155412,308624.72735921986,555.5400321841981,124.6376598204025,-169.5037301951387,169.5037301951387,-0.3051152399021661,15.0
15,1,2077,2069,29,5f83071f23c9ced68d59495344e6265e2400cb63e626ad6b9765226b3c17106a,139.6064548356183,315.4525044428549,328762.74405019626,573.3783602911748,171.62858653935518,-143.8239179034997,143.8239179034997,-0.2508359712606918,15.0
15,1,2079,2069,29,152e5966ef7b26d9b7a2cb8dd1b557bae3dd94c08893723a33ad7ca37803ecda,139.39741960051686,343.5598004238342,359394.9772095518,599.4956023271161,160.0953395361852,-183.46446088764898,183.46446088764898,-0.30603137066473624,15.0
15,1,2081,2069,29,11980ffff3430b0280da8460c40ddb7a99d56d4508e8c86a564f75c1e06e3fb7,137.72873416571326,298.26944212434574,304468.9498065601,551.7870511407097,124.43002767129379,-173.83941445305197,173.83941445305197,-0.3150480137104951,15.0
15,1,2083,2069,29,90a1c3abcda9cd184bf73fd358a96836b8f1a4a3cf4f6cc3efeb9a1653f6404d,136.6700462140492,300.4488886750802,303688.63870516483,551.0795212173691,127.68010878562927,-172.7687798894509,172.7687798894509,-0.31350970819564095,15.0
15,1,2085,2069,29,0a998c2894a17211350df408556b382308ceaf7676418a87d239399cf71f22b2,135.45079979126683,312.05639625387107,312471.62316958635,558.9916127900188,117.91192288784066,-194.1444733660304,194.1444733660304,-0.3473119612600688,15.0
15,1,2087,2069,29,57ad079d7b1fa2e5c4c2fbcc8da802fb2397f59c45e55eafcfc007416b13ac4f,135.03368207614923,323.1464695374818,323122.1309819589,568.4383264541184,141.9552690421692,-181.1912004953126,181.1912004953126,-0.3187526105524439,15.0
15,1,2089,2088,30,c6817534200d40659ff6b2f228c0d37066c4854b332ee5c5a49ce2e3c132f151,118.34830299275944,305.0353351825009,256748.55485060002,506.70361637805587,125.35887389544284,-179.67646128705803,179.67646128705803,-0.35459873480160814,15.0
15,1,2091,2088,30,8938001e9d2170e2a9ecc239fdca1ae24b646ccfa80f40d2c63a24c0eb2d7ab7,118.25523066246309,366.4654727493679,316866.64467589726,562.9090909515472,154.02576918553825,-212.43970356382965,212.43970356382965,-0.37739611418376534,15.0
15,1,2093,2088,30,229eb44dfe6ca91496f3cecabb61460e68c470a2081a4de56b64c77f2cb37604,116.69770521611693,323.892020397359,270199.7564610938,519.8074224759529,162.30566499690818,-161.5863554004508,161.5863554004508,-0.31085811478177966,15.0
15,1,2095,2088,30,076b4f91e20678c9a8d750e469ab3c5a86935743ab061a1c49461828ecee8ea6,116.24597798825604,285.6172803060837,232933.84882058017,482.63220864399443,116.06342605749767,-169.55385424858605,169.55385424858605,-0.35131069002826254,15.0
15,1,2104,2088,30,11f984af367366a4027717f5924aff0266707e3ff8b460f2773136a3e0df070c,115.72708279088317,323.63159512063737,267197.253249938,516.9112624522105,128.23630611149952,-195.39528900913785,195.39528900913785,-0.3780054783139931,15.0
15,1,2106,2088,30,7786fd3283c95c4135901efca6d9bc4f67644407dacae42da47b1114faa57618,115.28911756815745,287.3648422431402,232061.17710834753,481.72728499468195,111.99626467830002,-175.36857756484017,175.36857756484017,-0.3640411972238113,15.0
15,1,2109,2088,30,cc4ac39af75a0aa78d530177fb502a834e8d94492cb1d6c298fe9d5e7f1922e7,115.07628272513367,346.49235537506473,287342.5326674692,536.0434055815529,158.43945937493834,-188.0528960001264,188.0528960001264,-0.35081654590286027,15.0
15,1,2111,2088,30,024884f25a0805ac46a5119158ef42971bfb909ecb664f395b2236095be341fb,113.44432986724838,308.8798479805524,247004.27884531132,496.9952503247001,120.4263850390309,-188.45346294152154,188.45346294152154,-0.37918564175090186,15.0
15,1,2113,2112,31,5c01997110a38d72e40a0471ab5f720fdc8a4e108c80ba5b611f0055733e6ed3,109.29852745760574,330.31725466912786,256452.75735429834,506.4116481226497,182.17043142294642,-148.14682324618144,148.14682324618144,-0.2925422900428649,15.0
15,1,2115,2112,31,fe47668bcefac74cccc9921a6a71e1cd0f1cc95bddab831f61fcd5e8b89885ec,108.1786508491025,333.31752732805637,256068.73054761044,506.0323414047865,184.04922935938595,-149.26829796867042,149.26829796867042,-0.2949777825549442,15.0
15,1,2117,2112,31,1874831c41038eb7928ab25cf0f719f0969de58d4e80aa6f39a5739380881e6c,107.75227611185437,495.07802968111105,414429.84591106104,643.7622588433256,424.59374819090874,-70.4842814902023,70.4842814902023,-0.10948806103800546,15.0
15,1,2119,2112,31,beb3b5594e5def2688df1065af52d2fcbdda17c694360aa473de9d282c2dfad3,106.09412992032732,341.3800323503454,257553.62220484635,507.4974110326538,182.83318115436668,-158.54685119597872,158.54685119597872,-0.3124091822919218,15.0
15,1,2121,2112,31,f1b3f06c1d9281b2e3615bb036af54569550929fe30b36782b55075d4e602715,102.27165712888478,303.6205951860943,214044.81681231578,462.6497777069776,148.7996280231861,-154.8209671629082,154.8209671629082,-0.33463966616442453,15.0
15,1,2123,2112,31,1c2ca5ac0580dcd5e0ab41972db285be163f4d94184afd76b4cd684cce7d385d,99.48935320639681,308.0085854337252,210681.27148394368,459.00029573404817,171.1150387376246,-136.89354669610063,136.89354669610063,-0.2982428289663213,15.0
15,1,2125,2112,31,396eaa5f97e997cc1e252ea8f9840459b3c0896ff9dba02587d0d64d45029083,99.27905583016775,231.4473572779927,149063.90137608384,386.0879451317845,128.02564256504328,-103.42171471294941,103.42171471294941,-0.2678708724709034,15.0
15,1,2127,2112,31,327c34326aae0956bc94d3ffdf70f3c1ea0da6de0653d8d7fcb5af9f35da5de5,98.94947835609665,291.74693086349714,195899.28730690083,442.60511441566155,148.14391709192836,-143.60301377156878,143.60301377156878,-0.32444951288273544,15.0
15,1,2130,2129,32,54c3458940132b31c28667a52e01edd50d23fa2e2eb5c361f7fea954ce891bdd,95.2396918590676,230.1736110484761,139892.15910062726,374.02160245182,157.19436599317223,-72.97924505530386,72.97924505530386,-0.19512040100599473,15.0
15,1,2132,2129,32,9cbd5da481e55657b7ec5225167f3f462e6d5fe1d631e835d0c042b5391582df,94.76749543546008,231.23576805072062,139733.67741455988,373.8096807394906,157.49939396212798,-73.73637408859264,73.73637408859264,-0.1972564593370705,15.0
15,1,2134,2129,32,5cecfd720d2c3df145e61ace3a231010b2cc9f61a20322beb0a3759120bbff27,94.74503642749674,245.70062506461392,150364.4426442344,387.7685426181892,154.28468181484877,-91.41594324976515,91.41594324976515,-0.2357487346253782,15.0
15,1,2137,2129,32,dc0d7e5d9edd857665b1910961b2f9e1b48ba8d2dcdb4409efb57360b1bf788b,94.15589025554459,207.24180093551274,121372.28881502604,348.3852591815934,155.4400922948664,-51.80170864064635,51.80170864064635,-0.14869087389729388,15.0
15,1,2139,2129,32,6d67067e46cfa5dedc4bc3fc8c31d445a376e476752c9d39740972aaf03c7d6a,93.85306543827315,207.82765596964725,121231.737756069,348.18348288807294,154.91879378472916,-52.90886218491809,52.90886218491809,-0.1519568411058895,15.0
15,1,2141,2129,32,4b97124459f136e621454626b886e394b72ea89b664993e56814c758d4ae5e1e,93.84358855697369,234.82665890012996,140517.41635454004,374.8565276936498,157.48594977060955,-77.3407091295204,77.3407091295204,-0.20632082787878467,15.0
15,1,2143,2129,32,10019aed7bf0027f30e404c9a401add3d184be7afe51f349c10c9b69432fdefd,93.76637144033683,234.84695426617444,140378.28005451706,374.6708956598004,157.1965730628582,-77.65038120331624,77.65038120331624,-0.20724956782824802,15.0
15,1,2145,2129,32,cb567a4f6ef16100c2d09d3e4cb8bfe76a38feefc4795bc68765865c59e19ff5,93.60017574244952,234.074304450642,139485.7561673545,373.4779192500602,148.74603930579292,-85.32826514484907,85.32826514484907,-0.22846937060211575,15.0
15,1,2147,2146,33,beb0985a2cbf4297ee20abb90af2f5aeb1917b2293d3d1285f09553937957dc7,76.37814234181172,304.63415383352645,152834.62892453643,390.9406974523584,196.0606670066564,-108.57348682687007,108.57348682687007,-0.2777236740365238,15.0
15,1,2149,2146,33,eb6683a83480481c9ad0f5c8aa938c38c559f37fbac440a335219f4c243c1777,74.71929081133317,301.0455801746578,146750.96048815726,383.08087982586295,196.57162925498653,-104.47395091967127,104.47395091967127,-0.2727203481603206,15.0
15,1,2151,2146,33,914e9bcfdb6f4fe3eca936b69f4b3efc819825329c36937c71abbcdb9a0b6848,74.56669564459915,301.3522840353854,146622.01114966965,382.9125372061741,185.64301814093733,-115.7092658944481,115.7092658944481,-0.30218197277814907,15.0
15,1,2153,2146,33,2eedfc9f97645f7a72de048152af02a1870099b7376690dfe70f59b2f8f0cfd1,74.51435737467264,301.4952946069571,146602.9340503306,382.88762587779013,186.07073425259253,-115.42456035436456,115.42456035436456,-0.30145805858768,15.0
15,1,2155,2146,33,930224436c7af3dd985c520548ec86b93b58d78738ce966fd7d5c9b7e145d8f3,72.60686324841753,286.3284443260039,132637.16895983697,364.19386178220657,167.12797289472638,-119.20047143127749,119.20047143127749,-0.3272995070481478,15.0
15,1,2157,2146,33,015f7d66a67cd0312712a6211cedc5fc1f1c6296dbf93f592e87d68a9aabac1e,71.01940949116396,391.59871817960607,200531.2337018695,447.807138958134,206.15399585878006,-185.444722320826,185.444722320826,-0.41411738712402135,15.0
15,1,2159,2146,33,c9a00e262a8e3fbb331670b05716bee34137b1fa092b4d9bc2ae328a102c348d,70.57500845072,284.48044941112414,127311.78686222814,356.8077729845976,206.77220633632004,-77.7082430748041,77.7082430748041,-0.2177874165262609,15.0
15,1,2161,2146,33,bbc0bc45cf52a0d77aff31400bd5e627bfdcce556454cd3efb7522a2732a8c7d,65.28373515384129,375.7463048713125,174242.3821148461,417.4235045069289,192.37437667557688,-183.3719281957356,183.3719281957356,-0.43929468804670957,15.0
15,1,2163,2162,34,b901db61144317b91541cde6b9ca45306579667cce87077c05145a332a702a68,99.23221081078376,248.99895725227452,162734.4529553851,403.40358569971227,179.77092026700876,-69.22803698526576,69.22803698526576,-0.17160987021270083,15.0
15,1,2165,2162,34,d302a7cba6ee63b9be8706990b71a900f2808b9756a36d1517755ab6a8e30210,94.32936941320983,424.7958873959939,297979.83057167375,545.8752884786724,167.98321818727436,-256.8126692087195,256.8126692087195,-0.470460331561159,15.0
15,1,2167,2162,34,4f7149d9ca892a7e9e63bf473194e64d196bb2d216c108205831fb3406bb1035,94.17693086735,425.12451749742524,297782.654630203,545.6946532908335,167.92105603796062,-257.2034614594646,257.2034614594646,-0.47133219999204473,15.0
15,1,2169,2162,34,d58a687ec6b2df45276379cca3ddec83254fc0acdced81939368f1565be06586,93.82747608682062,413.07980838977085,285824.7588461307,534.6258119901532,169.41610827638647,-243.66370011338438,243.66370011338438,-0.4557649381094084,15.0
15,1,2171,2162,34,e0994a7c10b4d0e69f18456c95336786de9f92b8efba19f5ef3b6715f55023ff,90.6346021873014,339.03182497601455,213591.58426907164,462.15969563460595,175.21183313793605,-163.8199918380785,163.8199918380785,-0.35446620158673103,15.0
15,1,2173,2162,34,f82ea1ec9f0e6ba1e2256de97c3d5fbf26b16a1291e1fa69b9de1b284ecefff5,90.11655187031451,344.21273896366927,216405.79504427407,465.1943626531539,175.94307120833733,-168.26966775533194,168.26966775533194,-0.36171906038507345,15.0
15,1,2175,2162,34,fdd1dabfdc2fb7966778847557b4fedbaa548c68adc2626ad027b0b145f69f5b,83.7458408151482,332.0187348490657,190421.44547472437,436.3730576865675,285.92213273915377,-46.09660210991194,46.09660210991194,-0.10563576576953021,15.0
15,1,2177,2162,34,c644e36726b54de377336d5bea1739ae220dc334a7fdd8860830092ce2bbffd6,81.89545785206096,276.81976659905007,146160.19326834983,382.3090284944234,269.26436605164497,-7.5554005474051,7.5554005474051,-0.019762548054800405,15.0
15,1,2179,2178,35,bace390d098fcd01bc05b79558cb26980b6fc435f9fa5f1e05e1210b0ab241ff,122.06117745655098,246.50336609538624,213273.6088266551,461.8155571509638,178.3794281988433,-68.12393789654294,68.12393789654294,-0.14751330231665144,15.0
15,1,2181,2178,35,f661c80fbce8a66315bd2a0739365e540abaed30f1bb96e25712c0f4c2350527,108.5823596250377,220.69833428567262,160485.3780025661,400.60626305958584,115.7957555510781,-104.90257873459451,104.90257873459451,-0.26185955739536554,15.0
20,1,3,2,0,3963558a667c2746c467aacd3fa94ce81e79f0bed2541a94deda7b90caccca4d,50.98713617991691,2321.320905894909,16334.321795637497,127.80579719104098,3928.9774573740333,1607.6565514791241,1607.6565514791241,12.578901636801643,0.49
20,1,5,2,0,285e57f39ca8e16a1a5cd08c6550db48cc7d2a9502bc0491de575fcb5d3d26b4,50.98713617991691,2321.320905894909,16334.321795637497,127.80579719104098,1483.5922081070717,-837.7286977878375,837.7286977878375,-6.554700304678834,0.49
20,1,9,2,0,c2197bc24d905ad22a3bfb99d1fd4a7ff7264ba48d777bd09802b2f5320b55a8,50.98713617991691,2321.320905894909,16334.321795637497,127.80579719104098,3456.648554144965,1135.327648250056,1135.327648250056,8.883224964772106,0.49
20,1,11,2,0,a9f1820951eae386a25f1e7e88bb42edbf5eabf52c322f1102d4cf40204c7d3d,50.98713617991691,2321.320905894909,16334.321795637497,127.80579719104098,1895.3296419085877,-425.9912639863214,425.9912639863214,-3.3331137816038194,0.49
20,1,13,2,0,6a8c37559d13cce1696b19fdde4df34b40512a05b1287a0b8ac17f07ed5bd107,50.98713617991691,2321.320905894909,16334.321795637497,127.80579719104098,1471.6884565218531,-849.632449373056,849.632449373056,-6.647839675872028,0.49
20,1,15,2,0,e16bc25a7a2f2a6b166fd337ceba0856740db18a1dcf86255db2fa72f92810a3,50.98713617991691,2321.320905894909,16334.321795637497,127.80579719104098,1227.2794597741329,-1094.0414461207763,1094.0414461207763,-8.560186393465626,0.49
20,1,23,2,0,1ddd5c3315a3131a754de9c9dec86e91ad6114b3ca753433897e3b324331d3dd,50.98713617991691,2321.320905894909,16334.321795637497,127.80579719104098,4025.2085507171323,1703.8876448222231,1703.8876448222231,13.331849433052662,0.49
20,1,25,2,0,eda71ce57ea56b192f7c9aaa45ce8dbcab1b666ebb328c39375d26d80b5c20ed,50.98713617991691,2321.320905894909,16334.321795637497,127.80579719104098,4378.527387522688,2057.2064816277784,2057.2064816277784,16.096347167669684,0.49
20,1,27,26,1,603ed596b35934f4ed9d0c57b71fe6e3cbcabe411ac54793b6c684a46b7617b4,481.6401489946205,2084.082711233883,4148322.7026425153,2036.7431606961431,1763.8322273254394,-320.2504839084436,320.2504839084436,-0.1572365578971599,6.55
20,1,29,26,1,a5a57a8a71299149221567249c293c01acef5c7788ca3c4b4a41026bfbf57d77,466.84623865852944,2130.7969179543325,4163903.9804412504,2040.564622951513,1227.3439095391168,-903.4530084152157,903.4530084152157,-0.4427465801638977,6.55
20,1,41,26,1,666712f6f0ed1698babdf10c03f3dc89c207161f3085e001f8551fe434d17930,388.55571389501023,2554.2621712667983,4811110.950356948,2193.4244802037174,1588.966711371836,-965.2954598949623,965.2954598949623,-0.4400860246646418,6.55
20,1,43,26,1,3e6989ce93ad6d2b7fa0447f87aeefb1ec47cf38a26d7eb090a1243670023ee3,383.1611280816208,2756.852470975848,5496916.934603743,2344.5504760196022,4205.872622834793,1449.0201518589452,1449.0201518589452,0.6180375157966231,6.55
20,1,45,26,1,d6571ecf3d59efc9a37d2ff7750ac474614745c2e4f9c6ca52c1b982ed0d8bf8,381.78602984624393,2526.81821462596,4624430.113348658,2150.448816723769,1693.614005580093,-833.2042090458672,833.2042090458672,-0.3874559592240202,6.55
20,1,50,26,1,41536714a71eb93bcdf88069477561a2f73044940011ae7cc2621b4870f69044,380.01272478169244,2228.736341923412,3568426.1791692143,1889.0278397020024,3514.5065414891096,1285.7701995656976,1285.7701995656976,0.6806518001177421,6.55
20,1,52,26,1,9147cb0fd9049cfadcc1a0e362b1cbc7050f7dbc3e8f75697bb8e82cc187e283,378.78184030936393,2236.900321649797,3582481.6685054773,1892.7444805111643,2022.561132612132,-214.33918903766516,214.33918903766516,-0.11324253814745222,6.55
20,1,54,26,1,30c58b6125a1688d5c20700c0f111574a0a4e19dbf02bc269a8a95ae38d9c82b,378.7376012209676,2666.160348660393,5094317.67452712,2257.059519491482,2978.751664101957,312.5913154415639,312.5913154415639,0.13849493677153496,6.55
20,1,56,55,2,447a3d20c003b00e351570242f35dc2f6368cde47ae632b9c76cdfbf1183a916,471.1392558141537,2463.9398016549953,5965129.847786592,2442.3615309340657,1218.550206725766,-1245.3895949292294,1245.3895949292294,-0.5099120581271758,9.23
20,1,58,55,2,d77fe42178f96f55711df73866e83d24843a79c0322d08231b3d892d23c59fe1,471.0194265233327,2472.946040896933,6001644.553263059,2449.825412812729,1223.9181570342093,-1249.0278838627237,1249.0278838627237,-0.5098436310319239,9.23
20,1,67,55,2,31f675e1bbe62f2eed2167bcbe0f71fc31e851a368bf33a94380bb18f8aa8305,471.0194265233327,2472.946040896933,6001644.553263059,2449.825412812729,1271.6320205765542,-1201.3140203203789,1201.3140203203789,-0.4903671967959173,9.23
20,1,69,55,2,590c4bb15b88633af9783cd3bbb2f6118804804052dda53ded48b72f87005d76,470.6410072330853,2473.7182025585626,5999606.00208403,2449.409316975019,1222.9806151496039,-1250.7375874089587,1250.7375874089587,-0.5106282476926313,9.23
20,1,91,55,2,664da4eba9667933e1f24105a03c142f2745dcd9018738e278bbcae040a8d330,470.6410072330853,2473.7182025585626,5999606.00208403,2449.409316975019,1222.6179239446467,-1251.1002786139159,1251.1002786139159,-0.5107763206188031,9.23
20,1,96,55,2,5f0d0109f6a6f43e7359795ebc5c2c41f29b9d30d94e493e734e4b7220dede18,299.2870670523565,2641.7656327662557,4296528.6749591185,2072.806955545817,680.6337747361924,-1961.1318580300633,1961.1318580300633,-0.9461237346695669,9.23
20,1,120,55,2,8cda963951d45fa48171247544675ac66b96fe4a524c46d85c7b304407d3f7ae,298.91121783569844,2896.408840864847,5137043.235930508,2266.50462958506,1233.8469798656424,-1662.5618609992048,1662.5618609992048,-0.733535612192232,9.23
20,1,122,55,2,bd0dd27bc1503598c71b091f3ac3c74419d0514ad41606887b174a81ca861764,298.4675750428618,3124.324968567728,5927987.958366206,2434.745974093849,1281.1251550154252,-1843.1998135523027,1843.1998135523027,-0.7570398855421848,9.23
20,1,124,123,3,67512e0aa65b470459ce72afcb29d9408d03bdfe34870415fcf745e9962a5364,365.77750677773287,1164.7978900208884,1775851.398427288,1332.6107452768374,627.6822208443074,-537.115669176581,537.115669176581,-0.40305518402900187,11.98
20,1,151,123,3,f5b6e9046700f101ca4ec724b6633abf9df829ae6530b043816e8c1fa5ef4899,365.77750677773287,1164.7978900208884,1775851.398427288,1332.6107452768374,598.1909414329914,-566.606948587897,566.606948587897,-0.42518563698823375,11.98
20,1,179,123,3,c9e428dcd320e4867e53e20234a248be95ed299271e1548f23570fdc6ebcfc7f,365.77750677773287,1164.7978900208884,1775851.398427288,1332.6107452768374,601.2559304767185,-563.5419595441699,563.5419595441699,-0.42288564874741374,11.98
20,1,181,123,3,a2b4032b629f6aadb5594753e594c70d863bf71cd2a0cd987e65b2b3c15274a6,365.77750677773287,1164.7978900208884,1775851.398427288,1332.6107452768374,617.5195232718881,-547.2783667490003,547.2783667490003,-0.41068134013530583,11.98
20,1,183,123,3,5bc23050c8fae891d1c9a8840f58c3d88cc62220685d0e9036f1dcf9f7073aa4,365.77750677773287,1164.7978900208884,1775851.398427288,1332.6107452768374,618.8482540573737,-545.9496359635148,545.9496359635148,-0.40968425168303657,11.98
20,1,186,123,3,0b9b2ec83f10b2caa15524be71918c878ae2af21f9a244599fe8139f2bac290f,365.77750677773287,1164.7978900208884,1775851.398427288,1332.6107452768374,583.188307132143,-581.6095828887454,581.6095828887454,-0.4364437139278218,11.98
20,1,218,123,3,8474ef38abeb468b2a3ae5b4f04d7cddf08082dcdc18508a6018c3913b7f24a5,365.73178200917175,1164.8867760368094,1775774.3928261881,1332.58185220503,603.7600602988041,-561.1267157380053,561.1267157380053,-0.42108236339066607,11.98
20,1,220,123,3,4c1013b126ebb5fbeb7c600824bc2fe58e09ea907e87c4d983a35630ba9107f2,186.92486663610256,1669.6780621051555,1635518.1747395543,1278.873791560197,545.1588628884517,-1124.5191992167038,1124.5191992167038,-0.8793042805614273,11.98
20,1,222,221,4,a3a8c58f920216469d716de2c7f9441695f88e794a0ce8b2403cd19f3a963a8c,409.71204725102365,1125.538505189976,2850826.737703884,1688.4391424341843,571.7872009778264,-553.7513042121495,553.7513042121495,-0.32796639825218626,13.97
20,1,257,221,4,9fa93c187579930a0743fe343db95764139b2b1c2cb893340e113e8e29d2d28d,409.71185526758757,1125.538892781521,2850826.2542954613,1688.4389992817216,556.2505472481853,-569.2883455333358,569.2883455333358,-0.3371684412498862,13.97
20,1,293,221,4,a4ea6ec31c2b0c2d515f4e0656db15233224f2539770a96e6f8ce5aaa93e0d61,409.70076896648794,1125.560585903248,2850796.110803712,1688.4300728202256,563.5767503035189,-561.9838355997291,561.9838355997291,-0.332844009738013,13.97
20,1,295,221,4,4641f57ddb23a2986f8ef144e36404ac5b4dacbf48358a24674066b9eedb9e97,409.7005769833419,1125.5609734947932,2850795.6273781722,1688.4299296619247,549.791840259475,-575.7691332353182,575.7691332353182,-0.3410086039819282,13.97
20,1,297,221,4,0d7bac7274729e033f5d34ed49adc87442ca39910f34798b4feabacdc69a7b2c,409.68839096010066,1125.5860902002348,2850766.605812341,1688.42133539361,573.8560153903384,-551.7300748098965,551.7300748098965,-0.3267727451935304,13.97
20,1,299,221,4,5bc4a0aa69826d22ef6e6daf746f0865d910d67904623a4785bee6aa508c1a33,409.6492570049711,1125.6777625731877,2850709.0167875797,1688.4042812038767,572.9716745338054,-552.7060880393823,552.7060880393823,-0.327354114291447,13.97
20,1,301,221,4,10fc16d39df0235b78478740b5b8eed5c274681addfc2f3dbc8fe9ed7e678055,409.6453623704083,1125.6855487712353,2850698.9598819576,1688.401302973306,561.4019721999313,-564.283576571304,564.283576571304,-0.3342117632683594,13.97
20,1,303,221,4,5d0a103d13c7b655d237db8c7db1c20971a454a9657de1c9fc28ed32b7f8b926,409.63482613871264,1125.7061845855744,2850670.3666610783,1688.3928354091884,581.9883513180896,-543.7178332674848,543.7178332674848,-0.3220327768896939,13.97
20,1,305,304,5,12d3546b2aa82eea096e4e0c2854da022cabc13b96ff936791114a460c3ec880,391.74049814906306,1395.7425407584628,3668705.9390294557,1915.386629124641,2423.5068386501734,1027.7642978917106,1027.7642978917106,0.5365832058467556,15.54
20,1,307,304,5,7c59849df7f518badeef60c821e9fc448625b5367003549a0e6e400d57a6691f,391.74049814906306,1395.7425407584628,3668705.9390294557,1915.386629124641,2745.12523033065,1349.3826895721872,1349.3826895721872,0.7044962458513528,15.54
20,1,309,304,5,e690cf29b827d8c7cec76e5e191b12a7ab6394dfae774d579f43e4dd7ed04d50,391.6800307806318,1395.894576519439,3668572.405540543,1915.3517707044164,4837.507300143771,3441.6127236243324,3441.6127236243324,1.79685673214931,15.54
20,1,311,304,5,3055201000b2755d3fa114011a5799e207130d8f01a1da599531e11b1dc5c829,391.6786122217171,1395.8850809322926,3668524.811053649,1915.3393461874189,6154.843885387074,4758.958804454782,4758.958804454782,2.484655689827358,15.54
20,1,313,304,5,dc6bd0040e7eaa27870411f130d9e90025ae380b0e1a07a44ccd606e057a4dea,391.59346480320704,1396.0793646523668,3668269.277528633,1915.2726379104968,2418.7045978892934,1022.6252332369265,1022.6252332369265,0.5339319389810628,15.54
20,1,315,304,5,6da74627b1e6b3078a258c35e5ee9e7628f079eaf65f558ba84cdbef30031f96,391.59284165181543,1396.0168156592463,3668049.6917529525,1915.2153121132237,2302.6104651865335,906.5936495272872,906.5936495272872,0.47336382692500695,15.54
20,1,317,304,5,686d902dde98bf31b0050ce2aecb646ae9d5074421ec685593ac853ee23ab889,391.39196509544354,1396.4851840030428,3667480.6297101914,1915.066742886574,2459.5189003376045,1063.0337163345616,1063.0337163345616,0.5550896438900371,15.54
20,1,319,304,5,e0b8026df21810887a2a10e90c403de1701c775bf8f8d248328048321475a0b3,391.3324635364244,1396.6120152703509,3667271.465632241,1915.0121319804325,6352.624198004212,4956.012182733862,4956.012182733862,2.5879795224109325,15.54
20,1,321,320,6,7b366e255dea6ecc9b9fc0854632964dd3a3330c2544cd39bb23cdd376d8cd19,382.8744316499482,1212.2219700274256,2997270.5592097896,1731.262706584356,628.9993505169647,-583.222619510461,583.222619510461,-0.33687701889051425,16.0
20,1,323,320,6,af96f2a7a48d11a037b892444e6899bbfd47fe291d0a4277f9f73d40bc6faf4e,382.8511541394091,1212.2709317300228,2997204.974935823,1731.243765313199,655.6695012564611,-556.6014304735617,556.6014304735617,-0.32150378914021216,16.0
20,1,325,320,6,ff006be5cfe213fb7e7acdd847cb29f5d8b79a0277c1920b0c18087e23d514f4,382.8151435921226,1212.642702362641,2998045.245256428,1731.4864265296533,633.3419550153944,-579.3007473472467,579.3007473472467,-0.3345684600648676,16.0
20,1,327,320,6,48ca061a7a37e4185fa354b25919f114af71c9344b21e318b4fbfd218074eff3,382.8151435921226,1212.642702362641,2998045.245256428,1731.4864265296533,632.5117148447519,-580.1309875178893,580.1309875178893,-0.3350479556923942,16.0
20,1,329,320,6,ff0eae34989e2d8fc8ce001c506bb7f5797aee5a425dee2ce07d34af87aa1a7f,382.7971360410037,1212.6814498749961,2997997.2439675857,1731.4725651790113,626.7122640995065,-585.9691857754897,585.9691857754897,-0.33842244893721907,16.0
20,1,331,320,6,3ce7f0e3513a5c2c93412e92839d8271e570b59124677638e6068ba9fe8595ae,382.7436829857625,1212.501838845516,2996917.5377311986,1731.1607486687071,629.2659564336141,-583.2358824119019,583.2358824119019,-0.3369045207733716,16.0
20,1,340,320,6,0406148fc0be0fe10bc8e3114a9a85755d5b9c76338c1242b0a86e94f753ee78,382.68260639240526,1212.9258844083174,2997685.4953704374,1731.3825387159354,626.0047879806673,-586.9210964276501,586.9210964276501,-0.3389898438405963,16.0
20,1,343,320,6,00d30d1b9ef22fa747aeb8b1a9da207de9f1560b597e1808fd2a9b21d2bcc7a0,382.6675343892306,1212.956779877906,2997640.413186543,1731.369519538375,639.3751080426302,-573.5816718352758,573.5816718352758,-0.3312878420016349,16.0
20,1,345,344,7,82f2fb2254b860cb4e0340163fa8f37caf9e711896e8272db26b35963f32e78b,352.57982030980054,1071.2893230096652,2188504.5380990445,1479.3595026561477,552.3541954396951,-518.9351275699701,518.9351275699701,-0.35078365105860804,16.62
20,1,347,344,7,728e0ac0d3e0e5eed3cf746e6445952622cadc6bf100f1f9aab455b542890e5f,352.57093629736664,1073.3588675650212,2194252.8607606627,1481.3010702624442,553.1713110143488,-520.1875565506724,520.1875565506724,-0.35116936522466025,16.62
20,1,349,344,7,a4864d99e249eb5fcd64616fc4e8724541583e1dfc728b47a4eeae4abae74df7,352.50942683383124,1071.6547392530547,2188970.9888397814,1479.5171471935637,552.1883022346882,-519.4664370183665,519.4664370183665,-0.35110538462073343,16.62
20,1,352,344,7,e5452d53bfdc33330abc441a12a02f53c7a930c1b76aa2127dd45b9f73b085ee,352.35667627384566,1071.9766211347298,2188658.897961082,1479.4116729163259,542.8753538960158,-529.1012672387141,529.1012672387141,-0.3576430258899542,16.62
20,1,354,344,7,10b42e2e17559441077cf1553f0c28e0463ba7fb85c7730cf1a0fbffcd488333,352.2691002073972,1071.9913437057273,2188002.7330664992,1479.1898908072956,554.0422799235643,-517.9490637821631,517.9490637821631,-0.35015724958712546,16.62
20,1,359,344,7,5a8131303b987347c3dc6956290c0949cc3fc8fc49c5629200aa9e39d1a4c5de,350.7825981646459,1324.5106297950383,2913815.998921346,1706.9903335758365,548.6477064055625,-775.8629233894758,775.8629233894758,-0.45452098241481137,16.62
20,1,423,344,7,692cd203f98676f7256a37aee923cf28f90b59af6393818d7ba802cdab5ef400,350.7743444535,1324.5284474306227,2913791.0778718297,1706.9830338558816,549.6171301350449,-774.9113172955778,774.9113172955778,-0.45396544776730485,16.62
20,1,425,344,7,092ef1cd28d1209d93d7c5d80556d33cc64049f3f646690e54cd021724af380f,350.4959765855447,1324.85522695742,2912117.179814336,1706.4926544859009,550.5429539535985,-774.3122730038215,774.3122730038215,-0.45374486140820297,16.62
20,1,427,426,8,399ee36de882564c9084e8fbcf9370c682f74e7ba3f55f62673966d1043054f7,304.6549334485552,1188.4901717055172,2047022.0818217576,1430.7417942528127,578.6821412808968,-609.8080304246205,609.8080304246205,-0.42621808692118707,17.65
20,1,429,426,8,894e011703a0e3670aa38128690f788c7ffd7ed45e4e6e90e8924c3c22fa975b,301.5230203880094,1038.7223605328775,1648501.2884295934,1283.9397526479167,567.9907080852624,-470.73165244761503,470.73165244761503,-0.3666306393869398,17.65
20,1,434,426,8,acf2c3c7a228c6d054814dd1709b18c21d96b8c125dcc13780764afc94de6e63,301.04360710004244,1039.5963590824156,1647292.082539389,1283.4687696003316,574.4283987970064,-465.1679602854092,465.1679602854092,-0.3624302914906618,17.65
20,1,437,426,8,65513ae7ff01b806879aab6d58fa89c5354aa2bef8e9d993543dc32dde70e1cb,301.0209926191336,1039.8435283101699,1647733.5801440424,1283.6407519801023,567.9914606614547,-471.8520676487152,471.8520676487152,-0.3675888810174121,17.65
20,1,446,426,8,54f2da74e968bc30a3bf5e3a589b1c23fd03b64252f1130504799feba1906ad7,291.87336200033826,895.868960472922,1254893.361317952,1120.2202289362356,382.18578260980473,-513.6831778631173,513.6831778631173,-0.4585555273813546,17.65
20,1,448,426,8,e01684c52a64d7a0ad0f2ddad9cad239ad35ff64f03abd0bc2bac524d31f3bc1,291.8452273943559,896.1171630781639,1255278.0298472764,1120.3919090422228,393.1600379076871,-502.9571251704768,502.9571251704768,-0.44891177909383,17.65
20,1,520,426,8,c24ae786f4ef75a4e27807264f70d9eda712fbe6f404769eee2deca37c66d46d,291.828844290362,896.1415470156528,1255235.3926230834,1120.372881063748,398.4659247639203,-497.6756222517325,497.6756222517325,-0.4442053450804788,17.65
20,1,522,426,8,b79b8d9b1070ab412444165dd2583d772a0f50625706ce450452929efb9310a1,291.79533166471026,896.0983592857073,1254941.6673359387,1120.2417896757552,383.6692845932161,-512.4290746924912,512.4290746924912,-0.4574272084964886,17.65
20,1,524,523,9,6cfc1c137eface0582ba29938b315882a253465610755c76c83edeeac0453cc1,231.44982041627955,635.0265716597964,759393.21786677,871.4317057961398,396.8826434501494,-238.14392820964707,238.14392820964707,-0.2732789346837901,18.57
20,1,526,523,9,1f36cd6209cde9dcf8eeb0c14f423f6d101b73ab277e32201bd4fbd07568f860,231.42773497288113,635.1977754240472,759590.4904678452,871.5448872363633,396.58750334171333,-238.6102720823339,238.6102720823339,-0.27377852314521434,18.57
20,1,528,523,9,9b6be27504693d8d9a83f599aabb116cbe97af95f0b9b35fa893e7e4dc885ef1,231.1686645302201,635.6167083382223,759135.0558971624,871.2835680174179,402.089890920273,-233.52681741794936,233.52681741794936,-0.2680261926083758,18.57
20,1,530,523,9,471a0c2dea53dec2375a896fb72d6bcc741c9a6912779256ab2c6a8ac294000b,231.11187993628712,635.8472323998299,759276.6560989316,871.3648237672505,401.9382320201758,-233.90900037965406,233.90900037965406,-0.2684398015613874,18.57
20,1,532,523,9,44e01befc8d6b7090a30e4137d39b9d8dd824d668a44ee3bce509994d9908f36,231.11003334012514,635.8620209684229,759293.9554999807,871.3747503227189,543.1119933060926,-92.75002766233035,92.75002766233035,-0.10644103197617308,18.57
20,1,534,523,9,15d0f575d2e799591b6bab0423d79c4bb665059f6e0187acbe902b617a872973,231.10272793341576,635.7580784023123,759079.5742617961,871.2517284125157,396.10683594038994,-239.65124246192238,239.65124246192238,-0.27506544279525785,18.57
20,1,567,523,9,dfb1359ebde21f03eff4954b012575c9702e2076b3bbd07fe24f196003796ff4,231.07868108359816,635.8079702317162,759056.4304205114,871.2384463627116,542.720919033012,-93.08705119870422,93.08705119870422,-0.10684451723558407,18.57
20,1,569,523,9,853341cfe8e7630e46132c4ec6a0d8503822727c00a1145beaffd8a99272f69c,231.02483228423446,636.0360444400625,759207.1060150905,871.3249141480406,400.806315080084,-235.22972935997848,235.22972935997848,-0.2699678679450824,18.57
20,1,571,570,10,034af3a49f6fa469597d1f13fd132f8035290a7b0b33ec2a615004563b094f76,213.14930515602106,617.9150968014332,669730.9205846381,818.3708942677753,386.8439579973317,-231.07113880410145,231.07113880410145,-0.2823550304912161,18.75
20,1,573,570,10,988365471877e96ddd967f1e51480be8d489ff4abeb844ccbbbd5d29adbc0ef1,213.09672691176615,618.0219098268211,669677.2361982659,818.3380940652011,380.39229628052374,-237.62961354629738,237.62961354629738,-0.2903807304947046,18.75
20,1,582,570,10,527f9285805a259a119f3ef91366fd62441a92e219b88946955aa3e43d670f01,178.55050339838226,483.9855906636496,349598.82675687753,591.2688278244318,374.3263184865316,-109.659272177118,109.659272177118,-0.18546432183920178,18.75
20,1,667,570,10,9301c16e9bb375312be0e6fb8b18e81ec37a20228ed5d9a3a88e848b03fcc24f,178.45870773254975,484.1811183793902,349567.1802884407,591.2420657297996,384.53788127321184,-99.64323710617839,99.64323710617839,-0.16853204953064996,18.75
20,1,669,570,10,a0f5da08a31d294206a823089f50d9387d6f1f8cee1eb4f8876d1c3b387bb1dd,177.97669650847183,436.79808174234705,289715.5518984411,538.2523124877785,373.9591499174484,-62.83893182489862,62.83893182489862,-0.11674623660130665,18.75
20,1,672,570,10,69d5bc7c4f55d249bec685dcb4187ea93f8328ae28b81f38c9b701bf51a3bbac,177.3669341673309,438.0507727113711,289562.34483317414,538.1099746642633,379.20449904817525,-58.84627366319586,58.84627366319586,-0.10935733666693528,18.75
20,1,674,570,10,95ced0e3efb5749f10f2de5a67253ba48385a39eafdabc24eaf4a9df8c4c9e6f,177.31855589228718,486.62344631458024,349184.781778766,590.9185914986649,379.76406411835643,-106.8593821962238,106.8593821962238,-0.1808360470182723,18.75
20,1,683,570,10,97235aa7474bff39befdff156e7588c0c9b6fbbad876b9347a6d907894486444,176.9841722924437,438.8483172203533,289478.0044710185,538.0316017401009,380.81094974556356,-58.03736747478973,58.03736747478973,-0.1078698115260988,18.75
20,1,700,699,11,e0b108abdb53bb2e7cb71235c1ad9ee699124d0e494023457672daef59d973fc,139.3154103643227,539.5573179979995,327265.74983670126,572.0714551843164,411.15576469344325,-128.40155330455622,128.40155330455622,-0.22445020135323193,19.21
20,1,702,699,11,720912fc4a0cf8f97172fa6e658d5d8d9931faffc500db9bd84ad7ebea8402c9,139.0292445829292,540.2377319850533,327135.6454233218,571.9577304515797,417.691521816061,-122.54621016899227,122.54621016899227,-0.2142574593269995,19.21
20,1,704,699,11,24049301f99d4ba7d7c0f368e16f72e3c1246ba3f80df6805ab90ee52674ddfe,138.83780131908793,540.548891770295,326890.2148936607,571.7431371635873,412.46869814323657,-128.0801936270584,128.0801936270584,-0.22401701971004517,19.21
20,1,706,699,11,4bd262439f4fb6290250cec332b4a61a0a551e0352064843de879975f81b3b27,137.97744453890164,542.9160876563675,326842.61003971123,571.701504318216,415.80748223584106,-127.10860542052643,127.10860542052643,-0.22233386559321738,19.21
20,1,708,699,11,cd22268cdf5be84065e06d417da72e699be3dd0b2f8e70a8a7af2921a813ecac,137.96844251629443,542.9415431540899,326842.80269317166,571.7016728094922,417.19248541244355,-125.74905774164637,125.74905774164637,-0.21995572817494563,19.21
20,1,710,699,11,c387a4d14ecc5b4bb8efbda8d1226fa0c16b6c8f4de2529195c191619a9d3177,137.5616426879967,543.8038748208712,326535.9978782373,571.4332838383124,406.201791776792,-137.60208304407922,137.60208304407922,-0.24080165950398835,19.21
20,1,712,699,11,be6d01dbea0ba89c9ebcf7d65ffd5a0f4aa0f878e190997a0a1b0efaec9e6042,136.78104651488133,545.4657947097543,325950.34618818125,570.9206128597751,415.59860970853555,-129.86718500121873,129.86718500121873,-0.2274697778920721,19.21
20,1,714,699,11,0a81876f30882b5207796f9cef01789726f9230166a6c7d09ef19ac713ad46ee,136.61618130830885,562.3745396377647,343952.37513093435,586.4745306754031,416.28466927981134,-146.08987035795332,146.08987035795332,-0.24909840533008565,19.21
20,1,716,715,12,401d97a8b3aea413145710e91c1309d63c3a4ae066fb991c08c3109697066d68,168.1614082451186,431.919603272541,280204.304848511,529.3432769465492,414.5553938258778,-17.36420944666321,17.36420944666321,-0.03280330591299183,19.39
20,1,725,715,12,acaf5c51bb5ae8ea5aabcf73e32fcae07f6145d832d63577463fdb9ace22b4ac,166.13278336016657,436.31670036331656,279820.984976662,528.9810818702896,413.2036349575929,-23.11306540572366,23.11306540572366,-0.04369355766751441,19.39
20,1,727,715,12,a6cb09e3589100543aaf658fef2ffd60625e48ce10bd130f7b93c1a01d5aeee1,165.9164588323269,436.9872307217949,280010.0125687147,529.1597231164847,349.7539230539341,-87.2333076678608,87.2333076678608,-0.16485250833926,19.39
20,1,729,715,12,d8bf1f53af45104d61e032e1b196193eb5e3ae61f75b4ae5cf75f6e4f6ba4c6e,132.04309691725865,545.8672137275793,304145.1955946074,551.4936043097938,307.0591378452802,-238.80807588229908,238.80807588229908,-0.433020571800053,19.39
20,1,831,715,12,920e5851b65138b2c97b17e0d3a2da40b4f6c8a1150043ab91121841747d252c,127.45903396427597,680.3559703207246,436519.7204838049,660.6963905484915,312.4400728543599,-367.9158974663647,367.9158974663647,-0.5568607649890918,19.39
20,1,864,715,12,cd0cd4a8d66876194c1c83640c8e85b2cb845fc9143f32ab52b0eb6784986195,116.422403924324,625.1340549241017,337581.24126932106,581.0174190756427,330.7011331905018,-294.4329217335999,294.4329217335999,-0.506754035364416,19.39
20,1,866,715,12,4b839632496297d580054001a8a97e0a457553d4d39bf11ac8f4e8b139475540,113.06004347738529,637.2637921456684,338814.8406447128,582.0780365592854,343.7390369771707,-293.5247551684977,293.5247551684977,-0.504270452985219,19.39
20,1,868,715,12,dc722cf818df8d59bbfddb5665e0db3378f9464c4600ba6f8b894f4b82db2f3e,110.937965451357,794.6730429507536,499704.1801398775,706.897574009048,2120.8513915399108,1326.1783485891572,1326.1783485891572,1.8760544629796434,19.39
20,1,870,869,13,cb4e2a6802d3299ecc951c1a9b76cb7c2f6418d2287ecfe71bfc6e291643b7fc,129.40108917508607,605.968047374295,403945.0114709971,635.566685306111,1586.7904116235597,980.8223642492648,980.8223642492648,1.5432249470043675,19.84
20,1,872,869,13,5d811f589368dfb2252cc0e670eac8546e269da9dfda0f949b859556d293e5fd,129.32781864667965,595.2846781896469,391696.0288469936,625.856236564751,1590.9515425826564,995.6668643930095,995.6668643930095,1.5908875013503168,19.84
20,1,874,869,13,5fe8b9ef1da7f3cf624c6474474e00ca48bb4e1c0a95f329b2083602679c1ece,128.76013435395112,607.6493370405768,403544.0999069505,635.2512100790918,1578.947354434235,971.2980173936581,971.2980173936581,1.5289982954502783,19.84
20,1,876,869,13,ddc420c549ab48d955db0b622a6b02c0eb1501de667aad54e993edd262a06d46,128.71897803042057,597.2718536931848,391776.9048131132,625.9208454853642,1592.7969895333954,995.5251358402106,995.5251358402106,1.5904968543877787,19.84
20,1,878,869,13,251d7f650555f64d8f9ee2ac585007b09545eb8fa6ee5bbfc5babd1e3ca58132,122.58015778725053,558.8824335652357,329861.97442116984,574.3361162430671,359.61717518700493,-199.26525837823078,199.26525837823078,-0.3469488558053677,19.84
20,1,880,869,13,167a068869459aedb3320e415aaaa4db4bae741bb9ba192dfdc04b745467dabd,115.54791287272073,675.4414672092948,429680.76336627756,655.5003915836188,316.51267711755,-358.9287900917448,358.9287900917448,-0.5475645700601509,19.84
20,1,882,869,13,d98e99a6da7574a65be01d8b900d02c0f04506a9cd7d9d047684ad1b4cecff83,105.35222609983657,784.5073635512258,507911.5145611079,712.6791105126541,2059.605029451004,1275.0976658997783,1275.0976658997783,1.7891609941851074,19.84
20,1,884,869,13,edb1db49753cf5e9743da23f4bb2786ebf7f80adbcbfa51d28d4f277f17a5935,104.74517370123876,784.4471347211678,505113.6944419342,710.7135108058199,2052.8750125461156,1268.4278778249477,1268.4278778249477,1.7847245880928606,19.84
20,1,886,885,14,4a39f342136a42fd949f0e468d92ac10c683511c36cbafcb6eadf19bf1cc68d8,223.99773303118945,447.62548644589174,536635.3532963784,732.5539934341894,329.86398337104106,-117.76150307485068,117.76150307485068,-0.16075470768071112,19.87
20,1,888,885,14,e30779cdaffb2c02296ad7afad20ef1b3aa19396578ecebb60154b6c8c5c79c6,223.27675615428063,449.1480529051525,536325.7214182055,732.3426257007068,319.9660111610336,-129.18204174411892,129.18204174411892,-0.17639563397053026,19.87
20,1,953,885,14,690b5308dc707cc7522129a7771e83a685d646ae266bba628ef187ed92c18723,223.14056093335836,449.78885394463646,536821.2088980216,732.6808369938589,329.88493446870285,-119.9039194759336,119.9039194759336,-0.1636509560805377,19.87
20,1,956,885,14,c97bf6ee61f37f935b552552bc19348a6d71c69a8bf364d7725c60b5bc7c819c,222.8859870651514,450.3277853863672,536712.11685189,732.6063860299677,320.61115418732766,-129.71663119903957,129.71663119903957,-0.1770618352127406,19.87
20,1,961,885,14,e32376a3f57afd6f21f4e3f3a8bfa7379463714c313f623e4ee61dbd8fcf2d10,222.7918232134793,450.51536350998015,536653.1527567337,732.5661422402305,320.61115418732766,-129.9042093226525,129.9042093226525,-0.17732761839824832,19.87
20,1,966,885,14,c4e21d15ffa6447a65572fa2cb8f007d0159f839e51b6889059cec6eb2d93891,222.59124006824536,450.5358747392736,535933.0175888657,732.0744617788997,329.86398337104106,-120.67189136823254,120.67189136823254,-0.1648355429241537,19.87
20,1,968,885,14,19ace16d6d91939441314b7dedbc955b9da40c20a3c44f73cda17e6e815925cf,222.43895945024934,451.27393669459076,536518.7735455219,732.4744183557005,330.2913725968563,-120.98256409773444,120.98256409773444,-0.16516967837501118,19.87
20,1,977,885,14,6ed4ed9cf8e00a76eb8aa6961cc929e3e131e7ba66465d8b1b0c50bb1d993fa0,221.83343681902883,452.48188905912394,536138.6376241136,732.2148848692667,320.61131947835287,-131.87056958077108,131.87056958077108,-0.18009818197606828,19.87
20,1,979,978,15,351b96960bcc758cf0fce44f05b252e7cbce832677fa1925013c631a9cc72c30,152.29199663101468,689.3069377880468,603075.7997281513,776.5795514486274,367.789732540015,-321.51720524803176,321.51720524803176,-0.4140170889746907,19.94
20,1,981,978,15,752cd59575ebc16182ab123b95d90ca6620fc818ca5dad832fd22e26cd9564ff,152.12120777767478,689.3479764885203,602376.0624929426,776.1288955405169,361.5711464852998,-327.77683000322054,327.77683000322054,-0.4223226733169727,19.94
20,1,983,978,15,9fa45c3ad3f4dcffb4ab942d165b01d342ab5ebbf34a765f1580d78cf3189e8c,151.52789747888568,690.9741386130468,601953.298682846,775.8564936138938,361.5221199729226,-329.45201864012415,329.45201864012415,-0.4246300976428722,19.94
20,1,985,978,15,80a38dbc42413f71b2c5797010e895f47a48b8d084c4deb46d2164561bf91171,151.2857421157908,691.2708700867275,601282.9786183779,775.4243861385698,368.8802377122821,-322.39063237444543,322.39063237444543,-0.41576024450285165,19.94
20,1,987,978,15,f1c2369fae5540972d0cc8f1f5dddbaab83aa4074584127fc703fd034aa442cd,149.72796934180877,695.6440339536521,600279.1300212754,774.7768259449139,377.0500967199152,-318.5939372337369,318.5939372337369,-0.4112073652244068,19.94
20,1,989,978,15,b0dae1d62f81677b82cbc016e38bdf1ba4637c8a48feda41029a438521370359,112.50138699167061,834.982330225383,604256.5041880423,777.3393751689428,2097.6084703850024,1262.6261401596194,1262.6261401596194,1.6242920151641707,19.94
20,1,991,978,15,fb23c2a8065e03518bf081d5ef0b2a0e0a3fddf077d0f4c21768aa0b70c95b53,111.52608361522826,828.1355745568735,591210.8489786749,768.9023663500294,2119.7913081005368,1291.6557335436632,1291.6557335436632,1.6798696298401812,19.94
20,1,993,978,15,02e30ae32e98abbeaa0ee8179b5ede94591ff8d26eb5b450106540ba6548f975,107.49725236032924,541.6596633306208,270137.8267104899,519.7478491638901,303.2941753435617,-238.3654879870591,238.3654879870591,-0.45861755535980336,19.94
20,1,1122,1121,16,324952359cab6c8c1ea06d02cd040a6a99d346714ab91218fadfcef48921b3b0,154.97410929489547,937.3908916579463,978928.9537572971,989.4083857322502,2075.7743502838443,1138.3834586258981,1138.3834586258981,1.1505698506723219,19.97
20,1,1124,1121,16,4e211f60796e29c141b6f3921d34a5352421277810fa442ffb08dbbbc1a4c3ea,154.3832060639121,1554.9865017571044,2097158.8864304186,1448.1570655251517,5332.9667603772095,3777.980258620105,3777.980258620105,2.6088194081697065,19.97
20,1,1126,1121,16,ecae435cdf4f207ab80ef0c399861213e9cf06658a9a932ade1d163d3435a38d,154.13443657369186,1555.881196586442,2096352.1657743466,1447.87850518417,7341.056547900884,5785.175351314441,5785.175351314441,3.9956220985396613,19.97
20,1,1128,1121,16,85dbd81ef8eceb88c943d6996b3157f373f3401fb6ecf32ddbf2599c500b66b2,152.7584001943052,1548.1794612836866,2066201.2086039465,1437.428679484289,2399.9522086711845,851.7727473874979,851.7727473874979,0.5925669631783688,19.97
20,1,1130,1121,16,3846ecfaa5c9550a5506feb47e72fd2f21cea7f7c00c5763968828c128d84a10,152.75161377874045,1548.1768050903868,2066124.4987297067,1437.4019962173793,2420.7782251839685,872.6014200935817,872.6014200935817,0.607068462677728,19.97
20,1,1132,1121,16,c267b92fdddce1ebcedd2f0115a03704a361861c7f1852f506a42467cb72e524,152.60117931940852,1546.0382158990851,2060221.449528544,1435.3471529663282,2383.45599019985,837.4177743007649,837.4177743007649,0.5834252519121483,19.97
20,1,1134,1121,16,be79baae26e4db245971c9b4c003a3eb24973d1000b1965804fbf1172c06df98,152.12523379400054,1569.886589955548,2103513.027212431,1450.349277661223,2442.3374961313575,872.4509061758095,872.4509061758095,0.6015453791811377,19.97
20,1,1136,1121,16,644387227bf448ba303b110f48115fe8c2a66697c5c6a0d35953edd5d91bfa33,151.79875994872896,1548.5094241807499,2056781.771945451,1434.148448364203,2400.7549742881697,852.2455501074198,852.2455501074198,0.5942519765506112,19.97
20,1,1138,1137,17,be7b70df3d45f5ac8bfaa2d0b1b9a830491d1038148ec7c88eecda520f89b45e,210.6327442993168,465.3741428545143,509512.7592890311,713.8016246052058,331.38485213000365,-133.98929072451062,133.98929072451062,-0.1877122243853372,19.97
20,1,1140,1137,17,dcf935c5cbca03e80fe50f76e2cca5fac0a8f768da63c533be8fa3be3891420b,210.12520228642998,466.57007400294583,509446.5598488285,713.755252063919,323.7249871745254,-142.84508682842045,142.84508682842045,-0.20013174882477536,19.97
20,1,1143,1137,17,6e917fe8e8fb7d98ae9e527f170cdd16fb649327c7b999298b3e4a1489143f74,209.78261512027888,496.3340065597612,553322.4738136941,743.8564873775681,329.1042792676675,-167.22972729209368,167.22972729209368,-0.22481450404721806,19.97
20,1,1145,1137,17,a2aee1025473caf0e702a1fc1bec75de33509493b233a67b13c3a76f8a21ed33,209.0625876873582,469.20677457632576,509497.63944393495,713.7910334572261,332.6213998756023,-136.58537470072343,136.58537470072343,-0.19135204604515152,19.97
20,1,1147,1137,17,89e7e162a6831aad15c9c157c50c4b985a581fcf8a442bdb16a5aa99b5449e2b,208.99292579378795,469.353546673096,509461.41903197655,713.7656611465534,312.0351897673173,-157.31835690577867,157.31835690577867,-0.22040617175820876,19.97
20,1,1149,1137,17,649446ad992aea7a057d1237cbd4404850fd912e4d7b19f0a1c9670f495948b5,208.90080691432857,469.1520412028578,508820.8620086933,713.3168033971255,330.86202852653736,-138.29001267632043,138.29001267632043,-0.19386899624083315,19.97
20,1,1151,1137,17,de3af0f0c944bb87278494ec03bd5ccd276514ba473d3e8f7202ddecf6c500de,208.8780142744066,469.1827713371217,508783.1204001803,713.2903478950071,330.99457345635,-138.18819788077172,138.18819788077172,-0.1937334470998791,19.97
20,1,1154,1137,17,64af549899dcb7be57cc1d3a0453e193ec86bf2d1f4d57894347ffe36891f2a2,208.80096963338463,469.79741332173376,509420.4363762042,713.7369518080202,332.6640817006429,-137.13333162109086,137.13333162109086,-0.19213427478247863,19.97
20,1,1156,1155,18,5241ee7dd5aaa6f94e5c89453d384f765e965cf547f160be429b73246a4ac057,125.3744268004209,484.1685646285764,259976.0679972915,509.8784835598493,329.55745208335645,-154.61111254521995,154.61111254521995,-0.3032312943777549,19.99
20,1,1221,1155,18,9826c0420a88271cf6ddcd952d9709338331695a4187d4d70a603c89972f2581,124.41872113278174,505.6530696858995,278590.4131705016,527.8166473033051,326.81076101919615,-178.84230866670333,178.84230866670333,-0.3388341568619248,19.99
20,1,1223,1155,18,a21f3ccd77a35e49c2380126c40fb1fca7e553c08edf1bdf3843b70c49a48fca,123.99532342818564,511.8022059951514,283522.7464343692,532.4685403236225,328.54965475448455,-183.25255124066683,183.25255124066683,-0.3441565789582423,19.99
20,1,1225,1155,18,96ca75c380b372d14d3affa1a2a1dab89c5466bc0556fdacd645e086023093f9,123.05751594121548,490.5695251645759,259915.476992919,509.8190629948227,324.780511846446,-165.7890133181299,165.7890133181299,-0.3251918677662579,19.99
20,1,1227,1155,18,d5c04edd377d3f64c51d97028ed4dd9240c06cf54252bc17a2973f1e9d5f4c44,122.6843888648687,515.994839943813,283923.5909025505,532.8448093981497,325.50641624373617,-190.4884237000768,190.4884237000768,-0.35749325195685816,19.99
20,1,1229,1155,18,84318beca21630a469ecc9bbfff0de643f90d8f7693d8cc30f2a1488ac1aede6,122.05274308837775,500.0304331712944,266373.87732219615,516.1142095720637,330.1320830711211,-169.89835010017333,169.89835010017333,-0.3291875072400053,19.99
20,1,1231,1155,18,fe825d1675536e552d41f10950c0e39b50f9ad1431162adbaaec0be9a29a83d3,121.9622620148875,441.8464913015924,210983.76032150694,459.3296858700806,291.6301359976181,-150.2163553039743,150.2163553039743,-0.3270338493786407,19.99
20,1,1233,1155,18,b6eb006149ff3b45bbfbd9d7bcb8974fd914135539f4aa5d6ce15eac80ca81d7,121.78270696419926,471.9597153826785,238630.12415422042,488.497824103875,294.8371451705393,-177.12257021213918,177.12257021213918,-0.3625862009458522,19.99
20,1,1242,1241,19,06aaf72388f91a8f7bfc036a666654e5db6cabad87915e01db0b5d50563bcb70,127.50439879234197,633.4858071020187,427256.840956653,653.6488667141197,331.7027972664496,-301.78300983556915,301.78300983556915,-0.46168979279751,19.98
20,1,1244,1241,19,d2677eb83bbb9453a5e3fac7239e1e9118eaa1cd174ab416e86ead0c1732d4e9,124.68586588916385,592.0859536479568,371173.57216628623,609.2401596794865,344.9891127721228,-247.096840875834,247.096840875834,-0.40558199742746526,19.98
20,1,1246,1241,19,264a6b63ea760f5db27336f2b1cc06ca1d6804dd3be36d1b74421b5dab524bf7,123.98920842628344,626.1775368989017,406087.918541192,637.2502793574845,351.1603816302136,-275.01715526868816,275.01715526868816,-0.43156851268229746,19.98
20,1,1248,1241,19,97883f31ffda7d38e49edb12d4a983a6bd7c15f160f840f317742c0038e39a23,122.99839882937597,641.3759970704032,419353.5543082219,647.575134102771,351.30544687232583,-290.07055019807734,290.07055019807734,-0.4479334287595465,19.98
20,1,1257,1241,19,8d5380b62a5093289e7e123d35bd623304d20c008431a7715dbc678b2d1204cf,122.34914410180781,640.6561452540267,416135.40213885554,645.0855773762544,397.63943804153286,-243.01670721249383,243.01670721249383,-0.3767201061925947,19.98
20,1,1259,1241,19,ef2065473e5523e36669dbf8c5bef0cc8b08338a1f4aa035cb882bfd58442768,98.87743108392166,576.7972791443827,272982.42457320244,522.4772000510668,318.0946097441394,-258.70266940024334,258.70266940024334,-0.49514633246189077,19.98
20,1,1261,1241,19,98ed67101337cc6e98e0fea04f33288649e1d268e21f2c58d1b1ebef77ec1ce5,97.36829297917633,604.1604474545388,293119.18449857837,541.4048249679516,315.24811926562376,-288.91232818891507,288.91232818891507,-0.5336345648674579,19.98
20,1,1263,1241,19,0bdfb888f04cc0e771b49c4da3fb9b0ca0a41bef1b3098600b73bc7cbe66a8f5,96.49320361582713,565.4543304711838,255870.19313102457,505.83613268629256,311.67203898381706,-253.7822914873667,253.7822914873667,-0.5017085081281776,19.98
20,1,1265,1264,20,146258af7944f9b7bb8d78291433d7dc21f03c988c015b6b1b40e2754acce3cf,171.06989537841193,423.68172126561353,326999.00238566304,571.8382659333521,344.40052040466156,-79.28120086095197,79.28120086095197,-0.13864269949047484,20.0
20,1,1267,1264,20,ea94e63f261541c97b7fcb1d3107bcca2d3cb4375c69c6554f0c97540d1574c5,169.48479655922708,443.1951869107443,346059.6393978428,588.2683396187855,375.98040699814305,-67.21477991260127,67.21477991260127,-0.11425870709982174,20.0
20,1,1269,1264,20,82105029dcb6d658704cd923ca3909ae3653308e53ebead3ba14fe611c51a460,169.45877812327205,427.19976113867307,326526.9376036094,571.425356108398,341.83205121261904,-85.36770992605403,85.36770992605403,-0.14939433298416668,20.0
20,1,1271,1264,20,f197d58f118614b177a7ef80faba6460260dc78fd66a9e5a4c72f2d39dde9178,169.3659317649703,427.3362756308909,326418.99817854934,571.3309007734041,342.7642862560773,-84.5719893748136,84.5719893748136,-0.1480262825979296,20.0
20,1,1273,1264,20,3e77ca4e297f91d445df00ed794edbed9d353cdff7f6e57851ec961b069e84bf,169.19930638597668,428.0403545984353,326779.1752456481,571.646022679812,347.99760576016973,-80.04274883826554,80.04274883826554,-0.14002152671863993,20.0
20,1,1278,1264,20,07318e04bc7d4c800d4f12106d6aa17eedcd1ab5415e7c2333d0dd3e597971f2,168.8253422957703,428.5322507771338,326273.21037413814,571.2033003879951,349.16437354232323,-79.36787723481058,79.36787723481058,-0.1389485620634531,20.0
20,1,1280,1264,20,fd7ca96cf5db08900ea0111edcb717a23b591e1ae9cd36d973c8750697cc8b0c,168.067545993234,503.44499114787027,416919.7946158379,645.6932666644727,380.0043068057359,-123.44068434213438,123.44068434213438,-0.19117542448569305,20.0
20,1,1282,1264,20,3492ab83dfedd7034efc0dded527c626360add190f9979a27ecbff0c2aa1c5a8,167.9528285575215,430.48042401620114,326053.1095978858,571.0106037525799,362.22939822457056,-68.25102579163058,68.25102579163058,-0.119526722171352,20.0
20,1,1287,1286,21,071be93035c99af980a6f5284f7c1f2a27500713a5e1873804089106a804774c,174.63316992021242,399.75082526022993,307951.7133156369,554.9339720323824,339.7675903387744,-59.983234921455505,59.983234921455505,-0.10809076024265328,20.0
20,1,1289,1286,21,e992380ce1ad61f1fcd7ceeab0bafe2c20c103688700c42bba05fbbdc31911f3,174.39695127326422,400.2500069315578,307887.53857393214,554.8761470580008,340.53150477264865,-59.71850215890913,59.71850215890913,-0.10762492220208342,20.0
20,1,1291,1286,21,d4df2d95c354a38a82ab202342a056122609d7251399d92c930c9ed6fbdf0666,174.3367035787696,400.35807703083907,307847.8169847261,554.8403527004197,340.74634752080897,-59.6117295100301,59.6117295100301,-0.10743942689081384,20.0
20,1,1300,1286,21,5c548ae9bcf500b65c245158ccba6f52103e884792c7d9326d21a533e39f36c7,173.05195838488285,403.09598338563455,307516.82545063953,554.5419961108803,342.25627516640554,-60.83970821922901,60.83970821922901,-0.10971163346673594,20.0
20,1,1302,1286,21,064a360cdd9816b6a713ec324ae0e757ff3aad73ca176f50cf58eacb9529e7ef,172.73266656296616,403.9190151125721,307603.685382569,554.6203074018919,339.6391851068747,-64.27983000569736,64.27983000569736,-0.115898803465771,20.0
20,1,1304,1286,21,35046d514bffcd7d9100fb7b2a5e9894f9a172268a5e82a492cee1fdcbcc30f4,171.6574510838599,406.2437263947288,307350.93460054044,554.392401283189,340.61508605552444,-65.62864033920437,65.62864033920437,-0.11837940092126303,20.0
20,1,1307,1286,21,0538a5fe1eff3742f94369f9c08bc026b7f37c6791d6783464d37a1b5dee0cb9,170.7595351405083,408.1869637608764,307133.5661011655,554.1963245106967,341.9915270882423,-66.19543667263406,66.19543667263406,-0.1194440196460675,20.0
20,1,1309,1286,21,bf8a51173d58a09b7274be2e8373e5bb3e9587fef4fea59bc539a23e626541c1,170.0077350002463,409.7883032066136,306914.9720026905,553.9990722038174,340.46384652166654,-69.32445668494705,69.32445668494705,-0.12513460791400466,20.0
20,1,1374,1373,22,0086a411eb640beef55b28611a4bd600c5b4dcfbfe9c2607a120c050e1bab05d,162.70038725187592,558.1758283529318,472284.7508503104,687.229765689984,280.1837615754869,-277.9920667774449,277.9920667774449,-0.40451109753422676,20.0
20,1,1383,1373,22,7223eb554597286fccfaa6a3a03bfc5003fda4642ec0145ffe4b1c729a542421,162.58627288382854,639.8488891439971,581338.2441384605,762.4554046883401,356.4152499372309,-283.4336392067662,283.4336392067662,-0.371737989479689,20.0
20,1,1416,1373,22,acd84a57c40a48c9a2b53476f8b81d106bff2b43dae9569e250be1fa77501680,161.84815838812165,575.5179603779147,491758.5397282716,701.2549748331712,360.95581049100315,-214.56214988691158,214.56214988691158,-0.30596880961586903,20.0
20,1,1418,1373,22,02f8bb967df1d73bb26e00b0e0a6a4d745c05ca2c8f6d588570973560eee67db,106.32593865157595,568.1083589274763,292346.74960741727,540.6909927189625,335.3319691744718,-232.77638975300448,232.77638975300448,-0.43051649257637203,20.0
20,1,1423,1373,22,d7e5ffd0b41d0ff9d895cbebadcfc8ef6dd97a1a5b9041a9225a1e51a3df091c,106.07236665797672,555.7461699695584,279969.0794608514,529.121044243046,404.5719746926818,-151.17419527687662,151.17419527687662,-0.28570815113419756,20.0
20,1,1425,1373,22,251ce5d149f1df482304bcad477f8c8dbc24ce33cbf018a9be68fe8d5390c200,105.49456574730179,593.832820199609,314268.5804112348,560.5966289688467,425.109714371267,-168.72310582834206,168.72310582834206,-0.30097060365612416,20.0
20,1,1427,1373,22,a48f4789bfb2524b9c7bfc8170e39552c5432b7eff9650e84568614314b52960,105.37630910215076,552.59968572644,274973.3302318649,524.378994842342,343.55289554788607,-209.04679017855398,209.04679017855398,-0.39865591916282855,20.0
20,1,1429,1373,22,3c1baef6e2c009743e7c668e54e4c695a3ff2a1dcab9631d0e0ad9e00dae7bce,104.69344131773732,595.7115966040639,313479.7238748471,559.8926003037075,427.6922582414415,-168.01933836262236,168.01933836262236,-0.30009208600271225,20.0
20,1,1431,1430,23,aa50cf35ce390d161e94d2e9c7a021940a24d70838bce1252f2252fdbbf13ac2,97.38087746246876,558.235129451469,253177.1248891385,503.16709440218614,367.7124637757889,-190.52266567568012,190.52266567568012,-0.3786469103311306,20.0
20,1,1433,1430,23,7c22ecef1605c4b6b23994cd728acbd223e07e505bcd1d2b993f0c02335a9b80,97.3404765614423,495.4598444757311,200000.7699396226,447.2144563177968,351.4414037858597,-144.0184406898714,144.0184406898714,-0.32203440352905294,20.0
20,1,1435,1430,23,939ca72e48afa734897aaed099e542fcb53a2e5f279cc751ecb0be1c746205ed,94.2935199038687,498.48127002037194,194949.76476131647,441.53115944553275,319.6111731037949,-178.87009691657704,178.87009691657704,-0.4051131909720687,20.0
20,1,1437,1430,23,f8580ab2efd65cb44f4574f121b66b7a699f4f38ed70c38e81ec2e28ed15cb80,94.25138951675447,498.6181050724393,194955.8964719009,441.5381030804713,318.975833023919,-179.64227204852028,179.64227204852028,-0.40685565027165976,20.0
20,1,1440,1430,23,4d9ccdc35dda97767bb9b95f98b44775dea6a810485d667b8a0017ab783f3831,93.76969651064816,500.01725889021594,194891.6446464679,441.46533798982216,296.48773956202496,-203.529519328191,203.529519328191,-0.4610317092049553,20.0
20,1,1442,1430,23,88b0b30909870fe3e3556e97b1d67ea20414044d2c09071985a565f0cbf190e8,93.70312425589276,569.3294796536127,252154.23827842448,502.14961742335765,381.1762920398905,-188.1531876137222,188.1531876137222,-0.37469547139989556,20.0
20,1,1444,1430,23,7b77eb9136658569db9d7a1dca558434336e7ff2036c6dd4b1bf02b6689aea04,93.48844716132037,501.00520338478987,194988.40053336543,441.5749093113935,320.32545507122774,-180.67974831356213,180.67974831356213,-0.4091712289435106,20.0
20,1,1447,1430,23,3f354e1648943971f18552380203202de46a38362133fb319a829a093e09e784,92.59406476976,458.66943157314074,160175.8318363264,400.2197294441222,283.9254743855409,-174.74395718759985,174.74395718759985,-0.43662004726830245,20.0
20,1,1641,1640,24,34f392f8cb3debf735af6c528c7adab2b5d8a5ddb9fb04d10c24757d242fed8e,101.98948879368675,489.6646476516359,215946.81107094567,464.7007758450008,291.6155479122894,-198.0490997393465,198.0490997393465,-0.42618629026219884,20.0
20,1,1643,1640,24,8c110079758782fdef078723e03e9e07b396d2954c19fd3946c769cb5fbdbe0e,101.51405822847094,491.0509937596428,215908.6517674667,464.6597161014356,291.50347196598244,-199.54752179366034,199.54752179366034,-0.4294487231815442,20.0
20,1,1645,1640,24,7933d400a7024b6f4c7e31548a306f1794ef295d1f517264f07cf6d41034ae87,101.07534348128506,492.42407259116845,215949.45446399058,464.7036200246245,282.7325532267792,-209.69151936438925,209.69151936438925,-0.451237111846208,20.0
20,1,1647,1640,24,f9918f565a819ffc257ca1ed65dbc2016a99bd5ad45f0e8f4e4dbe1ce4ca4ecb,100.80043614314343,492.64308154823294,215430.2064779023,464.144596519126,287.00883026845526,-205.6342512797777,205.6342512797777,-0.4430392011927777,20.0
20,1,1649,1640,24,b1a0673a1d08430a383f8629dfae642e918ce49fad013dfd109059737ee3b767,100.06267316819745,494.38240151790626,215007.8932626975,463.68943622072896,287.3221607747704,-207.06024074313586,207.06024074313586,-0.4465494026147481,20.0
20,1,1652,1640,24,0bf51db2299bf4265153e058fc2a7421a939d7d67f787e415c333c380985573d,99.43404821891814,496.0918840947668,214833.6071312125,463.5014640011534,284.9010234591937,-211.19086063557307,211.19086063557307,-0.4556422730847028,20.0
20,1,1654,1640,24,7b59dbae454e9fc67fea2d467871bfba836ad2d86c00434db477b04653eda456,99.1169488246427,496.5726110886642,214423.05861767172,463.0583749568425,286.97397463634763,-209.59863645231655,209.59863645231655,-0.4526397702489483,20.0
20,1,1656,1640,24,20868a63e996d91afebfe4899f0b46cd8665661b7e6e8410c775bf95cf74d1f1,98.97175985550345,504.2041852049718,220473.16894403668,469.5457048510152,287.21734681418445,-216.98683839078734,216.98683839078734,-0.462120803468187,20.0
20,1,1658,1657,25,25271cd2b4dd90984cad5deca2b23a54d5e4011123be09aa327fd8323ac82e67,92.54608440144686,397.71268852475043,124992.70192724623,353.5430694091545,283.80581804766797,-113.90687047708246,113.90687047708246,-0.3221866876571644,20.0
20,1,1660,1657,25,8b4406f8f91f3816d6fde45f31904ecb91e05b3879f6353e7970d66d4fea2a16,89.91538614537752,420.6055122032665,136089.00535019167,368.90243337526476,297.9106853716301,-122.69482683163642,122.69482683163642,-0.33259424642185953,20.0
20,1,1662,1657,25,001fa856af603f0bf0aeee7c1c6724f7ef481a141368653669b6297831f31aef,89.48618796281525,508.8864728161565,201262.63490296341,448.6230432144156,251.51328539029515,-257.3731874258614,257.3731874258614,-0.5736958707732988,20.0
20,1,1867,1657,25,a95c560dfb719c51330a7e62a153e92b011600f13976f07eeaf116da0ce6f78a,89.13712138361025,417.42900527490985,132327.20941421675,363.76807091087136,265.9240140905284,-151.50499118438148,151.50499118438148,-0.41648787592878783,20.0
20,1,1869,1657,25,cdff245dd439a350deabddeb002fb3db515dbf513f0abe95ee799159a1cd15d2,87.88411702894749,423.04630344271965,133803.09057436892,365.7910476957698,280.5590958277384,-142.48720761498123,142.48720761498123,-0.38953169716031033,20.0
20,1,1871,1657,25,de1e281074b7e48c469d4dfab31ccef16987297cf40ed853b432e7504f14ba54,86.95767051340866,399.5158779577687,115988.3516127735,340.5706264679523,285.95090645106154,-113.56497150670714,113.56497150670714,-0.3334549802033312,20.0
20,1,1873,1657,25,c4d30223068aae646271064cc139ee80882f2032b8bc43fa99f4d5eea775070b,86.39753862999139,438.1192789221726,141377.24861809344,376.0016603927348,282.58838797000925,-155.53089095216336,155.53089095216336,-0.4136441599478867,20.0
20,1,1875,1657,25,a5dbbee2cbfd0f9cf59daf13ddcfe92e0537397ee0e461463d72d39d3b54aaf7,86.06311928831809,413.5037946826205,123744.99945046255,351.77407444333153,264.1632258020266,-149.34056888059388,149.34056888059388,-0.42453546105385787,20.0
20,1,1877,1876,26,970136cd1bfa56ddd8c8a025ad1fc04955efe349e11e959ef804d79aeb71759c,94.13500986114522,733.8464228641704,451326.55819200195,671.8084237280759,421.33385232674954,-312.5125705374209,312.5125705374209,-0.4651810836237964,20.0
20,1,1880,1876,26,5ca1ccf63ed666c0b8f1359ae1ed03ac34cda65bcf49cf8ae6f99af36a6402cf,93.82051009047106,715.6787868262081,431343.41653276345,656.7673991092763,593.6159958078404,-122.06279101836776,122.06279101836776,-0.18585391294377926,20.0
20,1,1882,1876,26,40c12344b64c2f7550cee1bcf31d26ea9476252c9738c32f3cb7444740b88aea,90.2882765724153,363.1889658092569,118495.17673823047,344.2312837878488,284.09762092840793,-79.09134488084896,79.09134488084896,-0.2297622226851215,20.0
20,1,1884,1876,26,fc60b2b8025b5d754c7d072943f518c825aef04a8ef5bc8e9650fa34570423e6,89.89289754058001,354.0296891690023,111580.07178320427,334.03603365984975,266.50778537904375,-87.52190378995857,87.52190378995857,-0.2620133607474291,20.0
20,1,1886,1876,26,301e135b490c10b41e243e3b30e0981b8e897f011c61c7d7b30edc9dae0ace81,89.74210293732105,354.36198382456297,111539.64859211813,333.9755209474463,263.20652341361,-91.15546041095297,91.15546041095297,-0.272940544122385,20.0
20,1,1888,1876,26,6869b7863f493f41ffdbe9513c733964bee156db25557b350eceb990b1a616bd,89.67812109398761,354.5114302559455,111528.10076507041,333.958232066632,269.6416939918441,-84.86973626410145,84.86973626410145,-0.2541327870222049,20.0
20,1,1890,1876,26,14413cf6d8f4a1cff1a3a8bdbdad4a17a1b1f0d767c96ca3432b62cc27fc8a42,89.57012137216395,354.55678059158424,111369.71012146161,333.72100641323374,275.78472792500196,-78.77205266658228,78.77205266658228,-0.23604163703450515,20.0
20,1,1892,1876,26,2f1dc57309c502b87bdb677599fefec1ba544bbf17131987c060b45fd9c48282,89.54344876394889,354.6905149936671,111412.77406692404,333.78552105644735,262.4219423245902,-92.26857266907689,92.26857266907689,-0.27643072227052384,20.0
20,1,1897,1896,27,4f9525c8f038296d40b68cc36486fbbd2d452a60844f373abaaa99f48a548c57,80.91060985524916,363.6273401126806,101111.8964371096,317.9809686712549,268.6278032601482,-94.9995368525324,94.9995368525324,-0.2987585617136345,20.0
20,1,1902,1896,27,800f1a1bb16923b2a041ede1d01cadd3953d5ba4d949636401ee04d823e7bf6f,80.90456030599641,363.6606981938783,101122.4796200003,317.9976094564239,268.6421941169585,-95.01850407691984,95.01850407691984,-0.29880257351412726,20.0
20,1,1904,1896,27,20fb227279e1e0b52305c55420b9117036a17e199b1d8ecdf2ef33df1f978477,80.90368952611888,363.64075334460847,101108.59056624197,317.97577040749815,268.632982513158,-95.00777083145044,95.00777083145044,-0.29878934080321384,20.0
20,1,1907,1896,27,4dd3685a9319122b6ab92976084fa175479d555f139d6288ca6431cda4c2f2f8,80.90227654557368,363.6757295151972,101127.99326195888,318.00627865178836,268.64129016471634,-95.03443935048085,95.03443935048085,-0.29884453776631875,20.0
20,1,1909,1896,27,6227334704fe04e6cedce29e0defec4025505bc1c756494c7adc3ea09944a66c,80.89661474786216,363.6509850824348,101103.0427460127,317.9670466353592,268.18873851564194,-95.46224656679283,95.46224656679283,-0.30022685550892253,20.0
20,1,1911,1896,27,358da7f0b0219aea9df6ba8dfc1dc0cb67678a1e3985301e78d894a0c1095cf1,80.89275065986763,363.6581039879655,101100.96571194487,317.96378050329076,267.8082919178587,-95.8498120701068,95.8498120701068,-0.301448837721046,20.0
20,1,1914,1896,27,7cb187ec16e0aab87cb419cde81505526b72c082781a2a95f9e06f6604425c57,80.88332393295173,363.7221134666733,101124.9435746546,318.0014836044867,268.3744228526799,-95.3476906139934,95.3476906139934,-0.2998341062225413,20.0
20,1,1916,1896,27,6a373396002dc128813c437b30095352de1634eabbbf53d18c25c38a3be1e561,80.87141283982629,363.75380993956946,101124.6098231237,318.0009588399439,268.4320998230366,-95.32171011653287,95.32171011653287,-0.2997529015769734,20.0
20,1,1921,1920,28,1a64073d4deb4826fc296518d95894fcef05464a5b7c14722ca211d4dc310433,72.75220054265283,419.6233285428481,121410.86517127423,348.4406192901084,288.8677607006497,-130.75556784219845,130.75556784219845,-0.3752592568242814,20.0
20,1,1923,1920,28,b3819eee9c812b81b5b0b26ba1769a17b6fbab91ca53c92083d9113d1d535858,72.7235062708199,400.56690943261145,109624.33028544964,331.0956512632711,225.27536892650105,-175.2915405061104,175.2915405061104,-0.5294287008521508,20.0
20,1,2052,1920,28,d1b2fb51f30a2fd7dca139d7384d8725b9a703ae3a068bf4d5b668b1f34cb275,72.7050582066512,400.6140904427378,109619.33419053201,331.08810638639983,225.1716831303606,-175.44240731237718,175.44240731237718,-0.5298964352033392,20.0
30,1,3,2,0,3963558a667c2746c467aacd3fa94ce81e79f0bed2541a94deda7b90caccca4d,50.98713617991691,2321.320905894909,16334.321795637497,127.80579719104098,3928.9774573740333,1607.6565514791241,1607.6565514791241,12.578901636801643,0.49
30,1,5,2,0,285e57f39ca8e16a1a5cd08c6550db48cc7d2a9502bc0491de575fcb5d3d26b4,50.98713617991691,2321.320905894909,16334.321795637497,127.80579719104098,1483.5922081070717,-837.7286977878375,837.7286977878375,-6.554700304678834,0.49
30,1,9,2,0,c2197bc24d905ad22a3bfb99d1fd4a7ff7264ba48d777bd09802b2f5320b55a8,50.98713617991691,2321.320905894909,16334.321795637497,127.80579719104098,3456.648554144965,1135.327648250056,1135.327648250056,8.883224964772106,0.49
30,1,11,2,0,a9f1820951eae386a25f1e7e88bb42edbf5eabf52c322f1102d4cf40204c7d3d,50.98713617991691,2321.320905894909,16334.321795637497,127.80579719104098,1895.3296419085877,-425.9912639863214,425.9912639863214,-3.3331137816038194,0.49
30,1,13,2,0,6a8c37559d13cce1696b19fdde4df34b40512a05b1287a0b8ac17f07ed5bd107,50.98713617991691,2321.320905894909,16334.321795637497,127.80579719104098,1471.6884565218531,-849.632449373056,849.632449373056,-6.647839675872028,0.49
30,1,15,2,0,e16bc25a7a2f2a6b166fd337ceba0856740db18a1dcf86255db2fa72f92810a3,50.98713617991691,2321.320905894909,16334.321795637497,127.80579719104098,1227.2794597741329,-1094.0414461207763,1094.0414461207763,-8.560186393465626,0.49
30,1,23,2,0,1ddd5c3315a3131a754de9c9dec86e91ad6114b3ca753433897e3b324331d3dd,50.98713617991691,2321.320905894909,16334.321795637497,127.80579719104098,4025.2085507171323,1703.8876448222231,1703.8876448222231,13.331849433052662,0.49
30,1,25,2,0,eda71ce57ea56b192f7c9aaa45ce8dbcab1b666ebb328c39375d26d80b5c20ed,50.98713617991691,2321.320905894909,16334.321795637497,127.80579719104098,4378.527387522688,2057.2064816277784,2057.2064816277784,16.096347167669684,0.49
30,1,27,26,1,603ed596b35934f4ed9d0c57b71fe6e3cbcabe411ac54793b6c684a46b7617b4,481.6401489946205,2084.082711233883,4148322.7026425153,2036.7431606961431,1763.8322273254394,-320.2504839084436,320.2504839084436,-0.1572365578971599,6.55
30,1,29,26,1,a5a57a8a71299149221567249c293c01acef5c7788ca3c4b4a41026bfbf57d77,466.84623865852944,2130.7969179543325,4163903.9804412504,2040.564622951513,1227.3439095391168,-903.4530084152157,903.4530084152157,-0.4427465801638977,6.55
30,1,41,26,1,666712f6f0ed1698babdf10c03f3dc89c207161f3085e001f8551fe434d17930,388.55571389501023,2554.2621712667983,4811110.950356948,2193.4244802037174,1588.966711371836,-965.2954598949623,965.2954598949623,-0.4400860246646418,6.55
30,1,43,26,1,3e6989ce93ad6d2b7fa0447f87aeefb1ec47cf38a26d7eb090a1243670023ee3,383.1611280816208,2756.852470975848,5496916.934603743,2344.5504760196022,4205.872622834793,1449.0201518589452,1449.0201518589452,0.6180375157966231,6.55
30,1,45,26,1,d6571ecf3d59efc9a37d2ff7750ac474614745c2e4f9c6ca52c1b982ed0d8bf8,381.78602984624393,2526.81821462596,4624430.113348658,2150.448816723769,1693.614005580093,-833.2042090458672,833.2042090458672,-0.3874559592240202,6.55
30,1,50,26,1,41536714a71eb93bcdf88069477561a2f73044940011ae7cc2621b4870f69044,380.01272478169244,2228.736341923412,3568426.1791692143,1889.0278397020024,3514.5065414891096,1285.7701995656976,1285.7701995656976,0.6806518001177421,6.55
30,1,52,26,1,9147cb0fd9049cfadcc1a0e362b1cbc7050f7dbc3e8f75697bb8e82cc187e283,378.78184030936393,2236.900321649797,3582481.6685054773,1892.7444805111643,2022.561132612132,-214.33918903766516,214.33918903766516,-0.11324253814745222,6.55
30,1,54,26,1,30c58b6125a1688d5c20700c0f111574a0a4e19dbf02bc269a8a95ae38d9c82b,378.7376012209676,2666.160348660393,5094317.67452712,2257.059519491482,2978.751664101957,312.5913154415639,312.5913154415639,0.13849493677153496,6.55
30,1,56,55,2,447a3d20c003b00e351570242f35dc2f6368cde47ae632b9c76cdfbf1183a916,471.1392558141537,2463.9398016549953,5965129.847786592,2442.3615309340657,1218.550206725766,-1245.3895949292294,1245.3895949292294,-0.5099120581271758,9.23
30,1,58,55,2,d77fe42178f96f55711df73866e83d24843a79c0322d08231b3d892d23c59fe1,471.0194265233327,2472.946040896933,6001644.553263059,2449.825412812729,1223.9181570342093,-1249.0278838627237,1249.0278838627237,-0.5098436310319239,9.23
30,1,67,55,2,31f675e1bbe62f2eed2167bcbe0f71fc31e851a368bf33a94380bb18f8aa8305,471.0194265233327,2472.946040896933,6001644.553263059,2449.825412812729,1271.6320205765542,-1201.3140203203789,1201.3140203203789,-0.4903671967959173,9.23
30,1,69,55,2,590c4bb15b88633af9783cd3bbb2f6118804804052dda53ded48b72f87005d76,470.6410072330853,2473.7182025585626,5999606.00208403,2449.409316975019,1222.9806151496039,-1250.7375874089587,1250.7375874089587,-0.5106282476926313,9.23
30,1,91,55,2,664da4eba9667933e1f24105a03c142f2745dcd9018738e278bbcae040a8d330,470.6410072330853,2473.7182025585626,5999606.00208403,2449.409316975019,1222.6179239446467,-1251.1002786139159,1251.1002786139159,-0.5107763206188031,9.23
30,1,96,55,2,5f0d0109f6a6f43e7359795ebc5c2c41f29b9d30d94e493e734e4b7220dede18,299.2870670523565,2641.7656327662557,4296528.6749591185,2072.806955545817,680.6337747361924,-1961.1318580300633,1961.1318580300633,-0.9461237346695669,9.23
30,1,120,55,2,8cda963951d45fa48171247544675ac66b96fe4a524c46d85c7b304407d3f7ae,298.91121783569844,2896.408840864847,5137043.235930508,2266.50462958506,1233.8469798656424,-1662.5618609992048,1662.5618609992048,-0.733535612192232,9.23
30,1,122,55,2,bd0dd27bc1503598c71b091f3ac3c74419d0514ad41606887b174a81ca861764,298.4675750428618,3124.324968567728,5927987.958366206,2434.745974093849,1281.1251550154252,-1843.1998135523027,1843.1998135523027,-0.7570398855421848,9.23
30,1,124,123,3,67512e0aa65b470459ce72afcb29d9408d03bdfe34870415fcf745e9962a5364,365.77750677773287,1164.7978900208884,1775851.398427288,1332.6107452768374,627.6822208443074,-537.115669176581,537.115669176581,-0.40305518402900187,11.98
30,1,151,123,3,f5b6e9046700f101ca4ec724b6633abf9df829ae6530b043816e8c1fa5ef4899,365.77750677773287,1164.7978900208884,1775851.398427288,1332.6107452768374,598.1909414329914,-566.606948587897,566.606948587897,-0.42518563698823375,11.98
30,1,179,123,3,c9e428dcd320e4867e53e20234a248be95ed299271e1548f23570fdc6ebcfc7f,365.77750677773287,1164.7978900208884,1775851.398427288,1332.6107452768374,601.2559304767185,-563.5419595441699,563.5419595441699,-0.42288564874741374,11.98
30,1,181,123,3,a2b4032b629f6aadb5594753e594c70d863bf71cd2a0cd987e65b2b3c15274a6,365.77750677773287,1164.7978900208884,1775851.398427288,1332.6107452768374,617.5195232718881,-547.2783667490003,547.2783667490003,-0.41068134013530583,11.98
30,1,183,123,3,5bc23050c8fae891d1c9a8840f58c3d88cc62220685d0e9036f1dcf9f7073aa4,365.77750677773287,1164.7978900208884,1775851.398427288,1332.6107452768374,618.8482540573737,-545.9496359635148,545.9496359635148,-0.40968425168303657,11.98
30,1,186,123,3,0b9b2ec83f10b2caa15524be71918c878ae2af21f9a244599fe8139f2bac290f,365.77750677773287,1164.7978900208884,1775851.398427288,1332.6107452768374,583.188307132143,-581.6095828887454,581.6095828887454,-0.4364437139278218,11.98
30,1,218,123,3,8474ef38abeb468b2a3ae5b4f04d7cddf08082dcdc18508a6018c3913b7f24a5,365.73178200917175,1164.8867760368094,1775774.3928261881,1332.58185220503,603.7600602988041,-561.1267157380053,561.1267157380053,-0.42108236339066607,11.98
30,1,220,123,3,4c1013b126ebb5fbeb7c600824bc2fe58e09ea907e87c4d983a35630ba9107f2,186.92486663610256,1669.6780621051555,1635518.1747395543,1278.873791560197,545.1588628884517,-1124.5191992167038,1124.5191992167038,-0.8793042805614273,11.98
30,1,222,221,4,a3a8c58f920216469d716de2c7f9441695f88e794a0ce8b2403cd19f3a963a8c,409.71204725102365,1125.538505189976,2850826.737703884,1688.4391424341843,571.7872009778264,-553.7513042121495,553.7513042121495,-0.32796639825218626,13.97
30,1,257,221,4,9fa93c187579930a0743fe343db95764139b2b1c2cb893340e113e8e29d2d28d,409.71185526758757,1125.538892781521,2850826.2542954613,1688.4389992817216,556.2505472481853,-569.2883455333358,569.2883455333358,-0.3371684412498862,13.97
30,1,293,221,4,a4ea6ec31c2b0c2d515f4e0656db15233224f2539770a96e6f8ce5aaa93e0d61,409.70076896648794,1125.560585903248,2850796.110803712,1688.4300728202256,563.5767503035189,-561.9838355997291,561.9838355997291,-0.332844009738013,13.97
30,1,295,221,4,4641f57ddb23a2986f8ef144e36404ac5b4dacbf48358a24674066b9eedb9e97,409.7005769833419,1125.5609734947932,2850795.6273781722,1688.4299296619247,549.791840259475,-575.7691332353182,575.7691332353182,-0.3410086039819282,13.97
30,1,297,221,4,0d7bac7274729e033f5d34ed49adc87442ca39910f34798b4feabacdc69a7b2c,409.68839096010066,1125.5860902002348,2850766.605812341,1688.42133539361,573.8560153903384,-551.7300748098965,551.7300748098965,-0.3267727451935304,13.97
30,1,299,221,4,5bc4a0aa69826d22ef6e6daf746f0865d910d67904623a4785bee6aa508c1a33,409.6492570049711,1125.6777625731877,2850709.0167875797,1688.4042812038767,572.9716745338054,-552.7060880393823,552.7060880393823,-0.327354114291447,13.97
30,1,301,221,4,10fc16d39df0235b78478740b5b8eed5c274681addfc2f3dbc8fe9ed7e678055,409.6453623704083,1125.6855487712353,2850698.9598819576,1688.401302973306,561.4019721999313,-564.283576571304,564.283576571304,-0.3342117632683594,13.97
30,1,303,221,4,5d0a103d13c7b655d237db8c7db1c20971a454a9657de1c9fc28ed32b7f8b926,409.63482613871264,1125.7061845855744,2850670.3666610783,1688.3928354091884,581.9883513180896,-543.7178332674848,543.7178332674848,-0.3220327768896939,13.97
30,1,305,304,5,12d3546b2aa82eea096e4e0c2854da022cabc13b96ff936791114a460c3ec880,391.74049814906306,1395.7425407584628,3668705.9390294557,1915.386629124641,2423.5068386501734,1027.7642978917106,1027.7642978917106,0.5365832058467556,15.54
30,1,307,304,5,7c59849df7f518badeef60c821e9fc448625b5367003549a0e6e400d57a6691f,391.74049814906306,1395.7425407584628,3668705.9390294557,1915.386629124641,2745.12523033065,1349.3826895721872,1349.3826895721872,0.7044962458513528,15.54
30,1,309,304,5,e690cf29b827d8c7cec76e5e191b12a7ab6394dfae774d579f43e4dd7ed04d50,391.6800307806318,1395.894576519439,3668572.405540543,1915.3517707044164,4837.507300143771,3441.6127236243324,3441.6127236243324,1.79685673214931,15.54
30,1,311,304,5,3055201000b2755d3fa114011a5799e207130d8f01a1da599531e11b1dc5c829,391.6786122217171,1395.8850809322926,3668524.811053649,1915.3393461874189,6154.843885387074,4758.958804454782,4758.958804454782,2.484655689827358,15.54
30,1,313,304,5,dc6bd0040e7eaa27870411f130d9e90025ae380b0e1a07a44ccd606e057a4dea,391.59346480320704,1396.0793646523668,3668269.277528633,1915.2726379104968,2418.7045978892934,1022.6252332369265,1022.6252332369265,0.5339319389810628,15.54
30,1,315,304,5,6da74627b1e6b3078a258c35e5ee9e7628f079eaf65f558ba84cdbef30031f96,391.59284165181543,1396.0168156592463,3668049.6917529525,1915.2153121132237,2302.6104651865335,906.5936495272872,906.5936495272872,0.47336382692500695,15.54
30,1,317,304,5,686d902dde98bf31b0050ce2aecb646ae9d5074421ec685593ac853ee23ab889,391.39196509544354,1396.4851840030428,3667480.6297101914,1915.066742886574,2459.5189003376045,1063.0337163345616,1063.0337163345616,0.5550896438900371,15.54
30,1,319,304,5,e0b8026df21810887a2a10e90c403de1701c775bf8f8d248328048321475a0b3,391.3324635364244,1396.6120152703509,3667271.465632241,1915.0121319804325,6352.624198004212,4956.012182733862,4956.012182733862,2.5879795224109325,15.54
30,1,321,320,6,7b366e255dea6ecc9b9fc0854632964dd3a3330c2544cd39bb23cdd376d8cd19,382.8744316499482,1212.2219700274256,2997270.5592097896,1731.262706584356,628.9993505169647,-583.222619510461,583.222619510461,-0.33687701889051425,16.0
30,1,323,320,6,af96f2a7a48d11a037b892444e6899bbfd47fe291d0a4277f9f73d40bc6faf4e,382.8511541394091,1212.2709317300228,2997204.974935823,1731.243765313199,655.6695012564611,-556.6014304735617,556.6014304735617,-0.32150378914021216,16.0
30,1,325,320,6,ff006be5cfe213fb7e7acdd847cb29f5d8b79a0277c1920b0c18087e23d514f4,382.8151435921226,1212.642702362641,2998045.245256428,1731.4864265296533,633.3419550153944,-579.3007473472467,579.3007473472467,-0.3345684600648676,16.0
30,1,327,320,6,48ca061a7a37e4185fa354b25919f114af71c9344b21e318b4fbfd218074eff3,382.8151435921226,1212.642702362641,2998045.245256428,1731.4864265296533,632.5117148447519,-580.1309875178893,580.1309875178893,-0.3350479556923942,16.0
30,1,329,320,6,ff0eae34989e2d8fc8ce001c506bb7f5797aee5a425dee2ce07d34af87aa1a7f,382.7971360410037,1212.6814498749961,2997997.2439675857,1731.4725651790113,626.7122640995065,-585.9691857754897,585.9691857754897,-0.33842244893721907,16.0
30,1,331,320,6,3ce7f0e3513a5c2c93412e92839d8271e570b59124677638e6068ba9fe8595ae,382.7436829857625,1212.501838845516,2996917.5377311986,1731.1607486687071,629.2659564336141,-583.2358824119019,583.2358824119019,-0.3369045207733716,16.0
30,1,340,320,6,0406148fc0be0fe10bc8e3114a9a85755d5b9c76338c1242b0a86e94f753ee78,382.68260639240526,1212.9258844083174,2997685.4953704374,1731.3825387159354,626.0047879806673,-586.9210964276501,586.9210964276501,-0.3389898438405963,16.0
30,1,343,320,6,00d30d1b9ef22fa747aeb8b1a9da207de9f1560b597e1808fd2a9b21d2bcc7a0,382.6675343892306,1212.956779877906,2997640.413186543,1731.369519538375,639.3751080426302,-573.5816718352758,573.5816718352758,-0.3312878420016349,16.0
30,1,345,344,7,82f2fb2254b860cb4e0340163fa8f37caf9e711896e8272db26b35963f32e78b,352.5797766193083,1071.2893230096652,2188504.5380990445,1479.3595026561477,552.3541954396951,-518.9351275699701,518.9351275699701,-0.35078365105860804,16.63
30,1,347,344,7,728e0ac0d3e0e5eed3cf746e6445952622cadc6bf100f1f9aab455b542890e5f,352.5708926483727,1073.3588675650212,2194252.8607606627,1481.3010702624442,553.1713110143488,-520.1875565506724,520.1875565506724,-0.35116936522466025,16.63
30,1,349,344,7,a4864d99e249eb5fcd64616fc4e8724541583e1dfc728b47a4eeae4abae74df7,352.50938315284816,1071.6547392530547,2188970.9888397814,1479.5171471935637,552.1883022346882,-519.4664370183665,519.4664370183665,-0.35110538462073343,16.63
30,1,352,344,7,e5452d53bfdc33330abc441a12a02f53c7a930c1b76aa2127dd45b9f73b085ee,352.35663260410536,1071.9766211347298,2188658.897961082,1479.4116729163259,542.8753538960158,-529.1012672387141,529.1012672387141,-0.3576430258899542,16.63
30,1,354,344,7,10b42e2e17559441077cf1553f0c28e0463ba7fb85c7730cf1a0fbffcd488333,352.26905654071925,1071.9913437057273,2188002.7330664992,1479.1898908072956,554.0422799235643,-517.9490637821631,517.9490637821631,-0.35015724958712546,16.63
30,1,359,344,7,5a8131303b987347c3dc6956290c0949cc3fc8fc49c5629200aa9e39d1a4c5de,350.78255889274436,1324.5106297950383,2913815.998921346,1706.9903335758365,548.6477064055625,-775.8629233894758,775.8629233894758,-0.45452098241481137,16.63
30,1,423,344,7,692cd203f98676f7256a37aee923cf28f90b59af6393818d7ba802cdab5ef400,350.77430518214857,1324.5284474306227,2913791.0778718297,1706.9830338558816,549.6171301350449,-774.9113172955778,774.9113172955778,-0.45396544776730485,16.63
30,1,425,344,7,092ef1cd28d1209d93d7c5d80556d33cc64049f3f646690e54cd021724af380f,350.4959373286639,1324.85522695742,2912117.179814336,1706.4926544859009,550.5429539535985,-774.3122730038215,774.3122730038215,-0.45374486140820297,16.63
30,1,427,426,8,399ee36de882564c9084e8fbcf9370c682f74e7ba3f55f62673966d1043054f7,304.6540886491987,1188.4920020378495,2047019.6311378141,1430.740937814325,578.6821412808968,-609.8098607569527,609.8098607569527,-0.4262196213442598,17.69
30,1,429,426,8,894e011703a0e3670aa38128690f788c7ffd7ed45e4e6e90e8924c3c22fa975b,301.52253004356714,1038.7234660574704,1648500.12232168,1283.939298534662,567.9907080852624,-470.732757972208,470.732757972208,-0.36663163010077443,17.69
30,1,434,426,8,acf2c3c7a228c6d054814dd1709b18c21d96b8c125dcc13780764afc94de6e63,301.04274845097837,1039.5982156910761,1647290.177702031,1283.4680275340056,574.4283987970064,-465.16981689406975,465.16981689406975,-0.3624319475942263,17.69
30,1,437,426,8,65513ae7ff01b806879aab6d58fa89c5354aa2bef8e9d993543dc32dde70e1cb,301.02052821297514,1039.8445816510914,1647732.4652346296,1283.6403177037676,567.9914606614547,-471.85312098963675,471.85312098963675,-0.36758982596753303,17.69
30,1,446,426,8,54f2da74e968bc30a3bf5e3a589b1c23fd03b64252f1130504799feba1906ad7,291.87224712148713,895.8713215488474,1254891.6126623545,1120.2194484396146,382.18578260980473,-513.6855389390427,513.6855389390427,-0.4585579545637864,17.69
30,1,448,426,8,e01684c52a64d7a0ad0f2ddad9cad239ad35ff64f03abd0bc2bac524d31f3bc1,291.84453808120594,896.1186731169539,1255276.904522811,1120.3914068408465,393.1600379076871,-502.9586352092668,502.9586352092668,-0.4489133280908079,17.69
30,1,520,426,8,c24ae786f4ef75a4e27807264f70d9eda712fbe6f404769eee2deca37c66d46d,291.82779068612183,896.1437864962302,1255233.7346583004,1120.3721411469942,398.4659247639203,-497.67786173230985,497.67786173230985,-0.44420763731487134,17.69
30,1,522,426,8,b79b8d9b1070ab412444165dd2583d772a0f50625706ce450452929efb9310a1,291.79513289097537,896.098890305211,1254941.2662612037,1120.2416106631656,383.6692845932161,-512.4296057119948,512.4296057119948,-0.4574277556148307,17.69
30,1,524,523,9,6cfc1c137eface0582ba29938b315882a253465610755c76c83edeeac0453cc1,231.45040904190085,635.0245752681199,759394.1423729737,871.4322362484496,396.8826434501494,-238.1419318179705,238.1419318179705,-0.2732764774036602,18.76
30,1,526,523,9,1f36cd6209cde9dcf8eeb0c14f423f6d101b73ab277e32201bd4fbd07568f860,231.42832366448232,635.1957790323706,759591.4157178216,871.5454180464845,396.58750334171333,-238.6082756906573,238.6082756906573,-0.2737760657677291,18.76
30,1,528,523,9,9b6be27504693d8d9a83f599aabb116cbe97af95f0b9b35fa893e7e4dc885ef1,231.1692530986948,635.6147119465458,759135.9814780395,871.2840991766345,402.089890920273,-233.52482102627278,233.52482102627278,-0.2680237378909523,18.76
30,1,530,523,9,471a0c2dea53dec2375a896fb72d6bcc741c9a6912779256ab2c6a8ac294000b,231.11246858489437,635.8452360081533,759277.582616912,871.3653554146573,401.9382320201758,-233.90700398797748,233.90700398797748,-0.2684373466703504,18.76
30,1,532,523,9,44e01befc8d6b7090a30e4137d39b9d8dd824d668a44ee3bce509994d9908f36,231.11062200279198,635.8600245767464,759294.8821205314,871.3752820229246,543.1119933060926,-92.74803127065377,92.74803127065377,-0.1064386759460704,18.76
30,1,534,523,9,15d0f575d2e799591b6bab0423d79c4bb665059f6e0187acbe902b617a872973,231.10331655865983,635.7560820106356,759080.5004238035,871.2522599246463,396.10683594038994,-239.64924607024568,239.64924607024568,-0.2750629835852279,18.76
30,1,567,523,9,dfb1359ebde21f03eff4954b012575c9702e2076b3bbd07fe24f196003796ff4,231.07926972774356,635.8059738400397,759057.3567817262,871.2389779972692,542.720919033012,-93.08505480702763,93.08505480702763,-0.10684216059869557,18.76
30,1,569,523,9,853341cfe8e7630e46132c4ec6a0d8503822727c00a1145beaffd8a99272f69c,231.02542100356095,636.0340480483859,759208.0332869564,871.3254462524071,400.806315080084,-235.2277329683019,235.2277329683019,-0.2699654118676579,18.76
30,1,571,570,10,2a8b7c5d455c8f2fa9dbcb07bd2a442a0ce6f2ada487eefaa60cd0dc2c346602,213.14266128840802,617.9259283725761,669719.939495653,818.3641851252124,382.34461615206015,-235.58131222051594,235.58131222051594,-0.2878685510711484,18.89
30,1,573,570,10,c05e9070bd5e511f7c1a5e5f60f502e46b0e34922ee7499646076a377af0b680,213.00031588439123,618.2198938172758,669582.2945679332,818.2800832037483,383.7418478301077,-234.47804598716806,234.47804598716806,-0.2865498633049144,18.89
30,1,582,570,10,3d99391e568b72f9394194b511618099b019be710e8a280e9e9e95ad5669a4ca,178.55065056129206,483.98523300648696,349598.9162378322,591.2689034930149,369.872520978523,-114.11271202796394,114.11271202796394,-0.19299630228111941,18.89
30,1,667,570,10,9301c16e9bb375312be0e6fb8b18e81ec37a20228ed5d9a3a88e848b03fcc24f,178.45885490724902,484.18076072222766,349567.26992129564,591.2421415302665,384.53788127321184,-99.64287944901582,99.64287944901582,-0.16853142299890503,18.89
30,1,669,570,10,ef150aaeec1ed595ff9d6e6c8d867cf88bda1065a08a9154f280043988e572a6,177.9703448653354,436.8113150173535,289714.28550743975,538.25113609489,378.2620003401631,-58.54931467719035,58.54931467719035,-0.10877694583605768,18.89
30,1,671,570,10,706ec741536dd0f3c77eed891ac4bbb48c34144fb578a154da1f32236d62a33c,177.93152318645426,436.8879743485692,289700.8908374,538.2386931811944,374.0217507930717,-62.86622355549747,62.86622355549747,-0.11679989631353757,18.89
30,1,674,570,10,5560672dc0cf3ce2c8a798c12be82a2d26cbafb78699c492057b156970b522ec,177.89195353495603,436.9869297891289,289712.333317972,538.2493226358692,373.6801350583934,-63.30679473073553,63.30679473073553,-0.11761611593065241,18.89
30,1,676,570,10,69d5bc7c4f55d249bec685dcb4187ea93f8328ae28b81f38c9b701bf51a3bbac,177.36699190768283,438.05059288624085,289562.3760537058,538.1100036736966,379.20449904817525,-58.8460938380656,58.8460938380656,-0.10935699659237176,18.89
30,1,678,677,11,bf148128fb910db19ad299521aed8d49b6d7270f706ee57a0f42d64afc02cc15,126.89432261373994,594.8028341357683,337122.8912421005,580.6228476748917,354.0330837249756,-240.7697504107927,240.7697504107927,-0.4146749501418294,19.85
30,1,711,677,11,83046b455503c83e9bfa0696cd523745d2a7a69a0a8180bf25bce9197e67b62c,125.71277364677064,566.9157115199348,304332.4488691793,551.6633474041748,419.043370788266,-147.87234073166883,147.87234073166883,-0.26804815188008224,19.85
30,1,713,677,11,937264f9803449569d2c16de8f4f4f3e1499b7c656fb8ecb144f9a0cc40125b9,122.37280850149949,550.6673596037278,278151.4860748515,527.4006883526523,415.55529683816314,-135.1120627655647,135.1120627655647,-0.2561848434206451,19.85
30,1,718,677,11,2b9fd83781a2cd4154ee345cbfe84c18dbd5d8f5d10d8ccc4a8978e139bdaa55,120.92172841871358,510.3985436615608,235320.28708279354,485.0982241595959,410.20353948227086,-100.19500417928992,100.19500417928992,-0.20654580699171157,19.85
30,1,720,677,11,1cbd90bf7ccdb15b850851271087d6b6c7563726405e8a523da0db47c508a7a8,119.19604595228641,641.2305032254999,360812.0265825696,600.6763076587669,328.52923435731367,-312.7012688681862,312.7012688681862,-0.5205819921331508,19.85
30,1,722,677,11,79cfc4eb7a68f47b5c2f191f288c7ede999d4424555224af6e76a625137d3f8d,118.12395347251275,697.4611482112383,417460.74753807543,646.1120239850636,369.8802009775181,-327.5809472337202,327.5809472337202,-0.5070033292574865,19.85
30,1,725,677,11,2db77f98bbe1be2c1ed37cf8514a48c6a0c60ad415f7999956e6d91efd974509,114.63473470482307,670.3569957947585,375599.9967726158,612.8621352087399,1531.4520113318858,861.0950155371273,861.0950155371273,1.4050386964171635,19.85
30,1,727,677,11,2e7b25c27986e42e566806a5c2c628468ee5a55a3ada517f0e9f5b960c61b9fb,109.85549218481853,709.7210627696098,399547.9808927944,632.098078539078,2181.2119756525212,1471.4909128829113,1471.4909128829113,2.327947138019879,19.85
30,1,729,728,12,f838eafaefd6269525cf72608cc10ef3b24b07b5d001ece469bee1d3153a85ab,125.77210506491298,929.4035886545471,729523.5066623484,854.1214823796134,2134.2775341303663,1204.8739454758193,1204.8739454758193,1.4106587532712522,20.58
30,1,731,728,12,2c4af7937d8779f91473077f476c37b6bdb89b0bf031ac1f183315a9f6c22a52,124.65820670760604,952.9971954283279,755110.9828036544,868.9712209294704,2138.3982436671404,1185.4010482388126,1185.4010482388126,1.3641430460388342,20.58
30,1,733,728,12,0eef300b3a7d067b9d1baa9c86447fe56f2c03d44d722f764dc13469f2e7dc5d,116.51091175682303,530.334178593443,238123.28070220945,487.9787707495168,300.3719829096939,-229.9621956837491,229.9621956837491,-0.4712545083273519,20.58
30,1,834,728,12,e376ff4110f20abbfcab3a0ce7cbc4b6411e7984ae6641ae4b05f60b0bd00966,116.2946951510157,532.9725496940903,240003.8295852479,489.90185709512053,295.42450512780084,-237.54804456628943,237.54804456628943,-0.48488904690999474,20.58
30,1,836,728,12,552190be8ee3a406cf812a2489c281bbb50bf70d027b024e4875a7dee4e3748f,116.2785259565893,530.8601309361989,238000.8395263795,487.853297135911,301.949041272173,-228.91108966402584,228.91108966402584,-0.46922115932784914,20.58
30,1,841,728,12,d004d088a6728b7eb276cb93edb015a5df59f0a881b22c878e9cadf964bffbbf,115.4733161122758,509.6915173577012,216598.39784765837,465.401329873109,309.90131673620203,-199.79020062149914,199.79020062149914,-0.42928583954835636,20.58
30,1,843,728,12,98bc9a04ee26de668dbe01dc0d7ddbc373ec38a3bebca24f62d72b739882bb8e,113.38948064711111,615.4768222696706,310755.2025700784,557.4542156716357,324.77102068506105,-290.70580158460956,290.70580158460956,-0.5214882108916505,20.58
30,1,845,728,12,f9911ca3cf5805e6b091827dceca0b3293a8c0981b754ce6bfd96a44d9c32c23,113.10429786752735,563.806087787339,260121.13464964292,510.02071982385473,333.4011821029162,-230.40490568442283,230.40490568442283,-0.45175597133386564,20.58
30,1,848,847,13,075491f333cde4dc4020b7d562a9dadd72409971ab7233e621b72d461bc361bb,152.84221205201376,642.1081852259294,536178.4122623061,732.2420448610596,270.34995131444447,-371.758233911485,371.758233911485,-0.5076985629554019,21.06
30,1,955,847,13,dee3b77f23de9669220e6820d72f65b662133d0380df3aec57fa0f7b7bea81c5,152.04665209064586,644.9204831137703,536608.371842925,732.5355771857944,259.08303246738933,-385.83745064638094,385.83745064638094,-0.5267149646555941,21.06
30,1,964,847,13,50957f290e93902920fd577b8fe3415f7d597c2d9bd012324b7565cbc4785ba1,151.93596154685758,644.164689039914,535165.4605893346,731.5500397029138,264.87938820713697,-379.28530083277707,379.28530083277707,-0.518468020296748,21.06
30,1,966,847,13,126280a89ddc09625a51eac172b5a60ca9619f55e93eb5d4a56d466cd67e5ae5,151.5185482064029,645.0421140855054,534604.2217142722,731.1663433954493,266.3056571406548,-378.73645694485066,378.73645694485066,-0.517989456661864,21.06
30,1,968,847,13,a3670bb4edde256e3a95bfab54bb9454280e5c5cb1b133d39ff15cc0c99f39a7,151.38004763079033,645.3332092796959,534417.5168338821,731.0386561830244,266.7813806591612,-378.5518286205347,378.5518286205347,-0.5178273753635262,21.06
30,1,970,847,13,8354936a24f878265c85087a7b89bd9895da0b6d8db0772bffd762faef91912b,150.3769380993257,647.6017068378271,533267.3790100352,730.251586105799,264.3722590056333,-383.22944783219384,383.22944783219384,-0.5247909831676442,21.06
30,1,1082,847,13,4c0a910d33da2408d2040512cab1da380233f054eda4a2390b8d81a77ba8487b,150.23977583407193,647.8902193623646,533080.9271063162,730.1239121589679,269.82152842319374,-378.0686909391709,378.0686909391709,-0.5178144211456193,21.06
30,1,1084,847,13,7490a34ea68d601e20311aa509c1f9f438c9ed7a5bf87c55a4590d9b7c61ab73,140.7279308369333,523.0325682897753,347282.57362828165,589.3068586299345,302.3017197059863,-220.73084858378905,220.73084858378905,-0.37456012152473667,21.06
30,1,1086,1085,14,4580cf73e3fecd3cdd633993a827ded1388fee75dd7f60f2bee7ec2fd3097d50,179.4599045464367,596.4597552567968,653764.7652073248,808.5572120804593,285.96068052426733,-310.4990747325295,310.4990747325295,-0.3840162082453008,21.68
30,1,1091,1085,14,540a66d1ca24d32e473b32382f9d73a8dcc04ee7770140864a4dd5618f1d38d6,149.4446075495738,437.38992055684867,332475.0195534062,576.6064685324005,267.4598995141309,-169.93002104271778,169.93002104271778,-0.2947071014919929,21.68
30,1,1100,1085,14,14eb7e2e0f35e6b92c54dcc9a6eba065c6b64c00ec23333fc0b913e80e36d052,147.90256653772755,389.39885034874425,274774.0282482795,524.1889241945879,268.16364857548416,-121.23520177326009,121.23520177326009,-0.23128150210258067,21.68
30,1,1102,1085,14,f2179b09059d0beec82702350428363768b081cf2a80951ec38178e0e49cfa21,147.56995520304542,391.1886256779006,275801.24453172553,525.1678251109121,259.8579189257188,-131.33070675218175,131.33070675218175,-0.25007378684032205,21.68
30,1,1220,1085,14,cbe9cbc868553548b51396f1dbde0a6211e2e5f58b967bcaae63a0688f659e24,147.56468155265438,391.15835374171314,275754.18667763437,525.1230205177015,258.9368523718131,-132.22150136990007,132.22150136990007,-0.2517914778132317,21.68
30,1,1222,1085,14,35e688b59d393ad419767a4540543f86019182cf100ea63976bb7d690b40cdcc,147.51292530927006,391.3055313095969,275772.00493736024,525.1399860393038,259.8362369648134,-131.46929434478352,131.46929434478352,-0.2503509499178449,21.68
30,1,1224,1085,14,652c486f110ec8c95028cf2239c3275d007ad8cfb390956a94b54536d9d4c0ab,147.19388617856345,391.91882248014866,275564.00321621215,524.9419046106075,259.1150873111956,-132.80373516895304,132.80373516895304,-0.252987490620442,21.68
30,1,1226,1085,14,f545d41e62727dcbf987ba126c6c446904a154492c4cda1788a6d01c6a3db178,146.60158976566987,444.9157723333299,332342.3682573355,576.4914294743119,202.53107649918758,-242.38469583414235,242.38469583414235,-0.42044804734593694,21.68
30,1,1348,1347,15,49faeb07f862844e4d09692aeb346cd413195cfcfe4b2a6191454f0f731e4e42,239.68724162152165,459.051190068496,800933.3476581281,894.948796109659,197.88390354291357,-261.1672865255824,261.1672865255824,-0.29182371959253556,21.67
30,1,1471,1347,15,07e95a62f372405619b9b99214468b5b117a26498e44dcb5cb95830aa6bb06a2,239.68710147295184,459.05147208420976,800933.1971562407,894.9487120255778,196.39842303064134,-262.65304905356845,262.65304905356845,-0.29348391200998986,21.67
30,1,1473,1347,15,be2a15937de61e4d0cbdd447ee5a2854f27bdb20b7d1cc6bb1af40ff9cbf1d6f,239.60663408134732,459.21875544868874,800856.3881387662,894.9057984719767,196.19145994041907,-263.0272955082697,263.0272955082697,-0.2939161819684043,21.67
30,1,1475,1347,15,ae53b968f44542dc6ed8be79ef69614c09582ffbab0dce59fdbc11931efbbb3f,239.50365864952295,459.44680777092225,800783.1065861166,894.8648538109633,196.7650726780747,-262.6817350928476,262.6817350928476,-0.2935434708092112,21.67
30,1,1601,1347,15,a0354fa58e39e10f995e5bd973cdb0331450e5e6ca3eeda90ffa748d74212a91,239.50069994918434,459.43885187804153,800754.9441236773,894.8491180772753,196.39842303064134,-263.0404288474002,263.0404288474002,-0.2939494754295385,21.67
30,1,1603,1347,15,2cbcbcb83da8209ca24b245c10ef077ca6c21a696e01e5823e5913ab4a59fff0,239.05790470088493,460.3838567295947,800374.6596172974,894.6366075772315,198.15245700123333,-262.23139972836134,262.23139972836134,-0.29311498937933145,21.67
30,1,1605,1347,15,e53870bf66a9535d71c8f07bbec9f0bcf2cdef0784adac816823d4034c96942d,238.49663830753667,461.66703071510966,800042.7254589164,894.4510749386556,198.15245700123333,-263.5145737138763,263.5145737138763,-0.2946103829457067,21.67
30,1,1610,1347,15,720724aa6569552043557c11a8b8db9cbc7af7150051238c409e1a263302c53d,237.91777912466586,463.46238845107587,800541.3827833688,894.7297819919536,196.9122245249122,-266.5501639261637,266.5501639261637,-0.29791135747458647,21.67
30,1,1612,1611,16,cb604aaec1ec64d4adc188ee1e788699ef441d668d94cc18671d289052e89ba6,189.58678775044353,446.9362776391754,578176.0703202774,760.3788991813735,303.4028218731736,-143.5334557660018,143.5334557660018,-0.18876570078487237,22.49
30,1,1614,1611,16,c8aca58bca6822e924ac1c0758983be30e77397c81864c252d2d0409f82937a2,189.5477094283897,447.0405772302207,578171.7252071381,760.3760419734028,296.07028687891335,-150.97029035130737,150.97029035130737,-0.19854687946176525,22.49
30,1,1616,1611,16,f9253b33aabb444ad34738b07ffa1fff809a8249786c5e36c65d2cb14c95dcab,189.33666965798005,447.5512694832082,578070.3770383187,760.309395600448,304.2150657605643,-143.33620372264392,143.33620372264392,-0.1885235202301365,22.49
30,1,1619,1611,16,7f739bd61230b6926a1b20f456f07a9649ff6a207e4b84001cbcd821834a6500,188.7720660964929,448.946177657354,577838.6206937718,760.1569710880588,293.32440858031765,-155.62176907703633,155.62176907703633,-0.20472320191221224,22.49
30,1,1621,1611,16,3a579be22b384cbdd1ace9e7a6496d94e865ddaf2c46cbc9c65b16eec265b69d,185.59510846698709,717.3116031294124,988955.2512713596,994.4622925336886,1990.1609370684382,1272.8493339390257,1272.8493339390257,1.2799372520159245,22.49
30,1,1623,1611,16,d36c29ff2697a3484d856eccf33400c60ca38c548b1fec49060ea02b454fdc68,185.55863731278987,717.6082246670447,989250.2018682073,994.6105779993532,1997.6884314026495,1280.0802067356049,1280.0802067356049,1.2870164816771508,22.49
30,1,1625,1611,16,3f826d228ee5481448aacf313d73c2244d55f84b633fc998c44de0ed307a7124,185.55396068988256,717.382793132824,988839.4902536405,994.4040880113278,1985.7171180802163,1268.3343249473924,1268.3343249473924,1.2754717526190864,22.49
30,1,1627,1611,16,8ca96f64be709fbff535e7b4023acc73a3bedb3591e677352c76e9ddedc24976,185.52523465795736,717.6629072486197,989150.8910423113,994.5606522692879,1988.2316649157592,1270.5687576671394,1270.5687576671394,1.2775176202357132,22.49
30,1,1629,1628,17,50b877a24ae73bbabee3db46521354ea7250c95f088c00d68f5b6152ddc6300c,112.35098163111378,392.2309898603112,238246.38303988616,488.1048893833027,181.90027783663587,-210.33071202367532,210.33071202367532,-0.4309129381789602,22.26
30,1,1631,1628,17,b390850b717c2868fb7dbd97aca7b0b4233b00558c5afd37e15450c2b4031d74,111.89441979521938,549.0366835451632,391152.88187403587,625.4221629220025,210.82131735965459,-338.2153661855086,338.2153661855086,-0.5407793107384461,22.26
30,1,1633,1628,17,804a2cef34e2fe03153ee485294a5b7cace0b5a980560bf1d656d02ba18620c1,111.69489401537336,398.4229161756261,242154.57666536796,492.0920408474089,205.67836473927355,-192.74455143635254,192.74455143635254,-0.3916839441345893,22.26
30,1,1635,1628,17,2eb623ccb3a3f6cbacaaa8fcbcdf68598144a92bfc974dc8fdba9dab3544967e,109.99034529643299,444.73507340799716,280465.9820000129,529.590390773863,174.9392795114806,-269.79579389651656,269.79579389651656,-0.5094423890552054,22.26
30,1,1777,1628,17,1ba6e95163b5e5309a1d40e9321772c5409a39ceb80b9c6b98c17f928375345e,100.05278720400338,599.2331411323823,398374.52071622625,631.1691696496481,1466.448673733798,867.2155326014156,867.2155326014156,1.3739827201680226,22.26
30,1,1779,1628,17,3b256fec3cf6e5098be68c1eda7077f37518d5a60172571dc4a32681124ffc66,96.0956165302443,561.1680570633723,346098.5148789747,588.3013809935982,1476.2792629781395,915.1112059147672,915.1112059147672,1.5555142916190525,22.26
30,1,1781,1628,17,89b23288df9dab1e5245925546cb7d0b2d7cb7bf9afb7c6f846ccf3c74001285,94.47341640486553,557.4650449925558,336820.04759999586,580.3619970328828,1477.5266701515275,920.0616251589717,920.0616251589717,1.5853236942853133,22.26
30,1,1783,1628,17,a492e40c0cc289cb7d4a7f71ffff5230454b195a1a5612a1a2078de6d46ec10b,92.13866161495744,638.384395251393,406255.64908172784,637.3818706879949,1472.247370197797,833.8629749464039,833.8629749464039,1.3082627751026645,22.26
30,1,1785,1784,18,19e5336960628bc254a935d60654a290ba4771f24c495e4037f5a7593eaad8d5,166.40738362111432,916.9170958862643,1216302.3313108904,1102.8609755136367,1979.9475736984098,1063.0304778121454,1063.0304778121454,0.9638843892513822,22.51
30,1,1787,1784,18,303f6949440c9eeb70ce2123eb4578a008fca14874bcf93ac83b983eaa793e45,165.92578348891357,919.0600232070824,1216704.8244446444,1103.0434372429058,1982.4400833284012,1063.3800601213188,1063.3800601213188,0.964041871985815,22.51
30,1,1789,1784,18,e4d28f81f6cdd40f2b53111673663fb559a9f6edd22f7c0e608dd6067ce9c5f0,151.11293354653722,877.8877042391127,1048641.2628829856,1024.031866146257,1975.7637165108113,1097.8760122716985,1097.8760122716985,1.0721111799023788,22.51
30,1,1791,1784,18,338742330ac6e90331db738b9de1f5a5feb0a5920ce68a5b8e9f741af093e071,135.09072415149262,385.1214870473109,311162.70843582693,557.8196020541291,182.1449025496088,-202.9765844977021,202.9765844977021,-0.3638749584099519,22.51
30,1,1793,1784,18,88efff0530e1d0c6746bf96fc2bc250aa319e4dfaabc247bd0a24383a401883b,135.0671608280614,385.1249025132954,311095.88475372957,557.7597016222394,179.8180067996786,-205.3068957136168,205.3068957136168,-0.36809202084066567,22.51
30,1,1795,1784,18,094f5481e5c69a2645f7dd7e41ed75df59c48ea11b4662d60211f014042162bd,134.26036245864236,422.48190719401913,349056.31178382883,590.8098778658231,182.41358185007115,-240.06832534394798,240.06832534394798,-0.40633769735053266,22.51
30,1,1797,1784,18,5e5ef46426a588b6ef4825a87888a7d63dd914cc64769f5820966be5643222ab,93.7241887355043,561.9235609843544,353493.52067916637,594.5532109737247,1476.2390403516365,914.3154793672821,914.3154793672821,1.5378194289286056,22.51
30,1,1799,1784,18,ac64ed66d9286de874198ac40d993b5cf587a6cc49ae7724b9b71c2344583908,93.4331263827592,583.3857801547598,373055.24833925435,610.7824885663098,1352.38669634347,769.0009161887102,769.0009161887102,1.2590421804557408,22.51
30,1,1801,1800,19,1d62bc253f6f71ee87ca07db51e530ee024e2398a54d26c42755a18d119bc16b,145.32766013565129,487.22416948360353,464066.60598851484,681.2243433616527,197.91155117208308,-289.31261831152045,289.31261831152045,-0.4246950672429631,22.56
30,1,1803,1800,19,d6caaacbe356df736b7bcde6c427e498d7bd4cda3237857440218c21d07f2ff8,141.62952916333683,352.77235211007064,296355.0219686962,544.3849942537875,166.01321104632484,-186.7591410637458,186.7591410637458,-0.3430644544487212,22.56
30,1,1806,1800,19,87d26839fbd702b670b09d71708e223799f7ad021f684f92e33a00a8941ff540,141.26263343669575,353.5731215197081,296164.21240118,544.2097136225887,170.1079535190505,-183.46516800065757,183.46516800065757,-0.3371221854520063,22.56
30,1,1808,1800,19,07cd254ae48038a32dcc1f849e4b5793f6c91d749dc20e0b9a3f0b74649071a7,138.6652829023452,387.95740497831173,325778.0141951132,570.7696682507868,171.64657707214354,-216.31082790616819,216.31082790616819,-0.3789809443958132,22.56
30,1,1810,1800,19,8fd97959d61836b7ad2acf0a622a4c63116ef23a60bca7039da5da34a6e99d94,135.70327565069425,444.9387171867185,379614.7249474638,616.1288217146345,182.29443532794414,-262.6442818587744,262.6442818587744,-0.42628144083222325,22.56
30,1,1813,1800,19,1d3d2b5c415067c9974815fd4cfbaaee90943a7c758d23040fab9672d09e7b47,131.39181836702153,397.37229390390576,313770.73280244647,560.1524192596569,179.1636999149515,-218.20859398895425,218.20859398895425,-0.3895521763118626,22.56
30,1,1815,1800,19,5b4a131487f7e4158c861d2e65c45843ea1f83053eb0ee49194d40fdc8f4fe23,122.78404937938491,507.7717420715878,404428.48669985565,635.9469212912786,212.8515680139715,-294.92017405761635,294.92017405761635,-0.4637496686968565,22.56
30,1,1817,1800,19,4f8f29f8a6088c10c641ed0d9174bee9d0301d77fef8855d85595aed8737e709,117.47607764537976,407.09751861416635,282285.07431781397,531.3050670921688,193.8294479601311,-213.26807065403526,213.26807065403526,-0.40140417222303343,22.56
30,1,1819,1818,20,81d96a01f476982eeaa929042e3bd07792f1bf9eccd9446f727b106d7726b151,117.19710606248714,482.0599165903334,359221.8942723074,599.3512278057896,172.50033977344782,-309.55957681688557,309.55957681688557,-0.5164911031385983,22.72
30,1,1821,1818,20,357d17d6e422ba8ff10b09fe2f45f1b891455b83fd6535b405726bbe09490107,116.72046488024517,462.54252320448205,337420.8493422435,580.8793758967894,174.56764392900948,-287.9748792754726,287.9748792754726,-0.49575676332264884,22.72
30,1,1830,1818,20,6dfcc24b60572f4a902fefde9cfb7343c87e17031f9f677eebd28c8b57e1009d,116.48729052480377,468.0709423560104,342326.3690868355,585.0866338302692,174.63915181641627,-293.4317905395941,293.4317905395941,-0.5015185334497271,22.72
30,1,1833,1818,20,38f5b7e2de462d05708d952e1fd0878f2e9035e2922de178fd95aa52e548ccf3,116.27931051830483,463.8023100150496,337261.63059223635,580.7423099725354,174.53069894048903,-289.2716110745606,289.2716110745606,-0.4981066578190952,22.72
30,1,1835,1818,20,f80add5aae5b26038fc9ff48fc8e119c907bc379cea8364d74ea5604bfc4ed75,110.48719527965424,455.3521315875249,310139.6827211842,556.9018609424683,168.43247289657592,-286.919658690949,286.919658690949,-0.5152068592577207,22.72
30,1,1844,1818,20,8e1a741a66ec89eb902d47ff2a7c92623e755d7f70da267b93ecd029d0aa1069,108.35133842956405,402.46862227712484,253754.11780668903,503.74012923995747,171.13498174445797,-231.33364053266686,231.33364053266686,-0.45923210620861754,22.72
30,1,1877,1818,20,3c76dfa1c81ba27daeba09c9eb180c14ace8b1cbc59b9332dd20db5f07714f83,108.02821439712636,423.19364037258885,271965.6170418339,521.5032282180368,166.6743404561823,-256.51929991640657,256.51929991640657,-0.4918843950265206,22.72
30,1,1910,1818,20,f877adc8b4490e45e0dcf79bd2076f8c4e5273eb10992a13bd32a356cbe439ac,107.96422556293975,386.20485311952297,237966.12240670517,487.8177143223739,182.12202861188638,-204.0828245076366,204.0828245076366,-0.4183587813967097,22.72
30,1,1927,1926,21,0beaf76ef2ede3e4f86d15613226f0a80b15354cb323120b6942c388cc140288,103.1107760720418,420.67501212115917,258395.7884410024,508.3264585293612,191.43092436260648,-229.2440877585527,229.2440877585527,-0.4509780750381921,22.99
30,1,1929,1926,21,5c690b72fb7f9d2155a3bcbf8c6cfe6850b7bebcaade8b5407e6420954aae226,103.04483450905299,420.8079625525321,258326.55407201406,508.25835366672925,190.23090042634445,-230.57706212618766,230.57706212618766,-0.453661136039841,22.99
30,1,1934,1926,21,a6ed0acc3dca502f6500a7f62515f4e59d89a78ecb3ebd12e8cb53835aaf2638,101.19658613065418,351.3306051345729,193607.68745520094,440.00873565782865,180.2271421673322,-171.10346296724072,171.10346296724072,-0.3888637863324122,22.99
30,1,1936,1926,21,4368cac0bcbe3956e46d6fca390bcbd6b6dbb8857e76ce8171ec5210e122824b,98.80615092193824,467.4263029093613,287926.82042987196,536.588129229367,199.38888213321417,-268.03742077614714,268.03742077614714,-0.49952171167315057,22.99
30,1,1938,1926,21,71c00fcd724f5bcd264e5ae96f34ccd0964dcaa7f8d160bc12353299bb8a8fe3,97.0271302983594,342.0866505063119,176431.55858670632,420.037568065889,158.351686655873,-183.7349638504389,183.7349638504389,-0.43742507294399297,22.99
30,1,1947,1926,21,32c8efe0a474fa5216e7360a96ba25245e2fe215800b9e494a49b3469e5f08e8,92.21814445580665,448.8385689396266,251601.90715099534,501.59934923302615,185.30430003127665,-263.53426890835,263.53426890835,-0.5253879800907015,22.99
30,1,1964,1926,21,7c74e4c45edbf4e4ce67de42905a3938438eae73558b573e8b3a671e782186e8,81.40659253521903,450.12284772676264,221731.66368519404,470.8839174204127,258.8359596098312,-191.28688811693144,191.28688811693144,-0.4062293933605455,22.99
30,1,1966,1926,21,41b1a94d726120ff3f53efc05e42f322ee8065f82513f9f25b45b2d93ee03c1b,80.74435070044719,438.8968669998137,211199.87336314173,459.5648739439751,156.22940862491876,-282.667458374895,282.667458374895,-0.6150762915125549,22.99
30,1,1971,1970,22,c17f90269df8586b539a2d952321693ec43d5dfb4b8b53772eb43e0d074747e2,160.8767690724447,299.8014688174406,300398.7486663487,548.0864426952638,168.0118453868712,-131.7896234305694,131.7896234305694,-0.24045408381656408,22.99
30,1,1973,1970,22,8f06839696f620817a77b3268b8e1f9fd4795332c57291a5cad191293d48e992,156.22069813640917,362.7321359162013,360124.2901016325,600.1035661464048,215.327451048957,-147.4046848672443,147.4046848672443,-0.24563207616613728,22.99
30,1,1975,1970,22,c0223e681216c40cdb9e4eec1db8632c29a49b1c57f3a5b0acef85a57a93c071,156.21604249124613,362.744475479661,360124.22475137305,600.1035116972513,216.56501675808067,-146.17945872158032,146.17945872158032,-0.24359040710851063,22.99
30,1,1977,1970,22,2c32bec842e272e1392df8b4b46d243f4583cfaf21efd1faa670985dd9954e8d,156.2145006725921,362.7440105550605,360118.79476027034,600.0989874681262,217.2963041430772,-145.44770641198332,145.44770641198332,-0.24237285756078478,22.99
30,1,1979,1970,22,dca46a4bb5602c289238ee0d9d2e3b5b1b41f3bbf687c5235c5006d2f43e118c,156.09400762354693,363.2074251219251,360288.1158145575,600.2400484927322,256.4912827424329,-106.71614237949223,106.71614237949223,-0.17778910728710626,22.99
30,1,1981,1970,22,583e98bf4ffd69e5e02a3e981eea7229783ca471fc6f485927efa5441982b718,156.0615315478355,363.27097797472334,360260.8250182857,600.2173148271263,217.3328476953988,-145.93813027932453,145.93813027932453,-0.24314215314057944,22.99
30,1,1983,1970,22,2b06dc5dc9fd4712b111eaea68ba81050028194be3ac75c2108132f32cf4e6e8,91.51514636957873,335.25925191383374,160623.419185839,400.77851637262074,197.0129394145927,-138.24631249924104,138.24631249924104,-0.34494441905340956,22.99
30,1,1985,1970,22,c10ec81ccee92df38b02e45a2bbeed44f30bfa66a094089f3e5dcbb90d66f117,90.63296901164146,403.26999931440776,211294.2417170713,459.6675338949568,241.06973913992294,-162.2002601744848,162.2002601744848,-0.3528642947655964,22.99
30,1,1987,1986,23,ccfa69e5d745a37e7ac430fc310ea59eee91bd1e9b944a561658b241e58c4db3,102.92614584086749,375.215524614702,220722.2341858512,469.8108493700962,226.5676346701805,-148.64788994452152,148.64788994452152,-0.31639944063408226,23.14
30,1,1989,1986,23,000e8e9469a4b3d7b18726607cd06560d119c585191676bc44ae4bac47e86886,102.33619689846219,373.57240527347165,217792.76110602543,466.68271995653043,226.17960035102536,-147.3928049224463,147.3928049224463,-0.31583086028163915,23.14
30,1,1991,1986,23,ba8374cdfc842398f5c054b277eed9785d23a9d982d3b605ebc20de85ba5796a,97.84861422942146,346.7879311183569,184620.24995991553,429.67458612293507,193.7351890395386,-153.05274207881828,153.05274207881828,-0.35620617793538306,23.14
30,1,1996,1986,23,0d738754a6661613ae4bbdcb756e2cbd90bf4faff3b76c996ba36fe93276c6b3,85.36003488792447,587.9010893819882,355235.0200136658,596.0159561737133,302.67178448956423,-285.22930489242395,285.22930489242395,-0.4785598471616953,23.14
30,1,1998,1986,23,dc995e402427e7ca0aee35e1f6ba6a3e79ec18f75e472298af08b8da878c4984,80.34121041143706,341.362423052806,141816.7374021398,376.585630902375,380.63249400553076,39.27007095272478,39.27007095272478,0.10427926009451233,23.14
30,1,2000,1986,23,9b14b7d86cc7de5eec790cb4cba7d1b3f7feec88efade7fd4642e92d46c35c31,77.81103392612253,409.2485044897456,183798.01096978225,428.7167024618731,209.35812997721663,-199.89037451252895,199.89037451252895,-0.4662528270176404,23.14
30,1,2002,1986,23,3073e7a10b74e9c340d25cb780be2f3e493c053b671ce5b3069af9a5ac94bf14,77.32708826325805,319.9883345179989,121643.15004616049,348.77378061740893,399.8029981574627,79.81466363946379,79.81466363946379,0.22884364615417385,23.14
30,1,2004,1986,23,b1d5a70523b5477901ced0eb0f23dbd601c355df55931831210393e2b5eb9421,77.18713917623668,331.5937298444412,128874.8930527979,358.9914944017447,262.7388687374616,-68.85486110697963,68.85486110697963,-0.1918008147288433,23.14
30,1,2006,2005,24,41b8fbb55ea7723c54c5f5b71f9087e5903c5de4fa62d376950c55f8ccd51449,84.98844820631757,426.70638894753296,216256.36542261447,465.0337250378885,150.77794877110105,-275.9284401764319,275.9284401764319,-0.5933514610235003,23.63
