{
  "run_type": "dynamic_leaf_policy",
  "seed": 0,
  "policy": [
    1,
    2,
    3,
    4
  ],
  "n_trials": 400,
  "trials_per_block": 100,
  "n_initial_design_configs": 25,
  "final_incumbent_cost": -3.2000707317352735,
  "best_at_100": -2.953581790975411,
  "best_at_200": -3.036125258265703,
  "best_at_300": -3.042180945029348,
  "best_at_400": -3.2000707317352735,
  "incumbent": {
    "x1": 0.404766129717,
    "x2": 0.8858301603849,
    "x3": 0.9205918202219,
    "x4": 0.5777029977751,
    "x5": 0.0711355197379,
    "x6": 0.0410632287417
  },
  "run_dir": "/home/io632776/experiments/adaptive-smac/experiments/hartmann/Debug/debug_dynamic_leaf_policy_1_2_3_4/dynamic_leaf_policy_1_2_3_4/0"
}