{
  "seed": 3,
  "depths": [
    2,
    5,
    10,
    15,
    20
  ],
  "trials_per_block": 100,
  "n_blocks": 5,
  "selected_depths": [
    5,
    10,
    20,
    15,
    10
  ],
  "selected_trials": 500,
  "actual_evaluations": 2500,
  "final_incumbent_cost": -3.202768899665718,
  "final_incumbent": {
    "x1": 0.4024203661578,
    "x2": 0.8813169964753,
    "x3": 0.8371997497477,
    "x4": 0.574024949032,
    "x5": 0.1492793646512,
    "x6": 0.0395750227162
  },
  "blocks": [
    {
      "block": 1,
      "start_trial": 1,
      "end_trial": 100,
      "branches": [
        {
          "seed": 3,
          "block": 1,
          "depth": 2,
          "branch_dir": "/home/io632776/experiments/adaptive-smac/experiments/hartmann/04_force_variable_policy/hartmann_6d_branch_select_policy/seed_3/block_01/depth_2/3",
          "n_trials": 100,
          "incumbent_cost": -3.0673508247380368,
          "incumbent": {
            "x1": 0.4448739982503,
            "x2": 0.8704333595108,
            "x3": 0.4563984213865,
            "x4": 0.5528784572681,
            "x5": 0.0033397113715,
            "x6": 0.0353510466776
          }
        },
        {
          "seed": 3,
          "block": 1,
          "depth": 5,
          "branch_dir": "/home/io632776/experiments/adaptive-smac/experiments/hartmann/04_force_variable_policy/hartmann_6d_branch_select_policy/seed_3/block_01/depth_5/3",
          "n_trials": 100,
          "incumbent_cost": -3.076202909774308,
          "incumbent": {
            "x1": 0.406375868929,
            "x2": 0.9153143338448,
            "x3": 0.1036418366538,
            "x4": 0.5742380234642,
            "x5": 0.0386972526292,
            "x6": 0.0484206788206
          }
        },
        {
          "seed": 3,
          "block": 1,
          "depth": 10,
          "branch_dir": "/home/io632776/experiments/adaptive-smac/experiments/hartmann/04_force_variable_policy/hartmann_6d_branch_select_policy/seed_3/block_01/depth_10/3",
          "n_trials": 100,
          "incumbent_cost": -2.1238370450365847,
          "incumbent": {
            "x1": 0.2189928649709,
            "x2": 0.0482406681242,
            "x3": 0.8283789445054,
            "x4": 0.2584601439728,
            "x5": 0.3077509809326,
            "x6": 0.6606618515685
          }
        },
        {
          "seed": 3,
          "block": 1,
          "depth": 15,
          "branch_dir": "/home/io632776/experiments/adaptive-smac/experiments/hartmann/04_force_variable_policy/hartmann_6d_branch_select_policy/seed_3/block_01/depth_15/3",
          "n_trials": 100,
          "incumbent_cost": -2.1238370450365847,
          "incumbent": {
            "x1": 0.2189928649709,
            "x2": 0.0482406681242,
            "x3": 0.8283789445054,
            "x4": 0.2584601439728,
            "x5": 0.3077509809326,
            "x6": 0.6606618515685
          }
        },
        {
          "seed": 3,
          "block": 1,
          "depth": 20,
          "branch_dir": "/home/io632776/experiments/adaptive-smac/experiments/hartmann/04_force_variable_policy/hartmann_6d_branch_select_policy/seed_3/block_01/depth_20/3",
          "n_trials": 100,
          "incumbent_cost": -2.1238370450365847,
          "incumbent": {
            "x1": 0.2189928649709,
            "x2": 0.0482406681242,
            "x3": 0.8283789445054,
            "x4": 0.2584601439728,
            "x5": 0.3077509809326,
            "x6": 0.6606618515685
          }
        }
      ],
      "selected": {
        "seed": 3,
        "block": 1,
        "depth": 5,
        "branch_dir": "/home/io632776/experiments/adaptive-smac/experiments/hartmann/04_force_variable_policy/hartmann_6d_branch_select_policy/seed_3/block_01/depth_5/3",
        "n_trials": 100,
        "incumbent_cost": -3.076202909774308,
        "incumbent": {
          "x1": 0.406375868929,
          "x2": 0.9153143338448,
          "x3": 0.1036418366538,
          "x4": 0.5742380234642,
          "x5": 0.0386972526292,
          "x6": 0.0484206788206
        }
      }
    },
    {
      "block": 2,
      "start_trial": 101,
      "end_trial": 200,
      "branches": [
        {
          "seed": 3,
          "block": 2,
          "depth": 2,
          "branch_dir": "/home/io632776/experiments/adaptive-smac/experiments/hartmann/04_force_variable_policy/hartmann_6d_branch_select_policy/seed_3/block_02/depth_2/3",
          "n_trials": 200,
          "incumbent_cost": -3.076202909774308,
          "incumbent": {
            "x1": 0.406375868929,
            "x2": 0.9153143338448,
            "x3": 0.1036418366538,
            "x4": 0.5742380234642,
            "x5": 0.0386972526292,
            "x6": 0.0484206788206
          }
        },
        {
          "seed": 3,
          "block": 2,
          "depth": 5,
          "branch_dir": "/home/io632776/experiments/adaptive-smac/experiments/hartmann/04_force_variable_policy/hartmann_6d_branch_select_policy/seed_3/block_02/depth_5/3",
          "n_trials": 200,
          "incumbent_cost": -3.081172861275123,
          "incumbent": {
            "x1": 0.4147274819777,
            "x2": 0.9063676861009,
            "x3": 0.1036418366538,
            "x4": 0.571445329431,
            "x5": 0.0262791446075,
            "x6": 0.0267606486696
          }
        },
        {
          "seed": 3,
          "block": 2,
          "depth": 10,
          "branch_dir": "/home/io632776/experiments/adaptive-smac/experiments/hartmann/04_force_variable_policy/hartmann_6d_branch_select_policy/seed_3/block_02/depth_10/3",
          "n_trials": 200,
          "incumbent_cost": -3.1042215125016606,
          "incumbent": {
            "x1": 0.3979974905014,
            "x2": 0.8791236810005,
            "x3": 0.103405929931,
            "x4": 0.5663159804186,
            "x5": 0.0989705332395,
            "x6": 0.0441216436205
          }
        },
        {
          "seed": 3,
          "block": 2,
          "depth": 15,
          "branch_dir": "/home/io632776/experiments/adaptive-smac/experiments/hartmann/04_force_variable_policy/hartmann_6d_branch_select_policy/seed_3/block_02/depth_15/3",
          "n_trials": 200,
          "incumbent_cost": -3.097943981513878,
          "incumbent": {
            "x1": 0.394042950362,
            "x2": 0.8818563905616,
            "x3": 0.104702373888,
            "x4": 0.5785660576389,
            "x5": 0.0097970226932,
            "x6": 0.0429155893051
          }
        },
        {
          "seed": 3,
          "block": 2,
          "depth": 20,
          "branch_dir": "/home/io632776/experiments/adaptive-smac/experiments/hartmann/04_force_variable_policy/hartmann_6d_branch_select_policy/seed_3/block_02/depth_20/3",
          "n_trials": 200,
          "incumbent_cost": -3.097943981513878,
          "incumbent": {
            "x1": 0.394042950362,
            "x2": 0.8818563905616,
            "x3": 0.104702373888,
            "x4": 0.5785660576389,
            "x5": 0.0097970226932,
            "x6": 0.0429155893051
          }
        }
      ],
      "selected": {
        "seed": 3,
        "block": 2,
        "depth": 10,
        "branch_dir": "/home/io632776/experiments/adaptive-smac/experiments/hartmann/04_force_variable_policy/hartmann_6d_branch_select_policy/seed_3/block_02/depth_10/3",
        "n_trials": 200,
        "incumbent_cost": -3.1042215125016606,
        "incumbent": {
          "x1": 0.3979974905014,
          "x2": 0.8791236810005,
          "x3": 0.103405929931,
          "x4": 0.5663159804186,
          "x5": 0.0989705332395,
          "x6": 0.0441216436205
        }
      }
    },
    {
      "block": 3,
      "start_trial": 201,
      "end_trial": 300,
      "branches": [
        {
          "seed": 3,
          "block": 3,
          "depth": 2,
          "branch_dir": "/home/io632776/experiments/adaptive-smac/experiments/hartmann/04_force_variable_policy/hartmann_6d_branch_select_policy/seed_3/block_03/depth_2/3",
          "n_trials": 300,