{
  "seed": 3,
  "depths": [
    2,
    5,
    10,
    15,
    20
  ],
  "trials_per_block": 100,
  "n_blocks": 5,
  "selected_depths": [
    5,
    10,
    15,
    15,
    15
  ],
  "selected_trials": 500,
  "actual_evaluations": 2500,
  "final_incumbent_cost": -3.202471210120707,
  "final_incumbent": {
    "x1": 0.4047422740239,
    "x2": 0.8853138939974,
    "x3": 0.8942390905108,
    "x4": 0.5721473419902,
    "x5": 0.1450450926491,
    "x6": 0.0383490088277
  },
  "blocks": [
    {
      "block": 1,
      "start_trial": 1,
      "end_trial": 100,
      "branches": [
        {
          "seed": 3,
          "block": 1,
          "depth": 2,
          "branch_dir": "/home/io632776/experiments/adaptive-smac/experiments/hartmann/04_force_variable_policy/hartmann_6d_branch_select_policy/seed_3/block_01/depth_2/3",
          "n_trials": 100,
          "incumbent_cost": -2.9709849029575874,
          "incumbent": {
            "x1": 0.4191098685506,
            "x2": 0.8920328646099,
            "x3": 0.2267425067567,
            "x4": 0.6366288223669,
            "x5": 0.0743434019377,
            "x6": 0.0104465020306
          }
        },
        {
          "seed": 3,
          "block": 1,
          "depth": 5,
          "branch_dir": "/home/io632776/experiments/adaptive-smac/experiments/hartmann/04_force_variable_policy/hartmann_6d_branch_select_policy/seed_3/block_01/depth_5/3",
          "n_trials": 100,
          "incumbent_cost": -2.984514547121216,
          "incumbent": {
            "x1": 0.3711798989734,
            "x2": 0.8872242188341,
            "x3": 0.1577099333958,
            "x4": 0.5783765628087,
            "x5": 0.0855144463096,
            "x6": 0.0814452838534
          }
        },
        {
          "seed": 3,
          "block": 1,
          "depth": 10,
          "branch_dir": "/home/io632776/experiments/adaptive-smac/experiments/hartmann/04_force_variable_policy/hartmann_6d_branch_select_policy/seed_3/block_01/depth_10/3",
          "n_trials": 100,
          "incumbent_cost": -2.335336995327996,
          "incumbent": {
            "x1": 0.4798520512155,
            "x2": 0.7197161075285,
            "x3": 0.9484550199512,
            "x4": 0.5537325078629,
            "x5": 0.1105880168152,
            "x6": 0.0222721255307
          }
        },
        {
          "seed": 3,
          "block": 1,
          "depth": 15,
          "branch_dir": "/home/io632776/experiments/adaptive-smac/experiments/hartmann/04_force_variable_policy/hartmann_6d_branch_select_policy/seed_3/block_01/depth_15/3",
          "n_trials": 100,
          "incumbent_cost": -2.8919084682637077,
          "incumbent": {
            "x1": 0.4255718258127,
            "x2": 0.8986129858841,
            "x3": 0.9463895102582,
            "x4": 0.4850263393917,
            "x5": 0.11454169166,
            "x6": 0.0079793795149
          }
        },
        {
          "seed": 3,
          "block": 1,
          "depth": 20,
          "branch_dir": "/home/io632776/experiments/adaptive-smac/experiments/hartmann/04_force_variable_policy/hartmann_6d_branch_select_policy/seed_3/block_01/depth_20/3",
          "n_trials": 100,
          "incumbent_cost": -2.8919084682637077,
          "incumbent": {
            "x1": 0.4255718258127,
            "x2": 0.8986129858841,
            "x3": 0.9463895102582,
            "x4": 0.4850263393917,
            "x5": 0.11454169166,
            "x6": 0.0079793795149
          }
        }
      ],
      "selected": {
        "seed": 3,
        "block": 1,
        "depth": 5,
        "branch_dir": "/home/io632776/experiments/adaptive-smac/experiments/hartmann/04_force_variable_policy/hartmann_6d_branch_select_policy/seed_3/block_01/depth_5/3",
        "n_trials": 100,
        "incumbent_cost": -2.984514547121216,
        "incumbent": {
          "x1": 0.3711798989734,
          "x2": 0.8872242188341,
          "x3": 0.1577099333958,
          "x4": 0.5783765628087,
          "x5": 0.0855144463096,
          "x6": 0.0814452838534
        }
      }
    },
    {
      "block": 2,
      "start_trial": 101,
      "end_trial": 200,
      "branches": [
        {
          "seed": 3,
          "block": 2,
          "depth": 2,
          "branch_dir": "/home/io632776/experiments/adaptive-smac/experiments/hartmann/04_force_variable_policy/hartmann_6d_branch_select_policy/seed_3/block_02/depth_2/3",
          "n_trials": 200,
          "incumbent_cost": -2.984514547121216,
          "incumbent": {
            "x1": 0.3711798989734,
            "x2": 0.8872242188341,
            "x3": 0.1577099333958,
            "x4": 0.5783765628087,
            "x5": 0.0855144463096,
            "x6": 0.0814452838534
          }
        },
        {
          "seed": 3,
          "block": 2,
          "depth": 5,
          "branch_dir": "/home/io632776/experiments/adaptive-smac/experiments/hartmann/04_force_variable_policy/hartmann_6d_branch_select_policy/seed_3/block_02/depth_5/3",
          "n_trials": 200,
          "incumbent_cost": -3.1081379049581495,
          "incumbent": {
            "x1": 0.4045127187573,
            "x2": 0.898774461082,
            "x3": 0.1284430640368,
            "x4": 0.575822310764,
            "x5": 0.1187917136612,
            "x6": 0.0445505467635
          }
        },
        {
          "seed": 3,
          "block": 2,
          "depth": 10,
          "branch_dir": "/home/io632776/experiments/adaptive-smac/experiments/hartmann/04_force_variable_policy/hartmann_6d_branch_select_policy/seed_3/block_02/depth_10/3",
          "n_trials": 200,
          "incumbent_cost": -3.1710804358504143,
          "incumbent": {
            "x1": 0.3865255868868,
            "x2": 0.8713894013967,
            "x3": 0.9890830542426,
            "x4": 0.5648364200065,
            "x5": 0.2090593862989,
            "x6": 0.0297218427043
          }
        },
        {
          "seed": 3,
          "block": 2,
          "depth": 15,
          "branch_dir": "/home/io632776/experiments/adaptive-smac/experiments/hartmann/04_force_variable_policy/hartmann_6d_branch_select_policy/seed_3/block_02/depth_15/3",
          "n_trials": 200,
          "incumbent_cost": -3.13534214492823,
          "incumbent": {
            "x1": 0.39645400839,
            "x2": 0.9030705770846,
            "x3": 0.8862654210303,
            "x4": 0.553231203361,
            "x5": 0.2444745018155,
            "x6": 0.0670719119212
          }
        },
        {
          "seed": 3,
          "block": 2,
          "depth": 20,
          "branch_dir": "/home/io632776/experiments/adaptive-smac/experiments/hartmann/04_force_variable_policy/hartmann_6d_branch_select_policy/seed_3/block_02/depth_20/3",
          "n_trials": 200,
          "incumbent_cost": -3.1338094413575264,
          "incumbent": {
            "x1": 0.3954844951409,
            "x2": 0.9033519531972,
            "x3": 0.6210490299043,
            "x4": 0.554748159868,
            "x5": 0.2675125698287,
            "x6": 0.0649357156054
          }
        }
      ],
      "selected": {
        "seed": 3,
        "block": 2,
        "depth": 10,
        "branch_dir": "/home/io632776/experiments/adaptive-smac/experiments/hartmann/04_force_variable_policy/hartmann_6d_branch_select_policy/seed_3/block_02/depth_10/3",
        "n_trials": 200,
        "incumbent_cost": -3.1710804358504143,
        "incumbent": {
          "x1": 0.3865255868868,
          "x2": 0.8713894013967,
          "x3": 0.9890830542426,
          "x4": 0.5648364200065,
          "x5": 0.2090593862989,
          "x6": 0.0297218427043
        }
      }
    },
    {
      "block": 3,
      "start_trial": 201,
      "end_trial": 300,
      "branches": [
        {
          "seed": 3,
          "block": 3,
          "depth": 2,
          "branch_dir": "/home/io632776/experiments/adaptive-smac/experiments/hartmann/04_force_variable_policy/hartmann_6d_branch_select_policy/seed_3/block_03/depth_2/3",
          "n_trials": 300,