depth,smac_seed,proposal_trial,model_training_rows,fit_serial,configuration_fingerprint,expected_improvement,predicted_full_training_par10,prediction_variance,prediction_standard_deviation,actual_full_training_par10,signed_error,absolute_error,standardized_error,average_actual_tree_depth
5,0,3,2,0,3b66a40c01031616e6192664d07a5d2f1ee26689ced6c8b0abd559051fb37c05,1.090511378582061,82.95517541683338,7.472058634900834,2.7335066553606255,80.79681925582885,-2.1583561610045336,2.1583561610045336,-0.7895924294794835,0.48
5,0,5,2,0,3d1430dfa0b29d8f774760f9cf93251ae02893d1623cf85a53a80da05126c562,1.090511378582061,82.95517541683338,7.472058634900834,2.7335066553606255,105.12153301811219,22.166357601278804,22.166357601278804,8.109128820962919,0.48
5,0,7,2,0,08d63fabc1ab71731dc9d4417641ad25cbc263d80942fb311a689e1cae40fcf8,1.090511378582061,82.95517541683338,7.472058634900834,2.7335066553606255,104.39297006607056,21.437794649237176,21.437794649237176,7.842598300317266,0.48
5,0,9,2,0,11c2d268a22864b9b7698bacdde3f8f367ec6aa8b52d27fc2bd88d317773c20c,1.090511378582061,82.95517541683338,7.472058634900834,2.7335066553606255,104.87138712882995,21.916211711996567,21.916211711996567,8.017617834958301,0.48
5,0,11,2,0,1c5f266ef831c03278bb5ccf9e0cd683650810ed846479ecab86c5892ae777f0,1.090511378582061,82.95517541683338,7.472058634900834,2.7335066553606255,80.4868258228302,-2.468349594003186,2.468349594003186,-0.9029974699942854,0.48
5,0,18,2,0,b66b554dce1952458f969a2d221a59918ca65e81c082fa03873a753556495289,1.090511378582061,82.95517541683338,7.472058634900834,2.7335066553606255,81.57145996665955,-1.3837154501738382,1.3837154501738382,-0.5062052610921073,0.48
5,0,20,2,0,5ab405451036ef8dfb0a4759f5cba3487b67a48681782fb634c22aac2fb611d2,1.090511378582061,82.95517541683338,7.472058634900834,2.7335066553606255,104.23079085731506,21.275615440481673,21.275615440481673,7.783268205606336,0.48
5,0,22,2,0,0312598235dc91749c3e441993b8f9a26014d9bd30aa17e6165bfb1c30e4712c,1.090511378582061,82.95517541683338,7.472058634900834,2.7335066553606255,34.86720773601532,-48.08796768081807,48.08796768081807,-17.59204338738803,0.48
5,0,32,31,1,0ff3115f913523bfa42c56254db59e9fcbcb93adbf8f4d49751cbccab0befe30,5.867005689435598,43.86424657113977,579.7410577230038,24.07781256100736,75.79932287025451,31.93507629911474,31.93507629911474,1.3263279717872616,5.0
5,0,34,31,1,433118ec266b7150c23987966b267e4c155e6780825a38e2968a84bc50ea24d5,5.74770715029131,44.78189735696436,606.57448565674,24.628732928365192,71.63985676574707,26.857959408782712,26.857959408782712,1.0905132426788426,5.0
5,0,36,31,1,7dcd6f65fb12847a396466390c2e6a2a2c0d4d840ffa4c16ec87db1522de9c8d,5.732127637347624,43.62977458825874,551.8621266248823,23.49174592542841,104.19908767032624,60.569313082067495,60.569313082067495,2.5783231810158833,5.0
5,0,38,31,1,d21c5bc39ef7b782e27ce8514cb02e938313f655b227f9cff8ab389186eb3fbb,5.6475909443563275,43.45124336027098,533.3359605757088,23.094067648980957,103.30426405143737,59.85302069116639,59.85302069116639,2.5917054371236956,5.0
5,0,40,31,1,0c9f4c32ca4e04f0d9999b8ef751d465d3bbeb1f0db9c906894494b29660f35f,5.629038507365292,42.294200168876266,480.4787302227415,21.919825050003055,104.37396253204346,62.0797623631672,62.0797623631672,2.832128551279589,5.0
5,0,42,31,1,402f1f5424224fe83c6ec64f9aac175be81b1aee943d5105fcc0d1eb04625bc9,5.627164198131943,42.68531305839126,497.1997946909725,22.29797736771146,67.3262822189331,24.640969160541843,24.640969160541843,1.1050764270764373,5.0
5,0,44,31,1,441f2775cd6924974c2bfe58195a5c11315cecab00ba72dc291b7352c0d45039,5.611725543109432,42.131931485079164,471.5078534325219,21.71423158742952,64.76931137466431,22.637379889585148,22.637379889585148,1.0425135146246687,5.0
5,0,46,31,1,7930a43faf2227448286425687c51fe9c2aef4205aeedbada20e5e81677ba2c6,5.589596724593082,45.66589804950535,626.1041891087311,25.02207403691251,104.72771581459045,59.0618177650851,59.0618177650851,2.3603885784190886,5.0
5,0,48,47,2,43f275c2b4a3871405b500a5d438966244c585f3a7f183300a72f04a90c3f850,3.833030475705802,54.52629916747697,758.5499602041497,27.541785711971357,32.46351486587525,-22.062784301601724,22.062784301601724,-0.8010658616086711,5.0
5,0,67,47,2,786919d3bf96d78d38483e498e8ab34c54d41003d50970608a3b3a46b7402a43,3.759004862761356,49.099799909492866,530.2948291301126,23.028131255707933,77.99839016914368,28.89859025965081,28.89859025965081,1.254925549049395,5.0
5,0,69,47,2,dea8b8fbe4abd764f64d4b0d5cae6a21dac9b5b0014c4cf0764a1bbcd9c76c04,3.670651055463285,56.00755730162597,791.5071584938462,28.133737016149244,31.563670106887816,-24.443887194738156,24.443887194738156,-0.8688460825771901,5.0
5,0,78,47,2,f6ec30406409649c9cf485278b567e061107963fe8fe77dc1a4b5477521f5055,3.6145954301855276,59.70742825902559,940.9809745955006,30.67541319355781,34.55683033084869,-25.1505979281769,25.1505979281769,-0.8198943489197666,5.0
5,0,80,47,2,2a810c0ebee2be861a20cfd0e1fd50589441abd0b0793157040efb558e99b1df,3.6037600372936414,59.69802673359318,938.2474309736384,30.630824849710436,32.720669298172,-26.977357435421183,26.977357435421183,-0.8807257906956498,5.0
5,0,97,47,2,1091bf4b5f2c779dd1495a43ea23cf4f560a97863e635e6250994f53d7473d59,3.548037351997402,54.63460704170968,712.4983578606168,26.692664869971615,34.88285779953003,-19.75174924217965,19.75174924217965,-0.7399691764908691,5.0
5,0,99,47,2,a31df7e67d23d60ba85170ae3258cd294fce85e39d7f2f75338e116212e5c959,3.4693466378951863,55.80681674728761,745.8193144281781,27.30969268278532,32.41447392463684,-23.392342822650775,23.392342822650775,-0.8565582591632805,5.0
5,0,124,47,2,be8b45274cc91df6906bacc508d79b4a0332fbbb868511b3c4b9d6053d4af251,3.4291225412881,60.19445956510591,922.6090538613701,30.374480306029437,31.554338722229005,-28.640120842876904,28.640120842876904,-0.9429007691430936,5.0
5,0,150,149,3,0bc2557805bf1de74771999e5d6fd1241f84d7eb80a85b29815d52b13d548b07,5.417190676105507,49.908732087655224,937.8066207425992,30.623628471208292,32.375499584197996,-17.533232503457228,17.533232503457228,-0.5725393553524075,5.0
5,0,153,149,3,26991bb2ea9b11e46a91562745f144a4e3f58cb1dc2fdf7ac4fa9b2c4e022fd9,5.045226621080689,53.810853782267394,1068.3256378609778,32.68525107538533,34.617203795671465,-19.19364998659593,19.19364998659593,-0.5872266344941838,5.0
5,0,156,149,3,14bb6f360b0a717e18c1473be0778d3a2fe485c355c415080658544a49d7bdfc,4.922492671329324,51.97267115410561,950.7237198431162,30.833808065873345,32.29682630252838,-19.67584485157723,19.67584485157723,-0.6381256836502892,5.0
5,0,158,149,3,0b3d55f1417140bde8eaf506ffc937e246586beae5e4b8de998a513d84aa3d4e,4.838454116476145,47.53363846332683,724.9293611137896,26.924512272533175,31.927837908744813,-15.605800554582018,15.605800554582018,-0.5796131196962164,5.0
5,0,160,149,3,dfa12ea251a56456fdfa7ad29afc1808664e879d9e1508f3db427b4b42d19ead,4.7437703847699835,53.39404455431094,986.8880771381606,31.41477482233735,31.16154788017273,-22.232496674138208,22.232496674138208,-0.7077082933069404,5.0
5,0,162,149,3,244209b3be81360da82bffeaf977facf55b4405bacc9dd60e688c7f25e2f4661,4.696494929567908,54.11290742351739,1013.2592474372461,31.831733340131606,35.835971587896346,-18.276935835621046,18.276935835621046,-0.5741734400802656,5.0
5,0,165,149,3,12d8727e7a887007f47270b578f0cc091eb30c68f4bb9333d4121b0aa3a80f7b,4.598543128081391,48.88817032796144,747.489439705261,27.340253102435994,31.448294312000275,-17.439876015961165,17.439876015961165,-0.6378827566306358,5.0
5,0,198,149,3,e28349a657c475704e472b815924818d046f3b8aa135ddc31d349cdb890928e2,4.57400553278168,52.85129218293942,927.4551019917654,30.454147533493124,36.419312066078184,-16.431980116861233,16.431980116861233,-0.5395646060619339,5.0
5,0,201,200,4,639112a1ec5606a5ba132941bd61322f89b7454c5ff787e0f2cbebff8a4df99a,4.496984340856889,38.86694245955504,358.945220861003,18.945849700158686,34.935648352622984,-3.9312941069320573,3.9312941069320573,-0.207501598986037,5.0
5,0,203,200,4,23f0e93a0321a476cb08d47e299d1dd3dd1e6e8c33af3992e3588b951c7afb89,4.463139286028174,57.63005391940589,1180.6675255156024,34.36084291043516,35.89490408563614,-21.735149833769746,21.735149833769746,-0.6325557813125977,5.0
5,0,205,200,4,14ee465b69d773281acfed76d298fa761a8055564ffdbbd2918cada240350d51,4.240939379451259,41.500422965482656,426.80465363950714,20.659251042559774,32.37087565231323,-9.129547313169425,9.129547313169425,-0.4419108560306373,5.0
5,0,207,200,4,164ed086d9855e9fd4967fce04f6198f868372b652323c0b44124adb9caa6c82,4.191293397681176,53.30374519090194,911.1990561598484,30.186073877863752,33.03197138023376,-20.27177381066818,20.27177381066818,-0.6715604650240391,5.0
5,0,210,200,4,e656417c85f1987fd72afba0b1cef9c47d583a9fb3bd8686d0c527ec1e0ce86f,4.186101153924762,60.16790763984514,1245.6422898381943,35.29365792657647,30.006781853675843,-30.161125786169297,30.161125786169297,-0.8545763618187525,5.0
5,0,249,200,4,07dd72be65dc0c27b5c5acd564ddf8771b4b7ae103784904d22ffe9a5511734f,4.160283278793207,42.52225061852025,454.99992605259575,21.33072727434758,32.165776609420774,-10.356474009099479,10.356474009099479,-0.4855190297029495,5.0
5,0,251,200,4,7bfdd8eef19a4c44873247e4250c791e53cfb9d7f98df343198a031fa082ac77,4.155753020731698,43.005055253528944,472.4857234268078,21.73673672442135,36.859516589164734,-6.14553866436421,6.14553866436421,-0.28272590970196837,5.0
5,0,253,200,4,34d835f7e14d3848b8a1c1ac514bfc45e6e34b2e4df729df0ae061ecd97f27d2,4.124549179721195,59.251524042516166,1184.1848731659525,34.41198734693991,33.74897108745575,-25.502552955060416,25.502552955060416,-0.7410950346443224,5.0
5,0,255,254,5,b49c049eec123674f8117f38331c19861ea8901892295f6a02feeae6f9ad4410,4.837613039320413,38.92948075466742,439.3248240700775,20.960076909927537,24.570035060405733,-14.35944569426169,14.35944569426169,-0.6850855441022012,5.0
5,0,298,254,5,e51bf57d20bf3a8f8247a22e203b26f63590909c1b4fd303d6234b7000b05e0b,4.628842424055634,40.325785744571924,469.6965013558136,21.67248258404684,25.97307821559906,-14.352707528972864,14.352707528972864,-0.6622548881196436,5.0
5,0,300,254,5,4cf38799aa7a56604f4584c665b46d2bcf5d0f11fb3955168cd2471cda04425c,4.402732135877084,40.30521899446625,442.0457835690351,21.024884864584518,27.45343147969246,-12.851787514773793,12.851787514773793,-0.611265535937467,5.0
5,0,302,254,5,199ee0d078ea87e2d7907ee5e577af2a6c99dcb7a3dbe59835b9f3369b9edf60,4.390422711197424,45.82043156364428,661.9559501567812,25.72850462340906,25.054323812484743,-20.766107751159534,20.766107751159534,-0.8071245513532687,5.0
5,0,304,254,5,23ef8333e527c99e585544c5abfbe3bce3c85594e91fcf94958889e2794f28bb,4.339476747244763,45.33905980976867,633.9245381881664,25.1778580937332,28.837683012008668,-16.501376797760003,16.501376797760003,-0.6553923982067091,5.0
5,0,306,254,5,eddea7929bdf4d53dc3f4458efdb8679d7c86747ecf7b1a57c390242f0c72941,4.335352669924118,44.578305861436114,601.7857616223296,24.531322052069058,12.549500564455986,-32.028805296980124,32.028805296980124,-1.3056289925588704,5.0
5,0,354,254,5,b9340b64de2c52cfbc2b1e64fa169dca15843463258b7419503314446e759f1a,4.2548333376507905,41.14158910750555,455.9026584499162,21.351877164547293,29.233779109954835,-11.907809997550718,11.907809997550718,-0.5576938226922021,5.0
5,0,356,254,5,b30002af92cc3561e786333b47886499284c7f3de7dc7d3675fd22eee13ad79a,4.2043456615986,44.06286686140183,562.2992132149222,23.712849116352977,16.570267084360122,-27.492599777041708,27.492599777041708,-1.159396732216464,5.0
5,0,359,358,6,8a50e3cb64f2c7265734d30a0e2486e57640b71b372a9843862374bd2bda4397,3.542177398146416,46.11505437238728,1341.104149405748,36.62108886155282,59.81925283241272,13.704198460025445,13.704198460025445,0.37421602923481057,5.0
5,0,361,358,6,4e17cb0c867b07e7d60e1b4ed39466ff362189fe37cb89944211ce6cc0ab72c4,2.372640608975506,30.087772647464277,445.4225068263831,21.105035106021102,4.991123805165291,-25.096648842298986,25.096648842298986,-1.1891308740414797,5.0
5,0,413,358,6,933dc3cfac2261f774d914b29751ac8dd0f94c4ecec7473a5982775a194a3ab3,2.2929272720157243,28.178946192528045,378.20968195225146,19.447613785558666,27.18318866419792,-0.9957575283301239,0.9957575283301239,-0.05120204151059138,5.0
5,0,415,358,6,c78d0e3ebb26e7fdb5a36957258e3dea1aaa12e03749d7ba49662b77762a7325,2.1869415648011024,28.8393769884936,382.20445829149105,19.550050084117203,26.19765776157379,-2.641719226919811,2.641719226919811,-0.1351259569951685,5.0
5,0,417,358,6,348a56b2cc7a6d36dd388a81365897bf618aff55b84b2e80aa3e5ebaa6808a9e,2.1819233369392115,26.962200696201165,330.35863780797814,18.175770624872502,21.6341023209095,-5.328098375291667,5.328098375291667,-0.29314291455683694,5.0
5,0,419,358,6,0c54e84e1fd6b9ba4333bfb986c671c8fcd86069b969839c7cf504fdf9ef8164,2.1677066093356983,27.43783494064256,341.2453652659962,18.472827755002648,21.33486763870716,-6.102967301935401,6.102967301935401,-0.3303753698608839,5.0
5,0,421,358,6,cf1cba03b7e4b7683984c12d6fb1b8f398ce0eb9a9d77168f636567c6a6a5cab,2.0930358765827046,27.966996277095106,345.6334431881421,18.591219518583017,21.25570476579666,-6.711291511298445,6.711291511298445,-0.360992537611108,5.0
5,0,423,358,6,3b9bbda7d3758bce760092b22ed515281a94f8679fe4b749e8899837315b0203,2.018303820533567,15.471687591050086,69.6033247438458,8.342860705048707,26.10567764377594,10.633990052725855,10.633990052725855,1.274621551129418,5.0
5,0,425,424,7,b45a9dbb0b655e17d2aa6e30b3f639c3854a3578c837ede699e4b5de659ca16f,3.909850703829461,14.23914316048476,378.476611821599,19.45447536742122,25.20123305273056,10.962089892245801,10.962089892245801,0.5634739403254787,5.0
5,0,427,424,7,0ca4a292b0dccfabf37ab2a9ff1060f2ca478abb7bbc8162e7a00e20ad4cc998,2.218361674282875,16.719126332990506,268.9885951513801,16.40087178022498,20.904629742383957,4.185503409393451,4.185503409393451,0.2552000567701552,5.0
5,0,429,424,7,a68502b0f6bde1ef591d063dc5f1984d913ba4a4f4706ec37cf883e06d0dd160,2.166006238454425,15.51218109981146,234.27725117478101,15.30611809619869,2.5499680797457693,-12.962213020065692,12.962213020065692,-0.8468648248104715,5.0
5,0,490,424,7,6023daa326c2e7e41fc2cbc8652da5195fa77c26d81f32bc749b12b0b154645b,2.095181862360559,20.99383819411166,365.38004218950005,19.11491674555503,15.6768230022192,-5.317015191892461,5.317015191892461,-0.27816052053320484,5.0
5,0,492,424,7,92124f596df88b89c023093adf26148555c18a03c92d6fabaafd8c4c1b76382a,1.9840189706824853,15.32244746861101,212.30649766374987,14.57074115011827,16.93093471765518,1.6084872490441704,1.6084872490441704,0.11039158766684387,5.0
5,0,494,424,7,f74e80c2a4589cf2f26b9c7c0dbf905cc5b5c28c99481dca70c982a2ae90cb20,1.9769998006045615,40.610660640761246,986.1056641137693,31.402319406594305,74.0834699344635,33.47280929370225,33.47280929370225,1.065934298046569,5.0
5,0,496,424,7,e6ce8152df333253cf9fd02759ad0120f0b64cabbaff3772492d997cee649d4d,1.8586068128074196,47.723777885491934,1228.2607281693074,35.046550874077575,75.40766951370239,27.683891628210453,27.683891628210453,0.789917721937283,5.0
5,0,498,424,7,2d14e76c2afbecdcebb5b61919211eba3e5f4552da7f29b28bf7b56d675adc5f,1.8155591666800084,17.822282464711815,251.2150808416337,15.84976595542135,28.614084202766417,10.791801738054602,10.791801738054602,0.6808808261527236,5.0
5,0,500,499,8,e75ff5cf58a9b170c9fcf6c1cce53b89b2f363d88d93003f28fa4407c915feeb,2.1393257696364083,14.323243122476875,252.58365403595428,15.89288060849745,27.999725333213807,13.676482210736932,13.676482210736932,0.8605414303197196,5.0
5,0,502,499,8,2d9876d3ceb3a5aabbe433ee2cc1e1a1687c9814a5eb1d4c2a06898d14495783,1.6803501020615599,15.23496658611509,224.93473951215438,14.997824492644071,22.3391455013752,7.104178915260109,7.104178915260109,0.47368062739662475,5.0
5,0,504,499,8,d16181b489396ad6bffc6a5952658a8aa85b08076d4917868cd084b7d6cee02d,1.1650783452294786,12.037962720930052,118.17187881971013,10.87068897631195,21.803477733135225,9.765515012205173,9.765515012205173,0.8983345060727029,5.0
5,0,506,499,8,9d360acea2b06b4bfcdf28576e4d5a10b394cfc5c014ee2633c217d97c64cd43,1.1096525758888909,38.70585912743427,719.3119281518243,26.81999120342556,59.78371136856079,21.077852241126514,21.077852241126514,0.785900788753218,5.0
5,0,508,499,8,3dbd27b0ae6f9fc227a0166af474b1f538e806b36a2ec9d3be9643a9d6731c60,1.086923526863289,22.619206681916584,303.1210855141613,17.410372928635425,3.6991366985440255,-18.920069983372557,18.920069983372557,-1.0867125052935587,5.0
5,0,510,499,8,e0a6246e762ebc8d4816169e533321639fdb1361b85f2cdc28f4fb067c4716cb,0.9865397263851252,15.103921722340942,149.9612937820931,12.245868437236009,25.312894608974457,10.208972886633514,10.208972886633514,0.8336667128964976,5.0
5,0,512,499,8,fa638e83c40ad464ece90bb19da2ab9922ea1d15bd54eacfde5fcdea0fe6596a,0.9225107115547995,20.921141452199176,242.6280329523228,15.576521850282328,23.172920558214187,2.251779106015011,2.251779106015011,0.14456238226085094,5.0
5,0,514,499,8,f9fe27e363dede261551d4caefbb2c80a27abc3a52d66682707d52c9f891cd86,0.9212587251943072,65.38633708977251,1544.7418030887907,39.303203471075875,41.935647247314456,-23.450689842458054,23.450689842458054,-0.5966610294175118,5.0
5,0,516,515,9,2a9ea8b1a3528d762f2522222424002154d438c3fb99bf75089fef4347e45036,1.2786057401555215,15.856948133179039,187.1713063537257,13.681056477981723,23.982292977333067,8.125344844154029,8.125344844154029,0.5939120898470779,5.0
5,0,518,515,9,2b6367038f723d5903e372a7dace90a58227cd2fdacbc44b72b924feac502a1d,1.2385689006644234,11.322075427324034,107.19588090065442,10.353544364161213,23.453359294652937,12.131283867328904,12.131283867328904,1.17170347087335,5.0
5,0,520,515,9,7838a38739ed6cb91cbf49336ca317ebcf70a11f780eb9ba448196cae3eb02ca,1.0911895372149947,56.31311640620661,1289.8595669874603,35.91461494973126,27.320545896053314,-28.992570510153296,28.992570510153296,-0.8072638548605751,5.0
5,0,522,515,9,d1594ff98b048ad325b4f2fcde35da6f22a13efa9eafc2e4615e934ee3ba3e11,1.0527670064968286,18.249776520886225,204.87261566364123,14.313371918022714,14.500602440595626,-3.749174080290599,3.749174080290599,-0.26193507034983265,5.0
5,0,524,515,9,5492fd9c275e8fae1de6de7ace52b4002a425e8e9853f895a05ae5c1b5d24d79,1.0273449069357672,18.427692361854792,204.854949971141,14.312754800217217,26.384556658506394,7.956864296651602,7.956864296651602,0.5559282198092882,5.0
5,0,526,515,9,4b87683bc8c584f6b3091a3842a560ad5c4fbaf7390f5e4dfbe4162b43ea9390,1.0169849718212003,54.66438179459202,1189.9517835495594,34.49567775170622,20.724863317251206,-33.93951847734081,33.93951847734081,-0.9838774214448389,5.0
5,0,528,515,9,91edc679d254363066ff6aed9f66af443a03161a8db06438b6deb1915ba11e15,0.9813175097042088,63.82628554107723,1510.6859627807812,38.86754382233049,34.000146396636964,-29.82613914444027,29.82613914444027,-0.7673790574670767,5.0
5,0,530,515,9,478ae7df83cf77e99d2d6b5da3afb0d23bf3f3f2724003464d8b01ef8e9aa2df,0.9548044090655099,15.57672024973699,148.32932273288986,12.17905262049926,26.79157390546799,11.214853655730998,11.214853655730998,0.9208313655575013,5.0
5,0,532,531,10,6110623ae49b39eb5aaf351fbd760227dc185980ea0d7f5e28fd63c1a4870baf,2.9234242491618074,26.366218457680407,733.166513829552,27.077047731049852,26.329954526901243,-0.0362639307791639,0.0362639307791639,-0.0013392867324150425,5.0
5,0,534,531,10,0242ecd1ccafc51669e1ab6a89f307da7a8200758eee386d1695684a22bb7a80,2.689093802815978,29.659557878086503,811.1331075145363,28.48039865441733,35.37375098228455,5.714193104198046,5.714193104198046,0.2006359943740384,5.0
5,0,536,531,10,67684d0675fdc5aa8b1f3fef331f2c812dd74a87b2a518d12321f64e240d8df8,2.094254701148894,27.044132409190876,593.8175468215345,24.368371854137784,34.57508343315124,7.530951023960366,7.530951023960366,0.30904613032986034,5.0
5,0,538,531,10,4f697631fea9199feb6ca58b8fba63fd9eba4af7e859af74ef5919220bee9f11,2.0593185003383536,28.68394913741714,640.1191151614928,25.300575391905472,31.032967032432555,2.3490178950154146,2.3490178950154146,0.0928444455760064,5.0
5,0,540,531,10,bfdaa1893292c97c44438a87b3adae6c0751ef636ad7129eeadabd31f9fb088f,1.8213756949621267,30.099288332072,634.0952504077839,25.18124799146746,37.673318806648254,7.574030474576254,7.574030474576254,0.3007805839147717,5.0
5,0,542,531,10,845b7b9d0de346e47c22d0e713d1bd7ed76890c52ea60617d507a9b2cb487d8b,1.5485765417536839,27.88028404933019,508.7852750937377,22.55626908630365,21.271346554279326,-6.6089374950508635,6.6089374950508635,-0.2929978122607104,5.0
5,0,544,531,10,59db11dc13868209e3a8dd3852ebbec48bdcba4558129cc1c17384ecd371f5fd,1.4620178740316914,30.87109995689766,575.0598019185194,23.980404540343336,30.353907378196716,-0.5171925787009428,0.5171925787009428,-0.02156729999407833,5.0
5,0,546,531,10,4564aef9285e8a9dab7dee49eb834425e6c5d4f52c81f50488653b5be3e96ecb,1.440410026359284,32.349570500342296,613.139592091284,24.761655681542866,24.345019786834715,-8.00455071350758,8.00455071350758,-0.32326395360848614,5.0
5,0,548,547,11,858303b57cd3bb915b7a2f32021f6fa132de9c1c41aa6922247c3bc6574c933b,1.2300053262331416,38.65912651354532,742.6684932311659,27.251944760533437,63.58965280914307,24.93052629559775,24.93052629559775,0.9148164108897803,5.0
5,0,550,547,11,958ef12a4072f76a473306ebd19ab7a1dbe3b11695530af750bfcb776bb1f659,1.0986175245216108,14.485416461891118,143.42941325393096,11.976201954456636,34.26305198860168,19.77763552671056,19.77763552671056,1.6514113240509294,5.0
5,0,552,547,11,8f0f46c7fc2e3535eddbcbcceb78334ce85cf21efd80daccaa5e45b4b6cbb364,1.071092022502146,36.2942068942489,623.9643494271165,24.9792784008489,54.38945725822449,18.095250363975588,18.095250363975588,0.7244104522795436,5.0
5,0,554,547,11,290283d845e435a5890eb4e733b0910d15675e59fac54b591484eecb209256c7,1.0597308145258109,38.844948743527155,692.8194687458193,26.321464031201216,67.47946874427795,28.634520000750797,28.634520000750797,1.087877177607131,5.0
5,0,556,547,11,a42200baa54db9dad1d8360aa2a030055522b25bfa366fa194d33a619ebd7814,1.02612775560506,40.412288753393796,727.0059562198679,26.96304797718292,62.3690863571167,21.956797603722904,21.956797603722904,0.8143292116790178,5.0
5,0,558,547,11,7c10bb702a84faf43b4c3c973cb68e0a332732f565e7ba23bfa4bafe93e6063a,0.9960513011245311,42.30850413846873,772.1364348861271,27.787343069932525,63.054886465072634,20.746382326603907,20.746382326603907,0.7466126672993312,5.0
5,0,560,547,11,71ae2d0aa517ad16a17420174c5b00720f5da3114b9bfd7cd318cc78598d3d23,0.9919853701162307,38.608185385866534,663.5447024991711,25.759361453637997,63.106829217910764,24.49864383204423,24.49864383204423,0.9510578853492614,5.0
5,0,562,547,11,1f1ed85a1c5b096df30bd59179da57f8c04566acc6d86eaa4175d71957fd7076,0.9798649151001162,39.717608121732965,690.7713201774213,26.28252880103856,63.68838036537171,23.97077224363874,23.97077224363874,0.912042080315024,5.0
5,0,564,563,12,d824048c5f58f99f20b093578a8cd0102053aa65509c7456e8964672e40fe6c3,1.72917832598421,32.32861708988225,683.2214380534658,26.138504893231094,45.067739583969114,12.739122494086864,12.739122494086864,0.4873699756785181,5.0
5,0,566,563,12,c72a06e1725551cb20c664d485ea819ee3f814c8426c7d32013acdfbc4f05f8c,1.3121762304233426,36.27120476593498,695.581245906122,26.37387430595137,52.898383790969845,16.627179025034863,16.627179025034863,0.6304412780674727,5.0
5,0,568,563,12,505a63e8e1b6f3a686410257d83fc0d0a9048964e38a0ad8592bc00dfe7eb36c,0.952984078851884,63.557954348098555,1478.2790222484596,38.44839427399354,28.767889614105226,-34.79006473399333,34.79006473399333,-0.9048509148670819,5.0
5,0,570,563,12,48a3f3637d6aab116aed41951bf65448e9f65e63bb55774b16659ac704c127f6,0.9200836440408748,67.16782170491958,1595.9668691993338,39.94955405507468,30.99621993637085,-36.171601768548726,36.171601768548726,-0.9054319284436155,5.0
5,0,572,563,12,1e18812278f53165fba8af61818c6b800c28ee3f526a33f5869143e21e5747b1,0.9153294442184428,65.1979255007475,1515.8034380046615,38.93332040816274,24.750419438362123,-40.44750606238538,40.44750606238538,-1.0388917677287337,5.0
5,0,574,563,12,2b738ecb66b39c2ed65a7fda952881bf801071e3725e2896a5b8c8cdcca0c095,0.9088146506366765,69.41811147429503,1677.086831847741,40.95225063226368,20.05348324584961,-49.364628228445426,49.364628228445426,-1.2054191763896407,5.0
5,0,576,563,12,ad949a78c41b02745bc743ad1b666720bd029c6be4c3f7ee117fb0cd0a83ca6b,0.8853536054245499,68.4918925008619,1622.464471809781,40.27982710749614,23.032600774765015,-45.45929172609688,45.45929172609688,-1.1285870618257157,5.0
5,0,578,563,12,6e3411390315b19de371294b0586db698b1a7fcf06af2f4f92782347387373d8,0.8763582777015246,68.37402581713278,1611.0411134964763,40.137776638678886,33.652913813591006,-34.72111200354177,34.72111200354177,-0.8650482142073278,5.0
5,0,580,579,13,d990b8093321b941b788460dfe5a4540b9917ad931057fef2937c55644a1e2d8,1.907135688266746,30.721571291364008,674.5044648970731,25.971223785125588,35.44397083568573,4.722399544321725,4.722399544321725,0.1818319992693748,5.0
5,0,582,579,13,28635aeaf1c53af4c721648877633a7c2fc346933c64e944e823db89b3a83f6c,1.585656252331268,31.76969129068409,632.1070683598247,25.14173956511014,42.68274327468872,10.913051984004628,10.913051984004628,0.4340611339061423,5.0
5,0,584,579,13,ded34ddd27d21e09cda6d51a952ca79e181268b8dcf46eceef04475cb1b33b0c,1.471130984772791,31.650095913388096,600.7526433232593,24.510255880411762,25.071297768592835,-6.578798144795261,6.578798144795261,-0.26841001484823096,5.0
5,0,586,579,13,5dfb4c7f6b729552684632a15f4fdfe51554dec922991451cfa8586746e1c8fa,1.393546825506244,30.00760876586694,535.3118398343724,23.136807036286847,33.79538753986358,3.787778773996642,3.787778773996642,0.1637122515676446,5.0
5,0,588,579,13,e393aebd7097783e539faf9e1046f994cf5a164c6d15b836762f87fe4de388db,1.3268852107588778,31.835343135872137,570.7577965649401,23.890537804012286,30.390588212966918,-1.4447549229052186,1.4447549229052186,-0.06047393887728136,5.0
5,0,590,579,13,4e010241caebcd8c5cb2955fd1ea5f03515a59d096a37992766aacf675a81a76,1.320297858665198,32.779220216742175,595.9639607745282,24.412373108211504,32.44186483669281,-0.3373553800493667,0.3373553800493667,-0.013819032609160462,5.0
5,0,592,579,13,bceab2102c758cec6362b5cbaab2e52a5a0476119165c0ad5b9d2a31170205ea,1.3141409893489704,33.84073320074544,625.0610516830011,25.001221003843014,30.20838345527649,-3.63234974546895,3.63234974546895,-0.14528689398452221,5.0
5,0,594,579,13,5183b1f13fb653271866ff6cb0da3b779d324c970efc274090232e8df6380930,1.2695108458287812,33.47814466805561,602.70436952913,24.550038075920167,35.634791679382325,2.1566470113267115,2.1566470113267115,0.08784699252430295,5.0
5,0,596,595,14,0fa88c7d5f55d9d1bf46ccaa87a24dd424542899155d263e4969ca81ccbd1602,0.8089728268200722,15.808128430954987,137.49860552325455,11.725979938719602,28.414307368278504,12.606178937323516,12.606178937323516,1.0750640034524932,5.0
5,0,598,595,14,aab4e9dc0d345253e32dcd67e401f767bcc437f11f96ff283e738255d7f493d3,0.6136612863800703,19.799754297374584,171.6742461115026,13.102451912199587,28.28925705051422,8.489502753139636,8.489502753139636,0.6479323725077082,5.0
5,0,600,595,14,1e1b58db6124c9057257b2e9875c1d9c626929ffdfea686788ed10abefe45e4b,0.5181675056898465,18.75392420068346,142.86263569360716,11.952515872970308,20.038747295856474,1.2848230951730137,1.2848230951730137,0.1074939459464381,5.0
5,0,602,595,14,c65b828ba707e56454216a71334a5dd0de8ddfca4dcd6db1d6f05f2fbc64c69b,0.4565448318024454,17.508228136191732,118.47309568405403,10.884534702230226,23.02678451311588,5.518556376924149,5.518556376924149,0.507008937717237,5.0
5,0,604,595,14,adf98136ce5ee45979616098caac48c0797c65e0b8ad1184960bfa6945e5c264,0.44754656100922396,52.489190591366125,794.7805477710087,28.191852506903633,51.7612611618042,-0.7279294295619252,0.7279294295619252,-0.025820560368768584,5.0
5,0,606,595,14,242a0a00717b72814954e37f585570de2c19a56a6778a2f2e941a456df64cbe0,0.4373937460496118,20.243421544147342,150.1188864432878,12.252301271324004,26.644536828994752,6.40111528484741,6.40111528484741,0.5224418779049248,5.0
5,0,608,595,14,2671e2e63a8c19d89a31421bbae1919d09033eb31ba1278a75cb2db9aa1ba147,0.43154462885047207,52.215748749219564,777.0673195643708,27.875927241338015,37.75063567924499,-14.46511306997457,14.46511306997457,-0.5189105619605664,5.0
5,0,610,595,14,08a1c10c4e062e31919f42981d7b00ac7cd73078beabb74938836c556dd9dfca,0.41576319796461547,19.7735119784272,140.4916464573381,11.852917212962305,23.772420941352845,3.9989089629256434,3.9989089629256434,0.3373776169255997,5.0
5,0,612,611,15,338cfff9281c570b3f1c297fd580d602aeec54edb818a358e1547e5a02604199,0.6577848015041288,14.843451658661717,106.72738331731357,10.330894603920493,17.72258717417717,2.879135515515454,2.879135515515454,0.2786917905853811,5.0
5,0,614,611,15,a0ea56c6f453213f52e011a337306de8c67272b2b192b486c5606491462917ff,0.6518931330982514,37.5501503728834,520.1312024375273,22.806385124292,28.06475791835785,-9.485392454525552,9.485392454525552,-0.41590950967596696,5.0
5,0,616,611,15,210d72c475a799b2d64b23b3572931450ee0b52b40df5b68b176b0e7f6d36f23,0.506002658718983,39.67350613651356,512.2057431426257,22.63196286543935,36.20772599315643,-3.4657801433571294,3.4657801433571294,-0.15313652483274562,5.0
5,0,618,611,15,ba4508da41b97ba04f94798e508126eea4764793b93b58f0106bc5d6c55a3987,0.4301914058454419,17.160264868743738,109.12536714668039,10.446308780936949,2.62651836681366,-14.533746501930079,14.533746501930079,-1.3912805763938485,5.0
5,0,623,611,15,cd23d37ff9ab406dd5e0aa2bb13305e2268390ad26ac2d719e9fc0fa0abedbee,0.3928945312907952,59.53558529063055,938.6676294383733,30.63768316042147,81.61450149154663,22.078916200916083,22.078916200916083,0.7206457513549256,5.0
5,0,625,611,15,fa779c98b6d53a1248e31de6c6eb1acc26f65b255137ad59914f067369677178,0.3264745299515104,45.55791632761137,550.4040818809453,23.460692271988595,51.200498346328736,5.642582018717363,5.642582018717363,0.24051217045519355,5.0
5,0,627,611,15,6c31509979b07fce1fa987c70e12a5e20811d597fd368916bda9e204adbfa415,0.3137107574245921,42.40786881296751,478.14756388717905,21.86658555621291,73.90251734924317,31.494648536275662,31.494648536275662,1.4403093914828027,5.0
5,0,629,611,15,2ecef58bfa1f714af68a71af23287b2d1d4709be26ae4c7993560b59aeb6ee9a,0.31351895159334386,58.90400971893091,852.7923096025494,29.202607924679423,74.41847117614746,15.514461457216555,15.514461457216555,0.5312697241709404,5.0
5,0,631,630,16,7bb6ad1cca54ad11dd944c9fbcaad8609fc0ad21b9376dae5aacf87e17f2bc8f,1.0921031517051798,24.042780107501315,323.9347404385417,17.998187143113658,3.8543854777812956,-20.18839462972002,20.18839462972002,-1.1216904496653355,5.0
5,0,633,630,16,66fd7dd2a98c48aa7972cb784ced201bed37a6b47d07d5a9a682460e32aa43c5,1.054880553232231,17.63965769472372,191.9091570646759,13.853128060646661,13.524690763473512,-4.114966931250208,4.114966931250208,-0.2970424378693084,5.0
5,0,635,630,16,9096135422eca6b0c568262e664ee602853965407cdd282b7861761be69b6c32,0.5152582107481667,22.32433456914937,190.1413960126627,13.789176770665561,24.58814832019806,2.263813751048687,2.263813751048687,0.16417323446491866,5.0
5,0,637,630,16,8375eb2f6c418bdc77c2be1acc556429ad384d03c7ad64f93ed378f2b7b974cb,0.4834127452830499,41.10343186637264,533.2776331242619,23.0928047911955,80.74229873085022,39.638866864477585,39.638866864477585,1.7165029204070756,5.0
5,0,639,630,16,1df896d9e63e6565787a8899cdce89dc75889236d7f5b23dc9c597711acd7d06,0.41554819825562483,41.38797094711626,508.1979069972433,22.54324526321007,61.327985708236696,19.940014761120437,19.940014761120437,0.8845228150740998,5.0
5,0,641,630,16,ed72c61ece740e20a953f28e032970f51603230f3bf3ffb85ecfd5fc6ea87136,0.41352458282992854,17.85947592321707,114.46759808559946,10.698953130358104,14.66740318286419,-3.192072740352879,3.192072740352879,-0.29835374559174627,5.0
5,0,643,630,16,230c9d03917756fdcc1abc974a501e245cfd84c7569b8d944f34848b9a415948,0.33894910825644065,36.838594153397466,382.92253718837657,19.568406608315776,76.00508526229858,39.16649110890111,39.16649110890111,2.0015166228331003,5.0
5,0,645,630,16,71d892f5a6083965321dc5d591833bf8f0b7f53707da473824707a052877d7b6,0.33585717892925926,18.218083704712647,107.3554268012071,10.361246392264162,25.58783496761322,7.3697512629005715,7.3697512629005715,0.711280379202537,5.0
5,0,647,646,17,f9ccbbd5a8260cba5c5ed032aadc717aadc343540b90d470033fa92dff4b782f,1.0878401503898243,13.934666827007572,132.38569367117165,11.505898212272331,28.06996194458008,14.135295117572507,14.135295117572507,1.2285260009075718,5.0
5,0,649,646,17,e9ba8a4cea884d02091656baf1dba2598afcc1fef66a5e9d415e7480e42d9d35,0.5328624233399748,18.360368951248084,136.22468106365022,11.671532935465256,24.50137181401253,6.141002862764445,6.141002862764445,0.5261522112578993,5.0
5,0,651,646,17,d49dd0c8f6071690a281ae612c5ab02a3aee7c687834bf2e44e272db17822c24,0.4202923566125718,38.967224906217304,458.24626379899144,21.406687361639854,48.826311166763304,9.859086260546,9.859086260546,0.4605610430978307,5.0
5,0,653,646,17,ef82bf0b7bcfe95223826aadfbbdd01a0a250bc513c5858335ce6affb0c7c00a,0.39968705042530295,38.57060129749635,441.2590241631432,21.006166336653227,45.93595805931091,7.36535676181456,7.36535676181456,0.3506283175984806,5.0
5,0,655,646,17,1c03562486a22606f3424f6d011a2a3b6502a70b6833a9a7280b46300b1d3a9a,0.3938841596431093,17.913309164807075,111.61229352363448,10.564671955325185,16.090882059812547,-1.822427104994528,1.822427104994528,-0.17250200599706486,5.0
5,0,657,646,17,312696f46199e29e43cae8c5c4ba2a8c61bfdb6860f49b31ca9e671f937d89a9,0.34592397079276727,35.9957024634986,369.28579138368445,19.216810125087996,37.10147682094574,1.1057743574471388,1.1057743574471388,0.05754203482520361,5.0
5,0,659,646,17,bba86b49dd071ff87c8eddbc9b6cf15e54ea72fc1007bbca33c4c8b9d1fe4422,0.34581635178902936,18.403034007346566,110.16945937748058,10.496164031563177,26.157577324867248,7.754543317520682,7.754543317520682,0.7387978402587722,5.0
5,0,661,646,17,ccf2b5c84d5719dfcbe73c5745ecad99ab0a08656aeee8ddc2b01db55c044dd7,0.34173224844809225,15.566675841125173,80.09265426188759,8.949449941861655,12.476864521622657,-3.089811319502516,3.089811319502516,-0.34525153384564067,5.0
5,0,663,662,18,cfe09364a37344cdd37a31d78c977b3747b0c6a888c2283108fd55d7affe7b43,0.45707802544323917,14.252418744030479,78.83469326635478,8.87889031728373,26.54260265827179,12.290183914241311,12.290183914241311,1.384202695951444,5.0
5,0,665,662,18,5f224b3aabcf5e5e0b90c87230236292849eef1d99deba84bcf5cd52f697bb25,0.42341629117466106,17.499522872025636,110.57355504782488,10.515396095622117,25.814889958381652,8.315367086356016,8.315367086356016,0.7907802055899691,5.0
5,0,667,662,18,143c2ce9ec2393d7938b111e7a41b1c3a629c58d9abe1a77d428e533e4ea6a6b,0.3570558222055079,13.26611939621285,60.11679015541997,7.753501799536773,23.44547192287445,10.1793525266616,10.1793525266616,1.3128716275360583,5.0
5,0,669,662,18,50c5547f71ae8c4c5d10322cc09747cdec574487885a385361185f287610248a,0.3526498226986534,20.516241594521453,135.46518703034135,11.6389512856761,21.196099673271178,0.6798580787497244,0.6798580787497244,0.058412314139197105,5.0
5,0,671,662,18,961bcd6a83e9c49ba73264df165bd119562d9f466964d52e46990831c8a6324f,0.32084334695495786,16.05198891264439,82.05319955733758,9.058322116006781,25.564171341657637,9.512182429013247,9.512182429013247,1.0501042364351847,5.0
5,0,673,662,18,7d60bf6e78654c6f4213dbf372b023cffdd6742473af515c5138fcc3c1891032,0.29107214343456833,16.373105428450764,81.34812598147442,9.019319596370584,25.089916229724885,8.716810801274121,8.716810801274121,0.966459909545927,5.0
5,0,675,662,18,aef4bb07591cbe5efa92c9b711173223761f795d8b7edef405be17a9cb7df7b8,0.26104723536427743,16.74634736218285,80.78967612928408,8.988307745581706,24.449765993714333,7.703418631531484,7.703418631531484,0.857048829388177,5.0
5,0,677,662,18,d2c93fc7523824bf7619bf7a0d8e2b80f58e43b06c787f6a90787c742105564b,0.24450318529850368,15.31998309112254,66.00498324141984,8.124345096155125,22.056507677555086,6.736524586432546,6.736524586432546,0.8291775529846253,5.0
5,0,679,678,19,52af38ed2ee71114359a01ecc213496396bfdf721abc9a37fe3d17b309876333,0.20627523877823384,16.201379190916697,68.68077159732002,8.28738629468423,20.48069300842285,4.279313817506154,4.279313817506154,0.5163647096130936,5.0
5,0,681,678,19,2b9eb7b910e20a036ee51a88e18ff71614a41e9e0bcd1778ad411aae230e26b0,0.1373286757940484,49.23564059198573,476.36305298945894,21.8257428966223,72.34342502212525,23.107784430139517,23.107784430139517,1.058739880680791,5.0
5,0,683,678,19,c0777eece81ee81bd940fbbe3bebd096d22e2668fc7cfb9c438a36437d4d6657,0.11785918451741073,27.467980379116707,153.86557851904564,12.404256467803528,28.892968960285188,1.4249885811684813,1.4249885811684813,0.11487900019377863,5.0
5,0,685,678,19,5358258b65e68df239cf15f9cb955a1af19619164596d2be613d8ea91370a73b,0.09515397061628367,19.239343172402304,71.85578122533393,8.476778941634253,22.681983051300048,3.4426398788977437,3.4426398788977437,0.4061259474384773,5.0
5,0,687,678,19,2380c5fd83d1be45c7aaae55bc17e33aaf9c00aaefb71809dace2572d12e3f0f,0.08826278451967018,17.095790404168447,55.21778252207303,7.4308668755450755,19.327645744323732,2.2318553401552848,2.2318553401552848,0.3003492563566578,5.0
5,0,689,678,19,7d3a6e54991801c5479b926b3f471ab593649fca26b1dffb8ced43e689ffecb3,0.08289867369849035,47.51299083033241,387.5069917235531,19.6851972741843,45.10922238731384,-2.4037684430185706,2.4037684430185706,-0.12211045739282163,5.0
5,0,691,678,19,4057f772a35918f98db5326aa4355138d740c1d5125c56c822372c1d577d9977,0.07719006754073676,55.78425178063646,512.2144588733805,22.632155418196042,46.5144151725769,-9.269836608059556,9.269836608059556,-0.40958699853248154,5.0
5,0,693,678,19,dd80134932555d9215a1ddfa9319dba351ae800c8dca1408371b8494916f1fa4,0.0600159164040408,19.431493200210976,63.21242712840207,7.950624323183813,27.157272268772125,7.725779068561149,7.725779068561149,0.9717197989135241,5.0
5,0,695,694,20,6a86412f0d05d91b838265be3ce8391e428e503ea523ff614f3a89302fe5a04f,0.46652044909835344,15.19113940998871,90.11198925113922,9.492733497319897,25.56593778467178,10.374798374683072,10.374798374683072,1.0929200085109532,5.0
5,0,697,694,20,d7e48e81cc2759f65bb4ce485784a0ad49435535b33a4b11a6cd2987e516194f,0.3350412750429914,14.99652876454677,73.96121117856914,8.600070417070382,20.974802451372145,5.978273686825375,5.978273686825375,0.695142411271311,5.0
5,0,699,694,20,749003d7848307be2e005dae7aa74704de6a8b6c5865cdbc501cd1dacb740465,0.33212433271275477,18.432658236760393,108.51933791560246,10.417261536296497,26.08894732451439,7.656289087753997,7.656289087753997,0.7349617806059163,5.0
5,0,701,694,20,ea55b4e7c3fb908d4436add31737b879f1786c04c98bdcc87fe132dbd2280c0c,0.27717300636781894,17.673373146343916,92.3221157206432,9.608439817194215,25.749803252696992,8.076430106353076,8.076430106353076,0.8405558300839204,5.0
5,0,703,694,20,09138402287f26c3eeac464049932fa6d290cc7a7432f127c702408932246989,0.1883806431368541,18.407242917871645,84.66770523643048,9.201505596174492,27.261371117591857,8.854128199720211,8.854128199720211,0.962247765561464,5.0
5,0,705,694,20,bccb6804864d32c9312da8841f1a185f9eff6ad8824ca1a74caa8802df58a23a,0.13733465130135025,18.596908566676465,76.43663583127879,8.742804803452882,27.30669605255127,8.709787485874806,8.709787485874806,0.9962234868191228,5.0
5,0,707,694,20,483a73027f166cc61321f05d4bc2a1442246e894eb8260c7c8747cd7dc243de9,0.07654863914735127,19.32928858888813,67.42884035377385,8.211506582459387,29.544363921165466,10.215075332277337,10.215075332277337,1.2439952680666146,5.0
5,0,709,694,20,49bb32b1264cddee541ceb359ffd68be22edf2b0419a707971750417dd53df50,0.07618178495013656,34.74045196583195,210.44148220549764,14.506601331997016,45.391148197174076,10.650696231342124,10.650696231342124,0.7341965211279382,5.0
5,0,711,710,21,1cde738ebd8da8249054f0486d882050e973429aa5ed4dd91f220b10de412a6f,0.7421979434057235,14.673449767229721,112.13874982685611,10.589558528421103,28.146072805404664,13.472623038174943,13.472623038174943,1.272255401584121,5.0
5,0,713,710,21,a05b3fe557ba51231022d9102321df35440080e138b408f64d9161d03337f063,0.49635383516162745,14.804552770177061,89.56846248410967,9.464061627235406,16.868287351369858,2.063734581192797,2.063734581192797,0.2180601376531447,5.0
5,0,715,710,21,c40b9517285d1af0066aa0021f92e6476785214e6856d38fb81b691016fb7841,0.36365433727638274,15.25202516529491,80.14217873708517,8.952216414781603,14.280724490880965,-0.9713006744139445,0.9713006744139445,-0.1084983460420109,5.0
5,0,717,710,21,f49119cee8d517ebd593941029829ef34f05c5ac028148f22e83a51a43ed5b59,0.31928380599717887,15.358719430660942,76.09892350550703,8.72346969419319,19.15887890410423,3.800159473443289,3.800159473443289,0.43562476934755434,5.0
5,0,719,710,21,329b79355ab5075c47849627e9381c140173e661b3464992b398107b0bef47e6,0.23779198641085764,16.74821209771846,78.31963841319381,8.849838326952296,19.442246310949326,2.6940342132308643,2.6940342132308643,0.30441620668099084,5.0
5,0,721,710,21,bd419f7b5d9cb2f4257d482a0ec8abcf8e6a29ad479f7b9ecb6c750bdf9988d1,0.08231761540669658,24.328646384762415,109.19266690771325,10.449529506523882,27.661460906982423,3.3328145222200085,3.3328145222200085,0.31894397926138734,5.0
5,0,723,710,21,13b4e0d019f715100b6bf75a1afecdaa8b04c861d41f9216bc009133420304c3,0.08171699556553214,17.05315045308856,53.80270494268098,7.335032715856213,5.500437586069107,-11.552712867019451,11.552712867019451,-1.575004954244558,5.0
5,0,725,710,21,314e4fac7f5e49f5b7716ecd590d1ba714e37f8b1aff37d7bf378a30ecb2c5ed,0.07780167862029835,32.28390678986185,184.79179305893987,13.593814514658492,34.97241496181488,2.688508171953025,2.688508171953025,0.19777437518026678,5.0
5,0,727,726,22,6c9b4303fde9533177160eaa1f602ac7993ac488840ca766772d46f316d3b94d,0.18310148722833886,32.00256937510505,238.23979921572328,15.43501860108122,39.50898109436035,7.506411719255304,7.506411719255304,0.4863234644064168,5.0
5,0,729,726,22,a6511311f8a31d34d8cb25bc6eff3bc03be2613edf4d937fe1c5ab8e4998daf9,0.16474112242259265,32.37365026614568,234.7815623287229,15.322583409096618,33.93964358043671,1.5659933142910276,1.5659933142910276,0.10220165049722217,5.0
5,0,731,726,22,95483bf8ba657967e0e6cb6c8fb23e153ac5678e7e216665ff0c38ba54bce74a,0.1281705196498314,17.904192503070533,69.8672579947342,8.358663648857645,14.107740682959557,-3.796451820110976,3.796451820110976,-0.4541936342455682,5.0
5,0,733,726,22,ff4d77f6ecc55bd64a4d584e2eeeb4021b31dbfe5efb3360c7dfbb7abbbac750,0.09785153026230647,19.281505993456932,73.50740106294406,8.573645727632094,20.598635182619095,1.3171291891621628,1.3171291891621628,0.15362533407663126,5.0
5,0,735,726,22,764448d49599636a50ebb51864948107084165933e626bf511d3bcc011dcc80a,0.09666738321296847,16.664062039416734,54.67626820355375,7.394340281834056,21.93063594341278,5.266573903996047,5.266573903996047,0.7122439194385779,5.0
5,0,737,726,22,34c486eec80ba6814f51e8211517271aaa6d9b59050aff13978b5d07669ad6b5,0.07391344851828086,26.352915109423552,123.77728959264154,11.125524239002921,31.125753942489624,4.772838833066071,4.772838833066071,0.42899900539822267,5.0
5,0,739,726,22,2b1a159d573c98447d9121326d173c854bd8792212f19554f860389b54214789,0.06684372858955595,30.524589233736833,159.483971446919,12.62869634787847,35.54784657382965,5.023257340092819,5.023257340092819,0.3977653117723976,5.0
5,0,741,726,22,fa3a395990263e84ace4ac7962d362c5c6806996195a2dfee277c9bb139959b9,0.0625029253113713,30.906964091043427,160.30675518977483,12.66123039794217,24.95487776374817,-5.952086327295259,5.952086327295259,-0.470103310675292,5.0
5,0,743,742,23,8cc854b3843e126f22a3f8617824698c8a113ebc016650356c4b97d2e5e6dc0f,0.5529876743188595,13.994529841788845,87.16711756051029,9.336333196737908,22.80606463599205,8.811534794203206,8.811534794203206,0.9437896665129663,5.0
5,0,745,742,23,e0fd309ec7f51a88bad327ec6c1ce7835e342d337184bccd495456cdfa205b65,0.10659949504006955,16.74037218372044,57.54073723893956,7.585561102445854,26.409735189437868,9.669363005717429,9.669363005717429,1.2747063631983246,5.0
5,0,747,742,23,82d0f3665425c614593109374f7dfcbfeedf1a90b3bcd0ee62639c0d67e90971,0.10246734299998983,18.1754970079211,66.84792356497724,8.17605794775069,23.134671310424803,4.959174302503705,4.959174302503705,0.6065483310166631,5.0
5,0,749,742,23,5a492501146f195731bd31dc29c3c0465a37d4e1385c180715529f009923fb5b,0.08508642627518248,17.116236089234523,55.60712550154662,7.4570185397078514,15.557347880125047,-1.558888209109476,1.558888209109476,-0.20904979661892453,5.0
5,0,751,742,23,421a07aef0c465f409b7880091ff418793e6047425459e02f79d07e9cc8f1de5,0.07522746168551075,27.749510469820247,137.98512122222823,11.746706824562713,18.721314133644103,-9.028196336176144,9.028196336176144,-0.7685725430124737,5.0
5,0,753,742,23,631112fe6113f1869c902fd668e81484d69a685e0ef4135e8a44c729267b343c,0.05493344709617154,32.24099540425237,168.42422399935617,12.977835875035412,37.95773962211609,5.71674421786372,5.71674421786372,0.4405005790573015,5.0
5,0,755,742,23,7509cc749c148dcc3451f534bd0013b6ffe42a846037787468022386a5c32cb4,0.05048877291101794,31.191618352662964,154.56329513648691,12.432348737727997,39.60859218215943,8.416973829496463,8.416973829496463,0.6770220178873987,5.0
5,0,757,742,23,93e8fad757a0723638a312a679dcfa78f92fc5e8be21a187b434aad036308a47,0.048911303616872515,69.4515963175884,692.2441234062212,26.310532556491918,82.30682770347595,12.85523138588755,12.85523138588755,0.4885963960739222,5.0
5,0,759,758,24,403cf129ef7fdc7d7e1779063cc946df04733f53617e4e194e5c09b8072b703a,0.4074589426191604,14.400564118641835,77.56464842690788,8.807079449335511,13.460547265172005,-0.9400168534698299,0.9400168534698299,-0.10673423112366195,5.0
5,0,761,758,24,190bfcde035083386992cefbb11cb26142479d17f21f44d6391da1ebb1a762dd,0.13314863184695902,24.989448441559215,135.58196730886996,11.643966991917745,26.198570654153823,1.2091222125946075,1.2091222125946075,0.10384108898916303,5.0
5,0,763,758,24,42e8e2cb5ea3aacc80b00e4c4faac43bb841586906e7f2fb05602d3c1b6077a0,0.1306017494464783,16.16429605717057,57.99584894401219,7.615500570810312,19.539097115278246,3.374801058107675,3.374801058107675,0.44314894690482387,5.0
5,0,765,758,24,2d02a0351d55f9c734041c3dddbddb08f2211a09aeb43816c26130970a87b779,0.12001963837852703,25.27408153662886,133.77461628445994,11.566097712040131,30.652299283981325,5.3782177473524655,5.3782177473524655,0.4649984706383574,5.0
5,0,767,758,24,8542d07b446efa07ce986d0c6477f698e3fd8098c94f0f3bb4aed3d482f16dd4,0.10822245714179612,16.664958154212176,57.479655045349716,7.581533818782959,5.248043330073356,-11.41691482413882,11.41691482413882,-1.505884573891084,5.0
5,0,769,758,24,c792540a8982ad367003e0c61893e421cd30119ddd08246b2fad66a6643117b4,0.10638960503475359,26.058487115743183,136.30340554634,11.67490494806446,27.28530008459091,1.226812968847728,1.226812968847728,0.10508119546199106,5.0
5,0,771,758,24,443225f95f0357f88c3fdbcec64279d7e84d517878318b8f69551da72df8c40d,0.09922865790978208,17.43318140188018,60.98400202110693,7.809225443096577,24.283103934645652,6.849922532765472,6.849922532765472,0.8771577389689605,5.0
5,0,773,758,24,f7e3150bbbad7b9b2689615efc53ce0680ed13d3aa2011cf51f52c35edd42450,0.07714522200082774,16.930736163293332,52.76195764447197,7.2637426747147344,5.746871233820915,-11.183864929472417,11.183864929472417,-1.539683525464596,5.0
5,0,775,774,25,d6bec1adda2bdf66c92ba7c83e72af0cefdf292103ede7893cd000bd51987890,0.09886306953832957,17.33234024867951,60.114494972302744,7.7533537886712445,27.088644085407257,9.756303836727746,9.756303836727746,1.2583333745176308,5.0
5,0,777,774,25,d0d84e73501a2ccbb50ced29998ceb686a265dbd7bd26e276edd8b8ab823c422,0.08936635831536521,19.429757092958802,72.88125805586357,8.537052070584059,27.595698286056518,8.165941193097716,8.165941193097716,0.9565293880817394,5.0
5,0,779,774,25,53857d179e3235aed6b77608f51ed2616f5d1b9b25467730c3b6ab3ebad35b6c,0.082569998661505,16.976758121181845,54.193925006355286,7.3616523285438635,23.16876834177971,6.192010220597865,6.192010220597865,0.8411169047727423,5.0
5,0,781,774,25,a26a54622bf72075fad40fa8cd6f7ee145e076b9f15cd81140b73d5923580e28,0.058424775984966704,32.891181234406716,177.9686036131287,13.340487382893052,45.63949788284302,12.748316648436301,12.748316648436301,0.9556110119922522,5.0
5,0,783,774,25,72c243ea5e2a877893230db790527f649b2e1a28f4f431dd09f322f2d2531208,0.03702852502913179,27.42413494368184,111.11264884449307,10.540998474741047,29.796927163124085,2.372792219442246,2.372792219442246,0.22510127718242906,5.0
5,0,785,774,25,91e8653d2eb9caf0c52c979852f906ce577d665720d5323ca859c38abe957ace,0.02982276387597363,18.528784396500257,47.72672576532702,6.908453210764839,26.180022665023802,7.651238268523546,7.651238268523546,1.1075182873933762,5.0
5,0,787,774,25,f161c77f1e2c437dfc240b17c40f1190fb4e240809eac134357dfa278cc45fad,0.028758121474626475,28.41184049188022,111.82828233356175,10.574889235049309,38.613812222480774,10.201971730600555,10.201971730600555,0.9647355640177525,5.0
5,0,789,774,25,e0785d77bd37806116c9ba564bc05aa9b893cd15ff71397a4fc0e0da024e599e,0.0273541009401857,18.44369037381191,46.19945140872275,6.7970178320144745,25.480446895599364,7.036756521787453,7.036756521787453,1.0352711579839897,5.0
5,0,791,790,26,e69c5f3dd76dd53c4f4455487d81fb956c2901206e9c832c11b9e7685e8f54ed,0.5708116149109548,11.561089864445462,62.665678003813774,7.91616561245492,22.293448312044145,10.732358447598683,10.732358447598683,1.3557521372105832,5.0
5,0,793,790,26,5e4b589ff99def9b5b37bd4189574cdaf9075df62e9603d65b4a7ec79b7af5d3,0.11446339303414732,20.28855257427652,86.10059371232383,9.279040559902938,25.651794944405555,5.363242370129036,5.363242370129036,0.5779953579796765,5.0
5,0,795,790,26,1a6b9d4c961f0e3841accc7c1941e3a1c20eb55c5cb37af54263cb4c8ce189d8,0.06197555786246778,44.204847306723124,315.5927185657732,17.76492945569369,74.11004289054871,29.905195583825588,29.905195583825588,1.6833838636066705,5.0
5,0,797,790,26,375f1ef0ae406afae377a094eedfbcc4044ee3daf6fe40afce5ebbf8ad7497aa,0.054276284587913615,46.6361743567357,337.46752416084286,18.37028916922221,77.18964047813415,30.55346612139845,30.55346612139845,1.6632000639700366,5.0
5,0,799,790,26,7ff3ab3ddd41fa5dc07f5bddb81e4977b5aff8e6ae0fa47f6f2a078282e9cc22,0.03694057311378299,19.182915645223336,54.211683829021666,7.362858400717867,27.244370948314668,8.061455303091332,8.061455303091332,1.0948812084047892,5.0
5,0,801,790,26,ed2f770d718274a0d84f3c9cafd7231f2f5dfbdaa00d264938577016a4ce38b3,0.036517880512938944,18.376719319570547,49.47242595614262,7.03366376479162,23.102303604602813,4.725584285032266,4.725584285032266,0.6718524574187215,5.0
5,0,803,790,26,562ac6ecbb743076fdbe711f7758ad267f309828b5d7e46af5166cfea3ab5fd9,0.035328105229169765,29.476815201965042,126.25735451068248,11.236429793786035,43.79112068748474,14.3143054855197,14.3143054855197,1.2739193630200751,5.0
5,0,805,790,26,97a0fec9e8d40b3737eddbe6356d30381b308676830fc5c41a491a9997a3fac2,0.03532054917064442,17.403547897262854,43.782544024560394,6.6168379173560234,17.730891939878465,0.3273440426156107,0.3273440426156107,0.049471370872933795,5.0
5,0,807,806,27,c70bd453f5ee143d22a37e08fdb1b31864ed5b008227f757723e75f7cd0e3218,0.5329031515298108,13.698965651241995,82.04063096827316,9.057628330212781,4.853398521542549,-8.845567129699447,8.845567129699447,-0.9765875577157456,5.0
5,0,809,806,27,50e27e702b7e552bc341e1ef2037c69b97114220f7e86617fe2904715ad8ea8e,0.11406330610484416,18.886301499074076,74.8554357447735,8.651903590815925,26.75176873111725,7.865467232043173,7.865467232043173,0.9091025055332839,5.0
5,0,811,806,27,92a932f28c6dbb5074079fb1c341b374bb338743f998cf0025f3f881fdd13586,0.10754547264631165,26.707979786051215,143.08451765945068,11.961794081969924,16.660668063282966,-10.04731172276825,10.04731172276825,-0.8399502327090396,5.0
5,0,813,806,27,d7a6d389baca1b9bdcd34faa73039d3720def331664e38f80e1fdf846fac2bd6,0.07876968606763429,24.455593265904255,109.66837820371501,10.47226709952124,17.67001948094368,-6.785573784960576,6.785573784960576,-0.6479565236901561,5.0
5,0,815,806,27,0d8862912dffc78fff897b0a59d7196fc3dda3d132264b72fb46cb6dcff1b2c0,0.07433714399492769,16.627916576917304,50.09764972232753,7.077969321940265,23.12618256187439,6.4982659849570865,6.4982659849570865,0.9180975064152629,5.0
5,0,817,806,27,676d72f26dcb4ec910fc7ddf042c63af358d4aeb8db68a63494cfe004085b82a,0.07057344885825945,16.356949253217657,47.615061843934285,6.900366790536158,23.288742398262023,6.931793145044367,6.931793145044367,1.004554302033815,5.0
5,0,819,806,27,45b8dfaf0facfa34673f91ab6667dd1300860546256ad7abe0e75fcd93f93213,0.048709405050422594,20.798028569970157,69.13287069848056,8.314617892511992,29.1494770860672,8.351448516097044,8.351448516097044,1.0044296231121121,5.0
5,0,821,806,27,70dca129819ad1272def8d7375e7fb9e28d3e07439c11c77709166622893d3e3,0.035623116393517035,16.874676056876776,41.2085096796432,6.419385459656025,7.584511174321174,-9.290164882555601,9.290164882555601,-1.4472047115633717,5.0
5,0,824,823,28,3652879de2269e11c4c99c5542084be95baa6ed915f795306b7a638d3ee5e84a,0.16177486593040324,14.917444224898011,54.042386260729174,7.351352682379561,15.314198836088181,0.3967546111901701,0.3967546111901701,0.05397028660332815,5.0
5,0,826,823,28,a286d47c77339210b328e5b9057af59dcf705e4fddff52dc970f98e5ca2dc640,0.08000434891723485,15.770587330624924,46.41313566252971,6.812718668969805,24.279831981062888,8.509244650437964,8.509244650437964,1.2490233435288325,5.0
5,0,828,823,28,5ea61bf6f091de4c136c81d75ea061ec79071f6e2dc7207854197d7daebe0e15,0.0791796917048665,16.822830701250453,52.74312582110392,7.262446269756762,15.553542029857635,-1.2692886713928182,1.2692886713928182,-0.1747742598356366,5.0
5,0,830,823,28,f1a61fd8a3b891f51055d284aab2939b37a372471efcc774fae170b3d6d3227e,0.07091405255065802,19.998094711615042,71.94186178065196,8.481854854962561,26.775347149848937,6.777252438233894,6.777252438233894,0.7990295229195842,5.0
5,0,832,823,28,30927df4103fceb4f71d8598bd2d35ab37a54b92344c66492cae975e511d232d,0.06857850385657,19.772590907769985,69.60752330246696,8.343112327091548,26.975480282783508,7.202889375013523,7.202889375013523,0.8633336209108056,5.0
5,0,834,823,28,3b1f2f5bbf808b789275e0f83b5fcf0d2d74de022d3843a6bc65f4fdda895918,0.06852367169145918,15.896644075121724,44.78258663306674,6.691979276198242,15.870290100336074,-0.026353974785649825,0.026353974785649825,-0.003938143514488242,5.0
5,0,836,823,28,9ab845bc31c0699615763a8d46587f69fb4908d7edb53d57df8b5498a5e758f2,0.042969366786185015,19.278255846321514,57.54796123427105,7.586037255001523,28.808597537994384,9.53034169167287,9.53034169167287,1.2563004070919181,5.0
5,0,838,823,28,8ca197066a7a9ab21326bc078658284cac73e544c5928935fe034fe7440ae27a,0.041989460525828914,44.998119220103234,297.3043611289559,17.242516090436336,40.6418061504364,-4.356313069666832,4.356313069666832,-0.2526495000392134,5.0
5,0,840,839,29,a9339166603f05010c8b5bb33ba0dbd4183a28ad9b0091a539c938e970740e7c,0.8229875035687961,12.407051086767565,91.52262126442297,9.566745594214522,4.12268853199482,-8.284362554772745,8.284362554772745,-0.8659540983072345,5.0
5,0,842,839,29,05a33ebfa178b091d571432c4a6f92bbb95a7a5f54fdc303bd8574619741d3d9,0.2268972827950917,17.507370003160837,84.80747355448136,9.209097325714469,15.52302577662468,-1.984344226536157,1.984344226536157,-0.21547651809426455,5.0
5,0,844,839,29,c0dabc1e0df3d91a7bca221f3edd5da144f882c3bd804a61e68ff25d4110a644,0.07596937260631703,18.835284194965148,65.16853580234894,8.072703128590135,24.04486069393158,5.209576498966431,5.209576498966431,0.6453323522472035,5.0
5,0,846,839,29,f6a4aca5e065dd2bc96b0580ae4cbf78162f199b3262a5db9efe89812d55ea59,0.045952983145757575,17.89126907874553,50.3015072551092,7.092355550528273,6.424778052389621,-11.466491026355909,11.466491026355909,-1.6167394520289988,5.0
5,0,848,839,29,cbddf719f316973db5d53fa27fc96bfadad66e7514f286b96f3c0e4db2073184,0.04399434004825353,16.64922259067846,42.8069255531141,6.542700172949552,10.375664566278457,-6.2735580244000015,6.2735580244000015,-0.9588637502200842,5.0
5,0,850,839,29,fe57fa81ed99a86323d6c1731839b483b07a7fa3fcc4cbfcd2e5c376a8cb9cef,0.0376043852566616,18.013754087485864,48.148691577429666,6.938925823024027,16.415288376808167,-1.5984657106776972,1.5984657106776972,-0.23036212685453897,5.0
5,0,852,839,29,9ab95d1c5f8983929d5568a17888401e70033d1639bc1dc98d68fa44e46a3209,0.035516747697600715,52.10053563693908,376.83149899929407,19.412148232467576,75.45169074630738,23.3511551093683,23.3511551093683,1.2029145270131711,5.0
5,0,854,839,29,125e3f099d9a9077eb458fe701f596aa7083b1973a408421c0f49a4c1df297d0,0.034679744256310985,17.159033684660653,42.55353876201512,6.5233073484249635,13.529115974903107,-3.629917709757546,3.629917709757546,-0.556453577284532,5.0
5,0,856,855,30,eda34359eb1e927d95f49e5b433a0b1f5ea8e783604412379207e9e99e253c38,0.12231072794715281,17.199966164148417,64.82203067249131,8.051212993859453,12.03457264995575,-5.165393514192667,5.165393514192667,-0.6415671176668957,5.0
5,0,858,855,30,19f35c3f38d28023d12bf94cbd79922bb1dfb129da74eb5478d52dda33e6ba3b,0.04112737464599697,27.9803899552178,119.76201265167259,10.943583172419928,14.22770202088356,-13.752687934334238,13.752687934334238,-1.2566896708012263,5.0
5,0,860,855,30,0fb65d82079861432323523da1f81d663f0c3c80955d28c7f2567b6dd7c41c12,0.02948934883568949,32.20770712319025,144.8456423746716,12.035183520606223,33.073344118595124,0.865636995404877,0.865636995404877,0.07192553349292626,5.0
5,0,862,855,30,ca410cb223dcd87eb3d236bc444b46630b66e94bfc7890ca3afa50a121813ee0,0.024761181093061913,29.90226257675778,120.28550023357404,10.967474651603897,29.893850532531737,-0.008412044226044912,0.008412044226044912,-0.000766999194733924,5.0
5,0,864,855,30,5fb4ccf800de351f2f240387635376d25be8c9da3ac88cb920bee712a365e57a,0.019839038497019373,17.194482184211726,37.26246953531978,6.104299266526812,6.399014152765274,-10.79546803144645,10.79546803144645,-1.768502421013967,5.0
5,0,866,855,30,b006280d2528499661d02379de15a9b4ffea84ed0c42a1994933b40e86b7614b,0.01297840146941237,32.621552528318865,123.79125888500084,11.12615202507142,34.41524250888825,1.7936899805693827,1.7936899805693827,0.16121386590148348,5.0
5,0,868,855,30,075e35733ba929bd7628c0aaeea611f2725e6da2deeed49e56a0d4c67ace7fc8,0.011262256520635325,28.50520571929815,92.00755061529247,9.592056641580703,28.619067059516908,0.11386134021875804,0.11386134021875804,0.011870378217449152,5.0
5,0,870,855,30,39c851bbfa5a1563ad2f392d52933ce2ac18903d5a77bf80f212813d63f84a78,0.011059091767553084,34.204741007940925,131.5369424957676,11.468955597427675,45.40830947113037,11.203568463189448,11.203568463189448,0.9768603922141132,5.0
5,0,872,871,31,6a96388cd031676c2a7afc3237153086df1278f6629ac3b88dc44964ef2ecee3,0.0244869542623945,19.83491717816802,53.01676258400217,7.28126105726214,26.49556632423401,6.660649146065989,6.660649146065989,0.9147658755378413,5.0
5,0,874,871,31,0a9b4b5cc4caec3b742fa89cb162a03bab8a16fb446761ba56ec635e78d3eda2,0.022397160205648914,47.611292579390174,288.6974102233876,16.99109796991906,58.85911669158936,11.247824112199183,11.247824112199183,0.6619833592927463,5.0
5,0,876,871,31,f73a8b8cce34976cf2cdecdec998ca0ef666c837da51e086736e0ac37e03c2a5,0.02215493861486098,26.58586719734847,93.18667265168057,9.653324435223368,22.62497510623932,-3.9608920911091516,3.9608920911091516,-0.41031378544126396,5.0
5,0,878,871,31,b2dbc74e732351bc72dc8074c4fd084ea9db60400e7e50305d0f8c382a36f2ab,0.018818125253102613,51.85048993680282,327.55525781387655,18.09848772173732,51.38490821838379,-0.4655817184190312,0.4655817184190312,-0.025724896222121412,5.0
5,0,880,871,31,6f37d1310151a8d0fb40141c187f83d3c16438367753695987141673c61e2fdb,0.017550759447750308,23.924006465755046,71.5175707435312,8.45680617866646,28.6572897605896,4.733283294834553,4.733283294834553,0.5597010496438902,5.0
5,0,882,871,31,7a17a38e4575f6d9bac6aac2a87a04952e67082d569b4148a446a5ac4507732f,0.01742046149827317,24.927012047840446,77.53101955345484,8.805170046822198,25.743773647785186,0.8167615999447406,0.8167615999447406,0.0927593215805652,5.0
5,0,884,871,31,232467f696a7c7aab769f61bf336da1e2b306132c1a90e5f06e7f0d4eeb56a0d,0.017253143674398952,50.53398507358173,306.47373563285885,17.506391279554414,61.192013253211975,10.658028179630243,10.658028179630243,0.6088078353462644,5.0
5,0,886,871,31,06d17f3d4b8df612ecaf0e90d472b0b00ffd06c4de25de43dff07ef5f5c8c121,0.015603439710595496,18.6300002039107,41.708273404460115,6.458194283579592,29.666332448005676,11.036332244094975,11.036332244094975,1.7088882370968024,5.0
5,0,888,887,32,33abb32f575b8d8f035de373e46dc51388c1c9eef03537fbe713c5abdb43b4f4,0.2931985751279558,20.340491063938178,126.03500088206971,11.226531115267516,24.2099812438488,3.869490179910624,3.869490179910624,0.344673714452037,5.0
5,0,890,887,32,9b258c776c74e27b6f59750b396a132d26a70f6db6c2c11aa94ed1be95d04f8a,0.206578679827378,16.855540970591978,76.35297396404735,8.73801888096194,26.655979961395264,9.800438990803286,9.800438990803286,1.12158592517534,5.0
5,0,892,887,32,b1de2bdea91b256e7cbf743bc164fbd35026ce7997070f492b53f59de486a19d,0.13388627968874423,18.271858624507466,75.16845449406955,8.6699743075784,27.47456027030945,9.202701645801984,9.202701645801984,1.06144508845406,5.0
5,0,894,887,32,5375f1fcad63f30c158d3adcb98e4584aee3271a92cbdc444f1da569841c79bc,0.13022694551779712,19.805290864260563,86.96468684205831,9.325485876996346,27.874815432548523,8.06952456828796,8.06952456828796,0.8653194776900011,5.0
5,0,896,887,32,61fb0de8edb77caf590f9d414f88c1c07ce2373dbbe1d4b70b23a0075e3f2ad2,0.07187713163217868,16.651859380380564,50.31667210785251,7.093424568419158,26.11442685842514,9.462567478044576,9.462567478044576,1.3339914151160708,5.0
5,0,898,887,32,32b7de0cab8f71df620571d921a2b2ed0acb1fce864f0d0ee962bc8e9884cd3a,0.04596271297457,16.446927901553583,42.62335519024993,6.52865646134409,25.864362802743912,9.41743490119033,9.41743490119033,1.442476711242287,5.0
5,0,900,887,32,1db9e0572715607d90c920a460414f2c05c79638ab7f8cb58f7db258ecd8f824,0.030428719216982675,16.78032574685193,39.47528605224899,6.282936101238734,25.610224942922592,8.829899196070663,8.829899196070663,1.4053778446560634,5.0
5,0,902,887,32,a01c7c7e7b2de71f925d777576e7bb5f3842f57864794c83b94ac3d9ece06048,0.029768796184023255,17.259506404454594,41.613922254775396,6.45088538533862,2.682820152819157,-14.576686251635437,14.576686251635437,-2.25964117805672,5.0
5,0,919,918,33,309c86723673e1adc51501b97ab51d71df58269925ee4b207a76fee58539b71b,0.5687889011820875,17.392514168257012,131.39156649777934,11.46261604075524,25.837390239715575,8.444876071458562,8.444876071458562,0.7367320026626446,5.0
5,0,921,918,33,4b99a553c1ff1b9f5810ef1e50ca2e48cfc211b738d9803b56dd94fff1452e9e,0.24633003405359377,17.662027268939674,89.75004004208766,9.47364977408853,18.653820133566857,0.9917928646271825,0.9917928646271825,0.10468962736408566,5.0
5,0,923,918,33,760d0e593522c3747c2573c7a39d2ffecf45846333a6e10b4e1423b7ca4b4e84,0.14868332760053005,12.934248612887489,39.29483584835293,6.268559312023212,13.244545247077943,0.31029663419045406,0.31029663419045406,0.049500470322630497,5.0
5,0,925,918,33,369b24672adea34fa45d3024e556d5f10054708a11ee780e1bf241657fba5e79,0.12509904916116876,14.337118539615314,45.18128494333869,6.721702533089268,14.259096480846406,-0.07802205876890866,0.07802205876890866,-0.011607484619384077,5.0
5,0,927,918,33,81aa6c6acc8a702ccaa4f97fe6e3b05400919b458d69fd7e43f2b313fb71af8c,0.09985286239097674,13.361035198109317,35.84161974688825,5.98678709717393,4.35377967441082,-9.007255523698497,9.007255523698497,-1.5045224387468836,5.0
5,0,929,918,33,2745eab05e37d306f495e1042c66ead69abc633e02403916ec00d617c409dfd0,0.07601062482981913,15.008784181321527,41.34402897023791,6.42993226793548,7.079823723316193,-7.928960458005334,7.928960458005334,-1.2331328119185867,5.0
5,0,931,918,33,10a89c0cda52c0261724edaa89cb5bb1d78acd0baa3376185d3eca0039f7b5e2,0.04387224292184763,14.837619505518498,33.78684436443614,5.812645212331142,12.615979586243629,-2.2216399192748693,2.2216399192748693,-0.3822080719053362,5.0
5,0,933,918,33,648888429af88437b250b2d263309ba0594c026c4dbac54c92a250bc89463d4c,0.016508114362623796,15.532444071501882,28.458957655743898,5.334693773380427,23.860413861632345,8.327969790130464,8.327969790130464,1.561096127332777,5.0
5,0,935,934,34,dff46fbc9ff6850fad646f2ae417bee8ff235f20981a747cb3a232195a1ec943,0.16352387676796165,12.4125009792102,37.25561963930395,6.103738169294613,2.9534235400557516,-9.459077439154449,9.459077439154449,-1.5497187423174805,5.0
5,0,937,934,34,433943639fffa19a6dceba0ef78d5863aefc9dcd2dcf986950bf71842e0e833f,0.16003031640260734,12.700018311903845,38.68805355432818,6.219972150607122,6.7790284097194675,-5.9209899021843775,5.9209899021843775,-0.9519318991816449,5.0
5,0,939,934,34,0be032ac1c99a296a7479ed1b6af14017466516b320bcc673b19a8b686c5e7b3,0.14181717678735717,21.58201688724988,104.93904425598923,10.243975998409466,26.52372979950905,4.94171291225917,4.94171291225917,0.4824018440717205,5.0
5,0,941,934,34,0e2460a3802feb15ac8f8dd68de73c76d2b016e2aee8a1944a933a99265f10bd,0.05670830034161445,14.48296068964226,34.506018274347944,5.874182349429403,14.675296307325363,0.1923356176831028,0.1923356176831028,0.0327425344059647,5.0
5,0,943,934,34,043bebb94a40b123be1faa4b5ef058a63e684c30394f1e7b0d9acd2143c9a825,0.04640734300629579,24.777921224928154,96.74072816485706,9.835686461292728,21.05753560781479,-3.720385617113365,3.720385617113365,-0.3782537834806485,5.0
5,0,945,934,34,7974dc72e33227965f733a91226a4b54b0bf564bd2f6a78d36d06c623c853bc1,0.04014221907953433,14.466448686512058,30.890297324768575,5.557904040622559,5.095224920272827,-9.37122376623923,9.37122376623923,-1.6861075142257276,5.0
5,0,947,934,34,b4974288d851c4a2b9feb5107461bdcff5cfc41f5c611bcc4ee68bc50d926581,0.03314510921475486,14.151624580455232,27.82852855274431,5.275275211090348,3.1287641659379006,-11.022860414517332,11.022860414517332,-2.0895327681376106,5.0
5,0,949,934,34,b7827ea20196cbc7fb83953ceec36fb7cd4d2ccbe2513f20c92fc731447e1481,0.015303311101769329,14.577317114152706,24.10153217962911,4.90933113363003,19.337912975788118,4.760595861635412,4.760595861635412,0.9697035567685083,5.0
5,0,951,950,35,4cfbf7e776361e9ce16ba430051d470da459af65fb222cc407c4ad8cae692d17,0.09575362257487524,13.290221898937714,34.60496936177435,5.882598861198539,18.21638258266449,4.926160683726776,4.926160683726776,0.8374123070365374,5.0
5,0,953,950,35,b3079b7405d4b3c55546cd68ef2a2995e65a6c9893c9cb02a3312fe7f5159112,0.08778977671080462,13.54636265989747,34.8798409338896,5.905915757432508,12.63548556113243,-0.9108770987650399,0.9108770987650399,-0.15423130572404703,5.0
5,0,955,950,35,d52ad1f83b5701128c6ba69123a7e731f3e684af20c430b8df2e18b020b29c94,0.021535463888644468,28.11080731188134,102.38818281196075,10.118704601477441,24.536036279678346,-3.574771032202996,3.574771032202996,-0.3532834659172717,5.0
5,0,957,950,35,574778ecb3e2ebc0a57121ee167628999ae52d37f1012708bbfa2517659c864a,0.017968386571638628,27.82990640729695,96.30656044227506,9.813590598872313,20.31454885005951,-7.51535755723744,7.51535755723744,-0.7658111963730212,5.0
5,0,959,950,35,c3e78bf99e7588b6436b5b9a6177b0e306e9720d8f463c52a978c19929d6313e,0.01388300080327029,14.221305430406275,22.296447835668864,4.7219114599565355,6.013459729552269,-8.207845700854005,8.207845700854005,-1.738246422123628,5.0
5,0,961,950,35,179ea85f256361c43b98b221f5600b813c6a0442486df5c3917efa3243078602,0.01046342455769897,13.699457343158464,19.149129232641897,4.375971804370076,17.78743483567238,4.0879774925139145,4.0879774925139145,0.9341873474667832,5.0
5,0,963,950,35,43bc97fc90e536b24d12897a7a30e09c12447fdecefb49541fd5914ed85ccff0,0.009434781218635696,31.98044106449392,110.88560214340374,10.530223271298844,38.64189441204071,6.661453347546793,6.661453347546793,0.6326032388793917,5.0
5,0,965,950,35,fa59fa1c6a5818fb4478d108355ad25615040ae080efa8e8e66d04bf7397ec78,0.009327195798111962,14.236463271537339,20.328610687551315,4.508726060380173,12.743573056221008,-1.492890215316331,1.492890215316331,-0.33111131510847464,5.0
5,0,967,966,36,b313ebc0e8f28b6892c75514459825259c008da55757351309b80fbdaa212850,0.18393316338532506,13.2394932262278,45.714296839934114,6.761234860580878,24.701507593393327,11.462014367165526,11.462014367165526,1.6952545804895751,5.0
5,0,969,966,36,a7c450086a8c1243e6d3ca2c9fe3f61eb728d69a434af9e6a5d016c36aa5b681,0.09557432200848581,14.697873100217967,43.423600290486654,6.589658586792388,23.81339704847336,9.115523948255392,9.115523948255392,1.3833074700600696,5.0
5,0,971,966,36,d24995e239aeca78029952d104d2292b8c2f16fdf6555652cedc825409bec05b,0.07014867902842697,13.011967537633025,30.198072697555872,5.495277308521916,18.38601763355732,5.374050095924295,5.374050095924295,0.977939746114427,5.0
5,0,973,966,36,7552bfd7de60dbad38a9ca9b4d1e9c23052ca863a38f0b109a65537f8bc740d3,0.04299898471988711,23.692627534908198,87.75350744504065,9.367684209293172,21.48694828784466,-2.2056792470635393,2.2056792470635393,-0.2354561914966566,5.0
5,0,975,966,36,f4f7bd952cb9ae23c34eaba1ee9a7727a40c12f1e5a7670814a20be7d003794b,0.02575362338630882,13.53255052400059,24.011193942698956,4.900121829373118,25.295283169746398,11.762732645745809,11.762732645745809,2.4004979988937616,5.0
5,0,977,966,36,0d8d3ea4da5e42e8497b628a992ecf9954c38e55988e752b14659787cc6cf616,0.023737006592208065,13.232476334337765,22.345425740059067,4.727094852026884,4.4726662852764125,-8.759810049061352,8.759810049061352,-1.8531064688294376,5.0
5,0,979,966,36,7d09a0769b75dc652a05912c9a9ca9b6f8e9a4422bb5186e2c67ef5b608ec65c,0.021650494534384862,65.48762361200109,524.133856561535,22.89396987334296,77.67102153968811,12.183397927687025,12.183397927687025,0.5321662426870318,5.0
5,0,981,966,36,1a39de5ea3a668facc267850cea344f02e59cab20590e363c976be5d65170ee9,0.01064622325518394,13.48445080171028,18.968117691538502,4.355240256465595,19.910958265542984,6.426507463832705,6.426507463832705,1.4755804698241846,5.0
5,0,983,982,37,5ba1563fa28e2607ebb156bfec16540938b1fcc7ca685142e3f7840b7a0dd0ea,0.0608538250000516,13.972637113000523,33.831814835091166,5.816512256936382,22.796438578248026,8.823801465247502,8.823801465247502,1.5170261963644673,5.0
5,0,985,982,37,e3751166b77ac23f4672099df8253d6d6bb193a184d09dc46c1ec8f8fd41db56,0.0339491330564278,20.18804258300018,60.32202480765877,7.7667254881100805,25.415620131492616,5.227577548492437,5.227577548492437,0.6730735567383227,5.0
5,0,987,982,37,b8576a451ad4806aa4ca9c317d8749101c0bd50dc8a1622badd1591add86d152,0.029969865653473954,26.49340364765935,100.13132248117122,10.006563969773602,21.32905254173279,-5.16435110592656,5.16435110592656,-0.5160963465107797,5.0
5,0,989,982,37,a8f01bd51bac18fcf1be69392f18ba6c6db84470fd8a23c1042c587c2c75b00e,0.018081572457892617,13.369216608714646,21.521751941962794,4.639154227007634,6.582515511870384,-6.786701096844262,6.786701096844262,-1.4629177571494207,5.0
5,0,991,982,37,9855c18af48867e061a8d09102eba077b310fd654d2a61400f1a8f29a28ad03b,0.014639855855409237,19.86699762748431,47.34413935379464,6.880707765469672,28.07150382900238,8.204506201518072,8.204506201518072,1.1923927713790994,5.0
5,0,993,982,37,d15530577b0f6eb6ca242481c8d9d24a6e955149112b4fb0cb0f9f406caeae96,0.013562380799548301,13.945176665974254,21.948051697035922,4.684874779226861,16.11634317803383,2.1711665120595764,2.1711665120595764,0.4634417384402068,5.0
5,0,995,982,37,46ead47fad723686d7f1b82a6613d8fd9888b650d1d79df9863b24dab855829e,0.009903003909973618,14.1255096646581,20.942760649065836,4.576326108251665,4.075459298849106,-10.050050365808994,10.050050365808994,-2.1960957606774456,5.0
5,0,997,982,37,a6ab418f0c1553ffc0aac95f15dfad53278c7955b5b7fb5faa00366d8957d644,0.00929911914735912,23.623417829864394,61.083815942601916,7.815613599878254,23.289733508110047,-0.3336843217543475,0.3336843217543475,-0.042694577654087885,5.0
5,0,999,998,38,1d25d62a5a46dcb6112f868392eb393c10bbb8387a62465045ff7c1351602803,0.157837880224735,12.362770729201541,37.80933398775818,6.148929499332236,3.1016540163755417,-9.261116712825999,9.261116712825999,-1.5061348018109073,5.0
5,0,1001,998,38,e2779780ce25b09cbfd80f005e10cfef117c528fe752d9db9fd2eb387f6f8aac,0.13356570580973404,21.20426826424078,101.40592858692388,10.070051071713781,27.517318186759947,6.313049922519166,6.313049922519166,0.6269133967207153,5.0
5,0,1003,998,38,1fb7ef8564841bb72c3960c1adb3a02da4cc6c2c31fce1331027e64e58df0bbc,0.030395950568822022,14.301676334404533,28.758534425265978,5.3626984275890415,22.217539028167725,7.9158626937631915,7.9158626937631915,1.4760969315445918,5.0
5,0,1005,998,38,d5a9ae8431739bb1849ddef7e4034f63a8ce960e5e97dad50e6392618bd7468e,0.023518907520396093,31.205874421065595,130.18088616823437,11.409683876787927,35.10731764602661,3.901443224961014,3.901443224961014,0.34194139531754975,5.0
5,0,1007,998,38,6e5d03a440ee7137ac48597b7d55a25cc9a8439de524a78fec75d7a91247a1c7,0.02311532614376524,29.1906590778038,113.8435299975568,10.669748356805647,37.01270191001892,7.822042832215118,7.822042832215118,0.7331047153727732,5.0
5,0,1009,998,38,e43f8e7140d679615ec33b7fdffa13f04edd7415bec13a1982460c8402ade628,0.017685827199097864,22.026127389768625,61.138125000942466,7.819087223003876,26.7562664437294,4.730139053960777,4.730139053960777,0.6049477284310928,5.0
5,0,1011,998,38,abc5681fde935adb7151ed8d2d659541494f1c5a49def81916b72a3ca876d82c,0.008795341827880998,29.476729087597086,94.34939202324077,9.713361520258616,29.269763150691986,-0.20696593690509957,0.20696593690509957,-0.021307344164370107,5.0
5,0,1013,998,38,57ecf8c029ec5ca667ca6624b489cca64e582f09ebb699218215ee5c48d2ee74,0.0070448306689062795,31.26977514909494,101.64045143729837,10.08168891789954,39.30870007514954,8.038924926054598,8.038924926054598,0.7973787915417511,5.0
5,0,1015,1014,39,863cffcf501fd8e8975cebdc0f088ab05be7fc1a9fcb861e8ef230c317ee6e4b,0.025911253426689596,24.07102023109153,79.42276366984864,8.911944999260747,31.764642882347108,7.693622651255577,7.693622651255577,0.863293327314494,5.0
5,0,1017,1014,39,a98bd6ff9afb10ecb2ca28958524e46e594d296dbbafbc675b5260d665d3ac14,0.015458714201435436,13.883815106939341,22.170679757441675,4.7085751302747285,9.554836650848388,-4.328978456090953,4.328978456090953,-0.9193818376724876,5.0
5,0,1019,1014,39,c2262bf7426640784b4ab9146bdd0c0c78b25ab0f7594436be6b912d135635c2,0.014808207979716326,14.196042887001077,23.032748357640624,4.799244561140912,12.909058933615684,-1.286983953385393,1.286983953385393,-0.2681638614139392,5.0
5,0,1021,1014,39,87fb361632569b2969a5bef4da6d93193faedf9b59443a8a336cbdc58c94db91,0.012091471219442984,14.130432909361772,21.69462418986106,4.657748832844152,24.095600749492647,9.965167840130874,9.965167840130874,2.139481581716347,5.0
5,0,1023,1014,39,22e4d0ac3e896cb13636e1fbd570d8ab848c4015668135e3286ee4408752c284,0.011116761701639027,14.088684002235691,21.124510392386313,4.596140815117212,14.743400107502938,0.6547161052672461,0.6547161052672461,0.14244909623173704,5.0
5,0,1025,1014,39,d470912a68cedc4afa01c6e99b037e1219fff43f8215ad069c15aad9d77a860c,0.010358595178043897,25.057397271667078,69.92958616715929,8.362391175205767,27.129465928077696,2.072068656410618,2.072068656410618,0.24778422977320627,5.0
5,0,1027,1014,39,75136c849f8a13c6e00f0e47df52c06b37ffa7118c92867c4131d3ebf78b07c0,0.009692097860113436,21.47866476163108,50.33116810513667,7.094446286013918,26.986424018859864,5.507759257228784,5.507759257228784,0.7763480101451823,5.0
5,0,1029,1014,39,29af017ff1473c70f82af1467703459d0601f85a6cd7ca0c380ca92266be6cdb,0.007203817588780179,25.98402087663312,69.92827471960375,8.3623127614078,30.577576792955398,4.593555916322277,4.593555916322277,0.5493164447904421,5.0
5,0,1031,1030,40,2b57b312d28572362e8e64bc01db925ed14a26981264c28426d0f525eb2ab60a,0.12649651926789962,12.460092665295152,33.52665727065341,5.790220830905623,7.809021464824676,-4.651071200470476,4.651071200470476,-0.8032631805068862,5.0
5,0,1033,1030,40,38d04b9ade468f7aac5696955c5a952a56e744fe4dc4631ceeb7b02d1a04f71f,0.1111299680516048,12.688482415849666,33.06263781516377,5.750011983914796,10.764174523353576,-1.9243078924960901,1.9243078924960901,-0.334661544685331,5.0
5,0,1035,1030,40,b65e7f15160a43a64d1be309feb41b5af878c415c892378d1d5ac16d6fd37994,0.0782322857524047,29.52287991733385,157.05583128400767,12.532191798883693,20.86276238822937,-8.660117529104479,8.660117529104479,-0.6910297630360143,5.0
5,0,1037,1030,40,9e2dded43a6ee9fcf8c638891e017bb0e2ab535ee27bb736c00f890b8a787ac3,0.07107974345409657,13.017427044282353,29.548693424839197,5.4358709904521465,22.197011803627014,9.17958475934466,9.17958475934466,1.6887054117855578,5.0
5,0,1039,1030,40,17189af18b6485e1fa9fd6e845780787befb634d1a7d43718d2a15a2a28edc4b,0.0657542888460671,13.015360542507237,28.745048071103216,5.361440857745539,14.661720435261726,1.6463598927544894,1.6463598927544894,0.3070741497364528,5.0
5,0,1041,1030,40,b6cd22159c0edd6d1ccf88530b1cf56beb95f1d16f3f2072e8116aa4f6650dd6,0.055922434460693116,12.39769537388378,24.458409752559188,4.945544434393365,16.948445863246917,4.550750489363137,4.550750489363137,0.9201717929608181,5.0
5,0,1043,1030,40,4a19f8fb6efcd83b60cdce4f06ea9a706e81dcb6064d4d4bd07a27cef450c019,0.05556318764718349,13.210150828382577,28.034755683208736,5.294785707014849,23.84047147989273,10.630320651510154,10.630320651510154,2.007696107025912,5.0
5,0,1045,1030,40,bab7cc3a34c1bf261d0dcebe718e6e9a8b448b1235b949d7623244109ab8a7ba,0.054639633956745315,13.31087034163039,28.34195194643262,5.323715990399245,19.98449024105072,6.673619899420332,6.673619899420332,1.25356422308318,5.0
5,0,1047,1046,41,8b12504489430d197789bba39db0828a6fb751be2bd72bb07dab47d3db5d05a3,0.05220998999519999,12.661284889991245,25.567441064576563,5.056425720266892,21.619091203212736,8.957806313221491,8.957806313221491,1.77156885293841,5.0
5,0,1049,1046,41,2103175725e25e1ef749454cb720e5faf13942e0cfd72dfc5662614d2ddfc776,0.04708171844829498,12.357747580786393,23.44014154655443,4.841501992827683,15.774385038614273,3.41663745782788,3.41663745782788,0.7056978315591667,5.0
5,0,1051,1046,41,4fd55f25d17f321efb160aba3bf008ec702ac4154948bb24a271b6d0389b0502,0.03128035797784606,13.3323400192406,24.397411334392313,4.939373577124159,25.345033484458924,12.012693465218323,12.012693465218323,2.432027721258623,5.0
5,0,1053,1046,41,2395373308d0fe43b22e63d32948b53fd1a2e209fdcba7b6c138296e3c8ff775,0.02862057472650409,14.684058860339517,29.31788622208372,5.414599359332482,25.703777102470397,11.01971824213088,11.01971824213088,2.0351862641762297,5.0
5,0,1055,1046,41,15d223dc3e4784b700277711524a33a1e25ee253655ec2c515a8c25536ff8368,0.02740172986185266,13.046587752788202,22.388300533968714,4.731627683363169,5.062590022444725,-7.983997730343477,7.983997730343477,-1.6873681245918681,5.0
5,0,1057,1046,41,94efed0f0bd2acd915a2b606648b353bf9ce9aced74e287e7657f3b443de5d8e,0.01988362705884153,13.657938377047556,22.670847477677647,4.761391338430149,26.885387664556504,13.227449287508948,13.227449287508948,2.778063878250783,5.0
5,0,1059,1046,41,555973c6049b60cd0d289ea31dae336bef35cd08cc4cc0583c5aec51f3ac9264,0.014750568711159304,13.205347387839522,19.464116460663533,4.411815551523379,2.6525397564768793,-10.552807631362644,10.552807631362644,-2.391942162613487,5.0
5,0,1061,1046,41,f092a85e2096df03d291daa942be04a11d6caa384138593f4e264ce1918857f7,0.013793753506026685,60.145377735124065,408.21642511000266,20.20436648623269,46.76370308303833,-13.381674652085735,13.381674652085735,-0.6623159731934206,5.0
5,0,1063,1062,42,d774630aef3a2f22e03b1209ed472320b5848307db26107a3fb27f50ecba686c,0.06871921406637643,17.00129446900668,52.56893953373008,7.2504440921732565,24.14505299580097,7.14375852679429,7.14375852679429,0.9852856509170064,5.0
5,0,1065,1062,42,295e1836c9f062efeb970b980419f86cb9389e2c6c0a832230e1671ed3b6e1be,0.06386659200124761,16.07179890727147,45.83055497215638,6.769826805181679,19.961866804361343,3.890067897089871,3.890067897089871,0.5746185255599718,5.0
5,0,1067,1062,42,69f194e000dd5bc7b1cddbc56d89e16753c030863710952aad29fc30c1d7cf93,0.020463397919715604,26.491178600581208,91.35929930582557,9.558205862285327,18.873811180114746,-7.617367420466461,7.617367420466461,-0.7969453190501989,5.0
5,0,1069,1062,42,455b27ec92f7904eae0b10ccc77495454856d9e3d5a9903f977093ec4fdcbc0e,0.013419682953697817,13.466729741060965,20.265141008504806,4.501682019923754,17.29250023293495,3.825770491873987,3.825770491873987,0.8498535602785168,5.0
5,0,1071,1062,42,683251688912a7ea36d9b6526a6c174294743f50b0b219f7d7e5836b40e8c177,0.01006873549462925,57.074485135962256,349.8305415738575,18.703757418600613,58.08117805480957,1.006692918847314,1.006692918847314,0.05382303118656642,5.0
5,0,1073,1062,42,452504f019d0f969548e3f57210b3aca5362f5d00a31909e295ffb856be27f48,0.008887837444316371,14.08480259057793,20.293510391190903,4.504831893777048,20.336272270917892,6.251469680339962,6.251469680339962,1.387725408572007,5.0
5,0,1075,1062,42,76fadef10c7e254f24b562b7ccafbd1e07271fd66f1f7a8443ca032cb281896d,0.007812604635828606,13.996065048901794,19.43734530193936,4.4087804778577215,9.929398632645608,-4.0666664162561865,4.0666664162561865,-0.922401656576067,5.0
5,0,1077,1062,42,88c2bcea558b6478e842730784a2e47708d991e3ec686bfa6fb19d4748fccb88,0.006915797381850067,21.341880400608062,46.672839844471234,6.831752326048657,27.87521024227142,6.53332984166336,6.53332984166336,0.9563183104212593,5.0
5,0,1079,1078,43,e0e13982652c0c4616c8a9b4918f74bfc4084d1e0c0f3ac2d8a89d933d9ff628,0.7708772642409958,12.54767397325832,92.7354155223419,9.629922924008369,10.980607501804828,-1.5670664714534919,1.5670664714534919,-0.16272886956827423,5.0
5,0,1081,1078,43,3e5104587aacc8261f51285dca2fa3819d3a75af44e72c68332f6fb1b9da767e,0.03648393100882277,22.959571043743043,80.01951476024139,8.94536275174134,26.562522939920424,3.6029518961773803,3.6029518961773803,0.40277314583760343,5.0
5,0,1083,1078,43,93f4806425a625149b0371ec9c4e24918a5727fe971a249d9e1d65055cb12b4c,0.0360266589984547,16.163569126143525,39.37832525621083,6.275215156168817,16.59417798614502,0.43060886000149523,0.43060886000149523,0.06862057304572058,5.0
5,0,1085,1078,43,d57cd44c410d41973912991b2e3df68ac49daa96921be055b9b1b3ff394b8aa1,0.02462747845202931,28.138747925636093,108.05959824140638,10.39517187166265,25.271234442710877,-2.867513482925215,2.867513482925215,-0.2758505119806713,5.0
5,0,1087,1078,43,0c3cabd0295112fc5359e8164e9c5202b0bd6f746bf86e5e832159d54ec07d1e,0.008924234779730422,27.900904292269214,85.22143271192013,9.23154552130466,29.548184143066408,1.6472798507971937,1.6472798507971937,0.17844031067122873,5.0
5,0,1089,1078,43,776787c67baa5c0db2b63a457cb1a136779a18b57e3b0de0092e7458e5e95036,0.007856749843096214,28.18649218374089,84.80310741281072,9.208860266765411,32.31697803401947,4.130485850278582,4.130485850278582,0.44853388265488414,5.0
5,0,1091,1078,43,db1d9435fd3a786da3c37b5c3d2d39be792be47cdc9901deff6f125a94e1dc56,0.0075587437759778026,21.661481856190544,49.395357453677455,7.0281830833919985,26.21279557418823,4.551313717997687,4.551313717997687,0.6475804150225829,5.0
5,0,1093,1078,43,826539d8a579f483af29705c4fc41258fa9c663a41173c8fead775a46cda43a4,0.00720497611586661,21.15419428365816,46.5878181450569,6.825526949991254,28.798865296363832,7.644671012705672,7.644671012705672,1.1200118421209175,5.0
5,0,1095,1094,44,375f9473630b3ec1097aa6cd021a126db58388022db0249176dcc4de724f1fc8,0.056252162110887516,14.523708825534333,36.194493964799285,6.016185998188494,26.43526346349716,11.911554637962828,11.911554637962828,1.9799179482731188,5.0
5,0,1097,1094,44,bfce45bce77acd4331e3562b127a7e6d610d6489fc8355cf80734470a1e25afc,0.018464704298060547,12.710878836886469,19.659242808040784,4.433874469134279,20.49475947713852,7.78388064025205,7.78388064025205,1.755548266970189,5.0
5,0,1099,1094,44,528a1307ad689242055c5013bff1270590e7c4ea20719e16ac03af031043d63d,0.00601528060494716,13.836114831482144,18.156089427311155,4.260996295153418,26.808601225852968,12.972486394370824,12.972486394370824,3.044472582416021,5.0
5,0,1101,1094,44,a3406fe955b7a62d462ca7f7b3750e1085a98c6abed61e29f8d0f5d751494654,0.006007418294419364,67.58205631529474,443.11083631604714,21.050198011326334,87.62938973140716,20.047333416112423,20.047333416112423,0.9523584246250649,5.0
5,0,1103,1094,44,93a605ede5a67a62c385ea830d26c70d6e74702d9d0e5f73d8432062980bc65b,0.00572068922872794,26.41250728160917,70.05917247258472,8.370135749949622,24.40027078342438,-2.012236498184791,2.012236498184791,-0.24040667419245884,5.0
5,0,1105,1094,44,ce533f7536cbb96301066f7d3ca81c628b24d27bd12bbecf20e8b8226ebb4c7d,0.005517083119701248,22.76423835413683,51.42096127691357,7.170841043902282,23.571728133916857,0.8074897797800276,0.8074897797800276,0.11260740195415093,5.0
5,0,1107,1094,44,f407a0a43d2fa1ce900477e4e1804998dc38896df225765baa0335a97c6784cb,0.005060319898036743,31.664553423088396,98.49930937660936,9.924681827474842,43.09743410110474,11.432880678016343,11.432880678016343,1.1519644535471456,5.0
5,0,1109,1094,44,0b7baeb753c18bc3a82c8e0b7b3f1f6d63e60a4ff51a417b3cc933b66c55de63,0.004899823668510203,13.310544413453604,15.944287600949595,3.9930298772923796,6.596285758376122,-6.714258655077482,6.714258655077482,-1.6814947199018535,5.0
5,0,1111,1110,45,13b8132d170d6ad472858ae5ca58de13836fe6a43e35954ae4bc125c905551e5,0.12311215440399492,19.426107850033812,84.36718460058434,9.185161109125106,28.46218967819214,9.036081828158327,9.036081828158327,0.9837695518678845,5.0
5,0,1113,1110,45,19b7ded83050f44eb292d80a0fc1a5d815148d1fe6b34b1241bd887a3b739313,0.042926571813053094,21.082148629285108,71.02886142576442,8.427862209704452,26.467315121650696,5.385166492365588,5.385166492365588,0.6389718244520796,5.0
5,0,1115,1110,45,a1a2b22651b44f951fe7c13effb8c9ff419d9c8d65b4134fa87e3b0fd473350d,0.030311426704593275,52.34650897235689,371.5623064522275,19.275951505755234,45.45851652145386,-6.8879924509030275,6.8879924509030275,-0.35733605414220276,5.0
5,0,1117,1110,45,8a48b62e49087be88fd104f2b6099d9722e239c5c748069cb659f0c086449139,0.02932711813627817,14.033687031671318,27.849729906028024,5.277284330603007,23.220989334821702,9.187302303150384,9.187302303150384,1.7409147826038398,5.0
5,0,1119,1110,45,a7eeb59e511c3f77115459f3ff6783f82070b533938f0ae8bf028ddb44ec93e5,0.02298057312760965,14.594910001151055,28.293942420972783,5.3192050553605075,3.767863291144371,-10.827046710006684,10.827046710006684,-2.035463306513361,5.0
5,0,1121,1110,45,c15ec7f0135d0b6be407b6b0f156b437508fa3d41269e3a1cb457030054834a5,0.012460806247329315,22.566251765683322,59.964941268499416,7.743703330351662,26.444778207302093,3.878526441618771,3.878526441618771,0.5008619617976295,5.0
5,0,1123,1110,45,78581c7745278be3a39872007c8ee174150b30aef8e241c695985fb1a10d540f,0.012349266436571471,17.920459347640477,37.32551944130316,6.109461469008799,25.171510320425032,7.2510509727845545,7.2510509727845545,1.1868559953388111,5.0
5,0,1125,1110,45,27cf4a687e1967c2d762b327971e6fa561982de04b6a1507e0da334e9d637b63,0.009595064410720083,24.45498347400701,66.68980801342268,8.16638279860935,24.986064283370972,0.5310808093639636,0.5310808093639636,0.06503256367732371,5.0
5,0,1127,1126,46,28652c4a63045584f9aa7cfc5df456d97d82c2cb3d6dab3e4c5894b7e73f887e,0.07161181221844287,14.38900887198399,38.43445964337152,6.199553180945504,6.8831384533643725,-7.505870418619617,7.505870418619617,-1.2107115141280045,5.0
5,0,1129,1126,46,17dc0c8274d7039243f5842e63fd5e282860ac024d75f114eac9efd2f8e95b34,0.030319346299107403,24.350118057689937,85.6470772169645,9.254570612241526,26.740771675944327,2.3906536182543903,2.3906536182543903,0.25832139797951753,5.0
5,0,1131,1126,46,2938c8baa325bf01349373418499ce3c92a3f8d93a4b5e28774a7b775b8c249d,0.017865097869201485,24.340666292218415,75.34404757593364,8.680094905928947,27.273243768692016,2.9325774764736003,2.9325774764736003,0.33785085396595155,5.0
5,0,1133,1126,46,9e9cafc31a9ccc7f81aa26580f68aa6356589157669899a9b2e5622f6e634547,0.015268069519743105,53.4927640837773,335.370103422656,18.31311288183022,36.85396088600159,-16.638803197775715,16.638803197775715,-0.9085731795103108,5.0
5,0,1135,1126,46,967958300f5499f67343fd6debd146c24b77409d459d5eb1721670b120bd95f9,0.012024765164321854,25.575886289991107,76.19106596139893,8.72874939274802,29.21493025970459,3.6390439697134838,3.6390439697134838,0.41690324764471504,5.0
5,0,1137,1126,46,5155b56859e38e0a9357444eaa93252080b4eb602dc142c912c5547c9ff08140,0.010040856688556699,55.818565538620014,336.0604941760801,18.331952819491985,40.86390394020081,-14.954661598419207,14.954661598419207,-0.8157702425743877,5.0
5,0,1139,1126,46,2ca27f88d64c13965d84c6911211a35ab60d86fedff1ab0988e31a6e287cca86,0.007275914044867299,54.71831529532857,305.41501880132466,17.476127111042786,45.04402707862854,-9.674288216700035,9.674288216700035,-0.5535716326180222,5.0
5,0,1141,1126,46,5d0d090bf439cceadd0fc5f3ad462e1dd9bbfb14c9baa1c508c9ad957775ac54,0.00665220387173876,31.26281926349004,100.95160053760395,10.047467369322677,31.372919387817383,0.11010012432734229,0.11010012432734229,0.01095799770034629,5.0
5,0,1143,1142,47,86e5969396e666110e5cfcaaa0e253d0ec84efd69f5e822dd1c46215d579a07e,0.21207798657833432,12.934113890975423,47.69031665147966,6.905817594715318,25.59756186068058,12.663447969705159,12.663447969705159,1.8337362370236758,5.0
5,0,1145,1142,47,150a989088bc2b14bf713dfd32cf86d3673657101608389a30842025b2fe980a,0.06289398572195198,16.365489929351046,47.79451612758267,6.913357804105228,14.817539583563805,-1.5479503457872408,1.5479503457872408,-0.2239071648899831,5.0
5,0,1147,1142,47,3444692807344317e53b731c2cc2eed8216e9be68eb07ebdac518aaceae74e28,0.01397681748884036,65.60208510545698,485.5243996493416,22.034618209747624,82.32366798019409,16.72158287473711,16.72158287473711,0.7588778128835404,5.0
5,0,1149,1142,47,3363c6acd037831793884d79cff49e0b63392b1eeceb840a9ce4d90959613a2e,0.01376235166024932,30.04376412540487,107.86218831505904,10.385672261103709,42.752707069396976,12.708942943992106,12.708942943992106,1.2236995954117946,5.0
5,0,1151,1142,47,3bed20d044343bfaccb5bbd03f90c91eeb4978d05b7e44a5b1120ae00c4f59d4,0.012424724238956852,65.2370138363739,470.0647101908469,21.680975766575795,82.54564793586731,17.308634099493403,17.308634099493403,0.7983328004165312,5.0
5,0,1153,1142,47,4a9d1c07f38fb1e4d857d69458ce19726112efe287dd0d1232072d8c1a70dd8c,0.01127375274188834,65.37782019189821,463.6990696922547,21.53367292619294,82.08678871154785,16.708968519649645,16.708968519649645,0.775946053277578,5.0
5,0,1155,1142,47,01d60e98a1771a4dce39da3f7237eb4911f131568e3030ce74b356bc312ef03e,0.011090841970100393,65.74930271531588,467.32881210018945,21.617789250989322,83.50909196662903,17.75978925131315,17.75978925131315,0.8215358677576333,5.0
5,0,1157,1142,47,75a3381d5020d91e2853f50f69c2750f8b7d02f002d9652d5f47f1572c3a95bc,0.010206065628842437,65.01372459173358,450.6709116273382,21.229011084535667,81.75029668235779,16.736572090624207,16.736572090624207,0.7883820882648656,5.0
5,0,1159,1158,48,f24b9207a6b31cd184fb45c1e211e1af770809d699b9da4c25b9a2ae1b01adbe,0.4032760803251265,14.81953119348911,84.21944697303336,9.177115394993862,11.904916056156159,-2.9146151373329516,2.9146151373329516,-0.3175959996016701,5.0
5,0,1161,1158,48,476b0e2a864b151951da8636cc4df6a6fa440f9bc7790e8c5acf43abbbe0bfb6,0.013977968592534126,15.225077066823188,26.99276805421701,5.1954564817941655,20.033548330068587,4.8084712632454,4.8084712632454,0.9255146838579376,5.0
5,0,1163,1158,48,353d4100f7fb9f2adb0c11be1d586e2b845ba3bf9115300dee1c3275ff94f890,0.00881720560658994,26.024513381188044,73.84524473840789,8.593325592482103,27.686742459774017,1.6622290785859732,1.6622290785859732,0.1934325728377125,5.0
5,0,1165,1158,48,d1d1f1b00af57d383eb43e3b671f2310356d2718889de3f1c305ac0969d4402f,0.007507758904690964,32.65187059568165,112.41846200054368,10.602757282921441,47.51856568717957,14.866695091497917,14.866695091497917,1.4021536751996275,5.0
5,0,1167,1158,48,2af7ca344d6112f0bba0e4740903fa5f47b474c1d6bddd5576566db87ddbfa17,0.0058702924363426695,13.284974039305526,16.417846447988257,4.051894180255483,11.731512778759003,-1.5534612605465234,1.5534612605465234,-0.3833913699218506,5.0
5,0,1169,1158,48,dc275cada1147f1a3a3913429d210b7dd435d5755fc81ae1ff699686c017aff0,0.005737393637660369,13.034026498134622,15.649922436941102,3.9559982857606375,15.010518777370454,1.9764922792358313,1.9764922792358313,0.4996190939591882,5.0
5,0,1171,1158,48,ead0bcca8ed2cac797236f4a56ce7d3d66d5a2e8d3ee8f6f623a68a4d02bf673,0.005003148156381726,12.992130049744894,15.089961088591416,3.8845799114693746,16.876167526721954,3.88403747697706,3.88403747697706,0.9998603621228866,5.0
5,0,1173,1158,48,05c2852a9f314a4ad8c84bceec86300baafdce7da8dddd866e2925779d9509cf,0.0044753041779858685,13.114923431584735,15.06092333191285,3.880840544510023,3.0804738187789917,-10.034449612805744,10.034449612805744,-2.5856382136083482,5.0
5,0,1175,1174,49,e251818684888cc2ec106ae9d2f35185d78bb7ec4a2931c753f069370f8a5f02,0.2589788867514333,16.5480990024583,83.68172877985815,9.1477717931668,26.904221880912782,10.356122878454482,10.356122878454482,1.132092395023485,5.0
5,0,1177,1174,49,aeff04f3cc28d0559db2cfbc26b099e0c29762900ceaa459ba652a0cc21a8d97,0.018502908456537792,53.45063076459195,348.20011183723545,18.66012089556859,74.06350216865539,20.61287140406344,20.61287140406344,1.104648331027619,5.0
5,0,1179,1174,49,86e1fe0dcebfef53aec330fbd67df0742c73c646ea8ccd9be962b20edb9e5062,0.011742017155404696,13.645142478237778,20.562519289766627,4.534591413762284,3.502226605832577,-10.1429158724052,10.1429158724052,-2.2367871649079345,5.0
5,0,1181,1174,49,0facc368676247808293ace1346fdc96b07865dee4123dd4b44387fe5592a864,0.008315530108483002,14.091622979673138,20.364424979420473,4.512695976843607,15.309100148677826,1.2174771690046882,1.2174771690046882,0.2697893177940716,5.0
5,0,1183,1174,49,0e451db00a34e0b7501cfa86742de7d8bb6906e3f53787fb1d41ba3927b75e04,0.00674001408104985,13.845971088955315,18.700106997469472,4.324362033580153,22.15313047146797,8.307159382512657,8.307159382512657,1.9210138554553753,5.0
5,0,1185,1174,49,0d2d15ebfd92e82a18ce9f098a050eb8411269ec0f9d5d7af8131e170ba4aff9,0.003738251465174716,32.74647859173859,99.97642650534594,9.998821255795402,32.02948602294922,-0.7169925687893652,0.7169925687893652,-0.07170770938362261,5.0
5,0,1187,1174,49,0222b68fe4225a341268612b8e4c63c6b99fad880c86f3362d193f556ec4f5d8,0.0028110189365324195,55.292442025342055,266.9132267135485,16.33747920315581,35.62922152423859,-19.663220501103467,19.663220501103467,-1.2035651434711694,5.0
5,0,1189,1174,49,0f94d4b7248c7841bdbd4bbc40d80512fffde9b10325da3bdb0bd37b03a27b68,0.002736021130819208,12.768798624892698,12.958270305695448,3.5997597566636927,11.984451686859131,-0.7843469380335666,0.7843469380335666,-0.2178886900942829,5.0
5,0,1191,1190,50,671a7970aa40733791573ede1450ed09dd200e7ee098a4f8ad04ee9f9e184f7e,0.09543252185845735,14.61056243101597,43.61861832375211,6.6044392891260735,17.544472452402115,2.9339100213861453,2.9339100213861453,0.4442330216005926,5.0
5,0,1193,1190,50,4ca19a60e8739ddce1c71a9524c145467ec3d3b32dfc2cbeefb2ea5a0eca8f46,0.02946508542595974,14.77931122304667,30.702223932593775,5.540958755720329,26.69994896888733,11.92063774584066,11.92063774584066,2.1513673483914912,5.0
5,0,1195,1190,50,e1af4fb700e2e349c9d2c32ee8ea44c5d4fd1e31f2824186f92ba2db0a31c552,0.015124203780998338,12.222211068487264,16.959978545951234,4.118249451642194,4.095702221572399,-8.126508846914865,8.126508846914865,-1.973292036419585,5.0
5,0,1197,1190,50,7237451ff2d4d8cd35d0a9c3b735de9d01c701c8f5189e829633158d9dcfbdf7,0.01015799918947409,15.579502146094853,26.244818908526373,5.122969735273318,26.131736944675445,10.552234798580592,10.552234798580592,2.059788627273164,5.0
5,0,1199,1190,50,cbab6a2aa62bab918b5fe0985a15c2c0cbd924ddfc1269455b090b6f4604e7fb,0.0029355497118303646,12.856574902064175,13.186119152678883,3.6312696337064923,13.846110500097275,0.9895355980331004,0.9895355980331004,0.2725040269243423,5.0
5,0,1201,1190,50,89a1d6c1ec519aaf222b6bfdd40d723b52108680d95d61213343b5c8abc7f155,0.0028365518032811288,13.930709969098839,15.724663123368241,3.965433535361328,26.743218494415284,12.812508525316446,12.812508525316446,3.2310486132379412,5.0
5,0,1203,1190,50,01d9ab09e141b3177cf146c1648ec2d240ed94649ab4717750413bc4b14b0fc5,0.002155835438055618,57.80713509267443,278.9393884700911,16.70147863124972,41.07981188583374,-16.727323206840687,16.727323206840687,-1.0015474423649298,5.0
5,0,1205,1190,50,c262dc5c9e2e96b8ed26a29f026d6a11753f6f8242ed41bfe0c90101ef75db13,0.0018182315808732558,55.11483702656472,247.9066485945888,15.745051558968894,40.2767376499176,-14.838099376647122,14.838099376647122,-0.9423976365574273,5.0
5,0,1207,1206,51,2d58371fee376195f06ec931f0bdfc81e182d8e4de392865797e77b8e7b5dd1f,0.31880575008353174,13.209776453370667,60.22719583083332,7.760618263439667,17.486203754901886,4.2764273015312195,4.2764273015312195,0.5510420892208423,5.0
5,0,1209,1206,51,721e5ab6fccfee281bbe743115e7c8b273909d100e7eb1859889c0c5a3d0b36d,0.02000988010978008,14.150771195574851,25.208061426941278,5.020763032342921,17.239546326398848,3.088775130823997,3.088775130823997,0.6152003412482567,5.0
5,0,1211,1206,51,5c71c51a48bcbb5871551bd5ece025ab1f6654f30256085bc7eb48734f5ae812,0.0051654880232153005,14.438286428806169,19.204261848455868,4.38226674775234,23.609799912929535,9.171513484123366,9.171513484123366,2.09286974345581,5.0
5,0,1213,1206,51,142a4bac5d04650f0a489a7577f38015a805eaa72380f47b6ee1808863ecff3a,0.0036002430264341773,12.466803937249505,12.802890229098457,3.5781126629968565,6.502190588951111,-5.9646133482983945,5.9646133482983945,-1.6669719234896083,5.0
5,0,1215,1206,51,1fdee0adeb4ec9f93f50d88ff75cab41e6357448cc10e0a735f9cef90ccd4d98,0.0031904227538498073,30.85912029560852,86.08113091009778,9.277991749839929,30.902567859649658,0.04344756404113781,0.04344756404113781,0.004682862974294777,5.0
5,0,1217,1206,51,5fe2894e14060ff862ed67e0e3ecc48760ba2fe75757ae1a46cdc56c5135cbf7,0.0026072108816428824,52.52271116607557,238.22959528821747,15.434688052831437,36.26723683834076,-16.25547432773481,16.25547432773481,-1.0531780280945038,5.0
5,0,1219,1206,51,c6be01560fffb88dbb6907619248f7edd300a71175a3407d3f36ff3cb004eec5,0.0025828980922020205,13.488646508062605,14.372787991290773,3.7911459997329002,19.236590402841568,5.747943894778963,5.747943894778963,1.516149442723632,5.0
5,0,1221,1206,51,a98e401b63292e56a327e6c6b0ff4b2e7937f6a828f6572178c7c0fede9d2c90,0.002356301369071119,32.592187568541256,91.3609389162091,9.558291631678179,38.64758966827392,6.055402099732667,6.055402099732667,0.6335234718789912,5.0
5,0,1223,1222,52,e82360e76530ee54165f2faae661afb60e24c6f12e7624241d0a3cc3c96c9a5f,0.2718042869557671,15.791038421598378,77.98430599798439,8.830872323727956,25.699358736515045,9.908320314916667,9.908320314916667,1.122009236651931,5.0
5,0,1225,1222,52,b407e2b61b4f54b51743717bdd7fcd67379741ddcc59d42434b2b9d40438b688,0.06582906822187645,13.150003659855626,30.904935162004744,5.559220733340667,20.299048920154572,7.149045260298946,7.149045260298946,1.2859797448630748,5.0
5,0,1227,1222,52,469332d5468030796656c0be424bcbbd40a39c17c438640ba92e14d8683d74ca,0.009205606970883212,30.537013326428674,102.46065461199288,10.122285048939933,39.58161386299133,9.044600536562658,9.044600536562658,0.8935334751820553,5.0
5,0,1229,1222,52,0ea3f9c1f965ef87bf1cd7b5148d1fa066c676582b26ad4d5db3186d3cf3ee3d,0.007111431143007038,13.856109029914318,18.809181708374584,4.336955350055449,26.04629682970047,12.190187799786152,12.190187799786152,2.810770878614256,5.0
5,0,1231,1222,52,178fe7a26d17465c33a95f05c08a9458ec88de59004c00c3ead1b6de9f7aadc0,0.007052072988944405,51.232946174093925,267.42562471746123,16.35315335699697,39.916331489562985,-11.31661468453094,11.31661468453094,-0.6920142212014991,5.0
5,0,1233,1222,52,7cf581a6fa0e3858c3398d95fc50e77473d4f83df523a73b664bcc66072ec305,0.006710777733167694,13.228495650397571,16.74644080749243,4.092241538263893,21.37838765859604,8.149892008198469,8.149892008198469,1.9915471586889781,5.0
5,0,1235,1222,52,5cc1425d078fb2e8c8937e85de1517188c59e05f1764f677f9309871b8d72f97,0.005660558222056758,14.92425333237839,21.09783154526737,4.593237588593406,20.554441936016083,5.630188603637693,5.630188603637693,1.2257560152384441,5.0
5,0,1237,1222,52,1db19861b89fd2deba3e21ffe045ab5ae73f950c37a6bf908cd6508d3002d15c,0.004466317326436792,12.459014725781776,13.395925910516787,3.660044523023837,11.420395112991333,-1.038619612790443,1.038619612790443,-0.28377239846589664,5.0
5,0,1239,1238,53,23cb5e2ea6f1d77b57386dffdea69a736a40c45ffe859a7c1ce1c771ba511166,0.01866581182610791,15.241871132758174,29.423715679873713,5.4243631589223185,18.090883323431015,2.849012190672841,2.849012190672841,0.5252251936684245,5.0
5,0,1241,1238,53,12a2517b6941464fc76c81853b520cfac3ca8ea22d37d1b323ac9f3793feab72,0.01533964095436316,21.478140367856966,56.92392283485511,7.54479441965486,28.914574591636658,7.436434223779692,7.436434223779692,0.9856377536818127,5.0
5,0,1243,1238,53,08e0cab7815fb58713f591e4a4a4e34c88df777f6d13fd1f87a53abd0cdf51e6,0.004516727583987086,53.582840433578106,271.1850210353767,16.4676962880476,40.57393159103393,-13.008908842544173,13.008908842544173,-0.7899653123907899,5.0
5,0,1245,1238,53,26546a4af349ae962b9ad5572a1d2b9d37ab9f08d3e103df8d96d8d32aaafa4d,0.003786977398222237,52.360078891498944,252.0175060436693,15.875059245359347,43.22611733245849,-9.13396155904045,9.13396155904045,-0.575365510003405,5.0
5,0,1247,1238,53,1d4e06e6b3cf8fdb8bc2a588e7e069948002ecb281910c024fdac91c19fd2e31,0.0036000725963325694,53.60768979005297,261.6470409601479,16.175507440576567,45.7602220993042,-7.847467690748772,7.847467690748772,-0.4851450700744788,5.0
5,0,1249,1238,53,51afc8b6bd5f12042a4b7fd5c5ced8862b89a4777a88c2206480aea08d3b1879,0.0031763138691694726,52.54438345653212,246.7386403513154,15.707916486641869,43.48839256286621,-9.055990893665907,9.055990893665907,-0.5765240031271615,5.0
5,0,1251,1238,53,65942091848f3914e5b48f7dcbdd42d57dc15c266bd466900d4296b6b5dd7ab8,0.0031129527926326422,13.728880165199767,15.753218898614142,3.9690324889844555,23.78582242679596,10.056942261596193,10.056942261596193,2.5338523404653293,5.0
5,0,1253,1238,53,c5274443e961520944ea9c0f3d6db7ad0cc8ed4dbc80b80fe60aeccf62659464,0.0030164038815995164,54.0182780337576,258.2469954978706,16.070065198930298,42.01168771553039,-12.006590318227211,12.006590318227211,-0.7471401123516554,5.0
5,0,1255,1254,54,8d3e8f9597ab1224512e924c3e10374863f6d35d1efb6b2b038ea3520c818a17,0.016223264467787518,26.995090246231335,91.35331426157389,9.55789277307367,36.60455453014374,9.609464283912402,9.609464283912402,1.0053956988285135,5.0
5,0,1257,1254,54,ed28c55eeca0a38a6ccb5d616b54226a63070a787b47e59aca3085b506b7c57e,0.009761136418471275,20.681665832746315,47.96952258640872,6.926003363153148,22.600297451138495,1.9186316183921797,1.9186316183921797,0.27701858023913795,5.0
5,0,1259,1254,54,ae489e90f7572010c0670bacd4c49ca7d460bb5f20eba76bd530f497483c5b95,0.005123061021559211,32.44425121268223,104.35511232987163,10.215435004436749,37.41606748199463,4.971816269312399,4.971816269312399,0.48669648107526,5.0
5,0,1261,1254,54,0aca3cdd45ac7e147855cf069446183f619410e98c5cf35ef420ffca88b8caff,0.0032892262900812846,56.815165337095,289.22834488935683,17.006714700063526,54.02490269088745,-2.7902626462075517,2.7902626462075517,-0.1640682927548099,5.0
5,0,1263,1254,54,853aa5d22ddc695a8e3595a8695729d2c50512e336c0a57edd55b3b4511ce8ed,0.003006664689248567,53.91846001481092,257.7440096682977,16.05440779562727,44.48321099662781,-9.435249018183107,9.435249018183107,-0.5877045817132527,5.0
5,0,1265,1254,54,b8edc79a41a2d7b5223689c28052827faa6defaaadaec4243e8af9ba8b5d083b,0.0026533916099605176,56.839781896135044,280.03802151424156,16.73433660215551,77.99139591598511,21.151614019850065,21.151614019850065,1.2639648958134126,5.0
5,0,1267,1254,54,5e782f5791bfbdc64b37b11bb2d1c69720403bd66f0de819595374840996733e,0.002261361281747337,50.07228998306606,213.66048897750036,14.617129984285572,49.09126794052124,-0.9810220425448151,0.9810220425448151,-0.06711454598813048,5.0
5,0,1269,1254,54,4668efdfbc79493b3564dc5f84085ffa29e8189638982e3bfae2bcf106793f39,0.002250758836618086,58.456542475583504,288.4448392657983,16.983663894042365,78.5936846408844,20.1371421653009,20.1371421653009,1.1856771478128894,5.0
5,0,1271,1270,55,a4c2bed247098db9028c17bcb4222d1a0e6b3d17f0f4b26db1a5b309c31afb78,0.07002065683931241,14.447684777418685,39.078404632367736,6.251272241101625,5.795290101885795,-8.65239467553289,8.65239467553289,-1.3841014023743954,5.0
5,0,1273,1270,55,196e489fcbe9ef87d367933c4a6e3970387da0b28eedf7a3f76e9cef8bb89591,0.042117098669992525,17.300801760392837,47.968733448209335,6.9259463936858,24.112471328735353,6.811669568342516,6.811669568342516,0.9835001862781573,5.0
5,0,1275,1270,55,85116ba8675c02c9f1a1f2885e2d51f2dc3f0afa3a39ad6a68fa947c3381da19,0.010235839960864551,24.85728696391986,70.19282753309976,8.378115989475186,26.86696335220337,2.009676388283509,2.009676388283509,0.23987211334960254,5.0
5,0,1277,1270,55,8b0422358b51f202cbbbf792d4c91018693201f447624abb9f054ceaea770aa3,0.008273760216013074,16.118802132660193,27.521880490393904,5.246130048940257,23.339498603343962,7.2206964706837695,7.2206964706837695,1.3763853361093068,5.0
5,0,1279,1270,55,e784a6ed1d6af2e45bb02ae24b4939ac6809512dc70d77e062fe3cb2b4d9c0b8,0.004976548096978235,14.079937299992368,18.44305274891536,4.294537547736119,26.02456178379059,11.94462448379822,11.94462448379822,2.7813529049466275,5.0
5,0,1281,1270,55,bdacebeb910f99c0b365be23e9c62598fe0dfd6cb4859aa75b1593506d6feaed,0.004242033436590069,16.0847448733605,23.85562160627727,4.884221699132552,5.777710090279579,-10.307034783080919,10.307034783080919,-2.110271690761185,5.0
5,0,1283,1270,55,fcff8eb779a6810966bca5b74ee79c7402b9d040d98753518384e7df34e82037,0.002799807119929866,21.547646007790203,40.92745575009629,6.397456975243858,26.87237642097473,5.324730413184529,5.324730413184529,0.8323198473689714,5.0
5,0,1285,1270,55,1fee5313ed67aee9006f9b40b73b8577b6bb67a38b06ee9b17a84a94b369326d,0.0018838695504756996,27.330526562485275,62.367354250581,7.897300440693706,29.337810983657835,2.0072844211725602,2.0072844211725602,0.2541734908335637,5.0
5,0,1287,1286,56,dc9c8cb7ac5921474e02b7fff583d6a9ab05d91a30c5e81b3d4898c789d9ad9b,0.03394646038336571,23.399194009769484,82.27823905668211,9.070735309592168,28.61277194213867,5.213577932369187,5.213577932369187,0.5747690517279129,5.0
5,0,1289,1286,56,0dd42bc100de69114b335d28fbee9be5c0ea92fcb8b7b53d3820393a57e6de89,0.010810402650282214,15.577828773428111,27.170382831689786,5.212521734409343,17.01788513660431,1.4400563631761987,1.4400563631761987,0.276268653935767,5.0
5,0,1291,1286,56,45f26f32051f99ef5a3239c467c0e5fc18e34bfd74684003edbb1b67c736e31a,0.003498087292962096,14.040357757068813,17.068395718272267,4.131391499031805,16.639266473054885,2.598908715986072,2.598908715986072,0.6290637710309295,5.0
5,0,1293,1286,56,508e96441a464df139b6561f9794cf5da91e2368053b892a0eb63cade434cadc,0.0033145177223733863,25.93650285788585,61.645247621873494,7.851448759424817,20.037251054763793,-5.8992518031220555,5.8992518031220555,-0.7513583777822711,5.0
5,0,1295,1286,56,37cdaa127e68cb08d5f018de339b573575e35652d85e0e085454e817ecf544d1,0.002962257778684068,21.69263588640169,41.90715364933235,6.473573483736193,25.552964985847474,3.860329099445785,3.860329099445785,0.5963211986616415,5.0
5,0,1297,1286,56,635f8c55bfede3febfe72f12e93d344efea1e80d5409e5bea7b55cf0278c978f,0.0027400204630855587,28.070020120463724,70.01206883267359,8.367321484960023,35.18909264183044,7.119072521366718,7.119072521366718,0.8508185724861904,5.0
5,0,1299,1286,56,3fde491f0e45ce46a230aceb1036759205a3b8d100a59428ccdba9074b51da87,0.0025952123832519505,52.88973850412933,242.60068939509515,15.575644108514265,73.16128944396972,20.271550939840388,20.271550939840388,1.3014903780935232,5.0
5,0,1301,1286,56,3f58b61251b108b42986d1ccd1e56e72b89ef54e359581a42794550349aea4fb,0.0023415155640083007,55.053366791009424,258.1809025536429,16.06800866796016,73.10366333770752,18.050296546698092,18.050296546698092,1.1233686089982415,5.0
5,0,1303,1302,57,a7773eaef64fbcd77b93a49b918203f93d1df5699216b3b98cacbd8b63773748,0.019403241476553174,15.18006692919357,29.547761983574123,5.435785314338133,3.405150312960148,-11.774916616233423,11.774916616233423,-2.1661850009370998,5.0
5,0,1305,1302,57,0638f5b46b4107b245139bfbd55aada18d9768ba2af2b59c690cd2375be70588,0.01782003140682495,27.04078208634508,93.33428037808036,9.660966844890854,35.18855288410187,8.147770797756788,8.147770797756788,0.8433701231534284,5.0
5,0,1307,1302,57,46bc5b6513662f8333e9a98f22940bd79d571403dd2f62d39be72ac2d74e2009,0.004836067891457248,24.298149327186476,57.687790123347824,7.59524786451027,15.339066181659698,-8.959083145526778,8.959083145526778,-1.1795642887955238,5.0
5,0,1309,1302,57,35379d62f2b5800e774c26f57bd640a1316fe214377c9f116b94f93d65661152,0.002435721477120855,26.217530557334186,59.649019348378694,7.723277759369962,23.09563304710388,-3.121897510230305,3.121897510230305,-0.4042192457008018,5.0
5,0,1311,1302,57,2b949bb9aadd4d510947bf143b508c3622fe6f0a7866956dd01c9853e63b986c,0.0023964003911744955,27.227163113953452,64.23775028257558,8.014845618137356,28.865697351455687,1.6385342375022347,1.6385342375022347,0.20443740473232333,5.0
5,0,1313,1302,57,b72195466216d7450854f510a3257e604c69134944fb9c220818be0c6940d6c3,0.0012907578270311363,21.208489941562608,34.68596979144758,5.889479585790886,28.90460198688507,7.696112045322462,7.696112045322462,1.3067558743034453,5.0
5,0,1315,1302,57,6c150bb9b0f904528055d63ebcd7471b36557488e30cef81eab646f8dcb3dbed,0.0010094141964057234,33.420807921795856,85.01088864524401,9.220134958081905,31.680491802215577,-1.740316119580278,1.740316119580278,-0.1887516969645661,5.0
5,0,1317,1302,57,e832b1aa87d0f711b81a466d9cade1e0e259eb467278ecaec6c42199b0ce0595,0.000987582776278929,13.643223508823628,12.701947828624686,3.563979212709396,22.117785531520845,8.474562022697217,8.474562022697217,2.3778371076005,5.0
5,0,1319,1318,58,4922356b903c4fececc8ee8f9e62059cea787f87aa8463d349767cae85ecedb2,0.4004928153144005,12.328382919491647,60.58756301934536,7.783801321934249,17.45215153002739,5.123768610535743,5.123768610535743,0.6582604563784656,5.0
5,0,1321,1318,58,cd99b541e964c0dc8f5f884e5f248ee085c666f1bbbd4d54fb5adbff3bcdc7a6,0.20262218986214142,19.053645755226054,98.2257945584686,9.91089272257896,27.17932022571564,8.125674470489585,8.125674470489585,0.8198731131432492,5.0
5,0,1323,1318,58,1ec1c534c2fa6d82759ff5911c4a1fd90e059ba3fe3e188f8c7864577987f179,0.09070135697098225,29.124709982428048,163.92021658790017,12.803133077020647,31.123344423294068,1.9986344408660202,1.9986344408660202,0.15610510558960092,5.0
5,0,1325,1318,58,e5b5cdffb2c34f45989db66e47df17644ef98b128df74f1aaaa868d67af20997,0.024914101066790012,15.03747998286983,30.804913216194528,5.550217402606363,9.789525995850562,-5.247953987019267,5.247953987019267,-0.9455402565951463,5.0
5,0,1327,1318,58,7af0aa6f7aa1b9d097a19c777bdc27153ed93fccb36679df205e9e31e3e91e8a,0.005419156986377113,15.511977545196668,22.984399753758197,4.794204809325338,13.536670351624489,-1.9753071935721795,1.9753071935721795,-0.4120197764037856,5.0
5,0,1329,1318,58,26dc82da414efcd0e225f0d209c970d015b973dd00897f8165e0f4046e721530,0.0043899426018186236,14.536558009410784,19.108110747403344,4.371282506016208,19.562054638147355,5.025496628736571,5.025496628736571,1.149661826207747,5.0
5,0,1331,1318,58,48fe1dcea619173aff735b5f7effc3955dafb4790d5070e9f1932e19481d96fb,0.0038422090161639583,14.024026767079256,17.184818034762326,4.145457518147102,2.5007115954756736,-11.523315171603583,11.523315171603583,-2.7797450875227323,5.0
5,0,1333,1318,58,b05e61ab9c064e1bff194e249ebf24a6c1293125c1a9a3f55f6e1b4cd40d742f,0.003352252945867603,14.385556982434128,17.703310939318413,4.207530266001472,26.05692959833145,11.671372615897322,11.671372615897322,2.773924815278617,5.0
5,0,1335,1334,59,6c337b04142959f0fd9c0e7488611cae707684a0ed236fab66580ec9c835dc31,0.21797413265282617,13.054374215386861,49.40889941524705,7.029146421525664,13.968365697145462,0.9139914817586003,0.9139914817586003,0.13002880107314937,5.0
5,0,1337,1334,59,a99dd94d8d85a6861b42253f212b3c629b103f1daf26259874faf121b60fa45c,0.14223518981984873,14.44632122344297,50.12297030160016,7.079757785517819,22.555397772312165,8.109076548869195,8.109076548869195,1.1453889800378378,5.0
5,0,1339,1334,59,2939e24f03ab5eca3d13e8ca9eb44d883af32a5eeae708494f96c8ae2cef8b0c,0.10555471033702607,13.506337208596321,39.019894281139194,6.246590612577328,12.557939806222915,-0.9483974023734056,0.9483974023734056,-0.1518264059859846,5.0
5,0,1341,1334,59,55a52932fdfbde1c3c6328bad5eb2a92d018691104e95d074a0242629091d94e,0.011001660099711472,13.242534298866365,18.960514201023646,4.354367256103193,13.976007410407066,0.7334731115407003,0.7334731115407003,0.16844539479591336,5.0
5,0,1343,1334,59,7e51c5b7ea5572e9496d27f5b3a0ddd48b64831d0903d2182cdb96bc631c0be6,0.004611451080811568,14.78449728018971,19.959401864063985,4.467594639631486,5.343514221787452,-9.440983058402256,9.440983058402256,-2.113213892471902,5.0
5,0,1345,1334,59,61f1f4b22837b7a8a4df28b03f72799d53456161a90d283a6d2dbd5224ed0da7,0.00450840323569511,53.3263422670143,268.2669375510749,16.37885641768298,53.0481630191803,-0.2781792478339966,0.2781792478339966,-0.016984045817366594,5.0
5,0,1347,1334,59,6928507d3071faa0c74e64261f0d3a53dd908e7521e811c8ae51dab4d196ef1a,0.0039590405663630784,13.693379302078437,16.32957001463171,4.040986267562872,13.454050153493881,-0.2393291485845559,0.2393291485845559,-0.05922542981787856,5.0
5,0,1349,1334,59,5bfce4b4dbe25f5db97a92799a7afded15f952157673f57c019573f34235f2f0,0.0024406469160410983,57.905982362932846,285.753439872393,16.904243250509413,73.59296443748474,15.686982074551892,15.686982074551892,0.9279907915475105,5.0
5,0,1351,1350,60,4098ab97dd55015ab5db14d35dfbb1909c3cf4c61ec01ec4d4c4288c01059080,0.002285534808251697,55.627963887717534,261.62254866462746,16.174750343193168,44.49953054618835,-11.128433341529181,11.128433341529181,-0.6880126805921531,5.0
5,0,1353,1350,60,7ebd71b9fd8bceb489dbf63635497a46920d91d4c2efe80c4d56e674c2d46dbf,0.0008410697737479874,56.06557664930396,230.68778601016402,15.188409594495536,49.73023953723907,-6.3353371120648845,6.3353371120648845,-0.41711655671709613,5.0
5,0,1355,1350,60,c38dbe20e34489f6eb1ced0b95b43f85ebea2fae004f8e227067aa7d9eaddb93,0.000722954165994721,30.04790439961957,65.03975353077611,8.064722780776542,37.403230443000794,7.3553260433812255,7.3553260433812255,0.9120370585971946,5.0
5,0,1357,1350,60,59f3defdb1317f346d70a6f45c603564f1f47a3b2e244ba051647c45ff630d4f,0.0005330346584195367,13.594182904207774,11.297815505366898,3.3612223231090947,5.645210816264153,-7.948972087943621,7.948972087943621,-2.3649051814552116,5.0
5,0,1359,1350,60,d3153f140bdaa0cfabd2653b26780173cdaae98e6c344a98deb9ebc233589d9e,0.00041887895796350553,30.961841899134985,64.17817263383631,8.01112805002119,40.82787709236145,9.866035193226462,9.866035193226462,1.2315413174802974,5.0
5,0,1361,1350,60,bc4f4d5192495909fcb59d9fd621e60d068f1e661314befa63ace6d3ec92f417,0.00034341020491688527,57.17946227027106,214.05315168491134,14.630555412728231,56.502211126327516,-0.6772511439435434,0.6772511439435434,-0.04629018686155627,5.0
5,0,1363,1350,60,7831b8e9a51cc5228b8479630d87cea76e46ea2363fe13d6549c465f630aea42,0.00034313958663870475,59.635114538405,232.52397542075906,15.248736846727963,72.49710578536987,12.86199124696487,12.86199124696487,0.8434791272383171,5.0
5,0,1365,1350,60,4f20ed93e645021a6cb46cf481fe13f5c21f348ea44cbec6f5859b6462243982,0.0003109929886342235,57.76270503766641,215.7973161695449,14.690041394412233,61.420346130371094,3.6576410927046865,3.6576410927046865,0.24898780027236495,5.0
5,0,1367,1366,61,f555d0874f942590bc9216ca3a4d00c5200cc58d8b15502d3a3496ce26bd7f30,0.08437172219071293,14.008727489415499,38.7040770307962,6.221260083841231,22.494037485122682,8.485309995707183,8.485309995707183,1.3639214373542226,5.0
5,0,1369,1366,61,05595c957c80608033a2a827cf7c22cf3a539a1f11223143086084ed2994e7f9,0.0423286920631229,13.259144841232333,27.44832437461481,5.239114846480731,5.405797057628631,-7.853347783603701,7.853347783603701,-1.498983705020139,5.0
5,0,1371,1366,61,c77149e081163f8121be691a16fd0cb04271fbf127ce82acc8a0c54eb5d67532,0.005912382221299743,14.669229090656591,20.658394403450185,4.54515064694782,25.186209196090697,10.516980105434106,10.516980105434106,2.3138903245146594,5.0
5,0,1373,1366,61,5b867a95cc667e6a55d93b490ab68cb93e630c07ffafd570990ff1611c11f11f,0.002531360682142908,15.120029601438011,18.680930209979802,4.3221441681160755,24.75344772219658,9.633418120758568,9.633418120758568,2.228851640771982,5.0
5,0,1375,1366,61,236b513104ad8cf8449bda0e7b062fb2bac4a4c5b09aef0f2c49da280608480c,0.0009864506795321352,55.85540515932722,234.0703561963292,15.29935803216361,65.02461965942383,9.169214500096615,9.169214500096615,0.5993202120520557,5.0
5,0,1377,1366,61,9037168b47be971293be95a3c1ee594a1ba888194e8ef4ec264380938ee4e049,0.0007806319793438009,52.60565420837647,201.64907062471477,14.200319384602404,51.53973029327393,-1.0659239151025446,1.0659239151025446,-0.07506337612788767,5.0
5,0,1379,1366,61,46556f63ae6cb81eb36cc71e761fd2d6923cfd5e62081f063cf98aabaf227530,0.0005308831175152989,21.904120934323437,32.320892666240155,5.685146670600518,28.83622100353241,6.932100069208971,6.932100069208971,1.2193353084550655,5.0
5,0,1381,1366,61,393b7db272869e89b9b2c891fc72dd99adc8bd9087e3427bbe30ce50b3fd5f84,0.0005271599482237974,53.191083289336305,195.82935482879185,13.993904202501597,54.45443653678894,1.2633532474526348,1.2633532474526348,0.09027882634974688,5.0
5,0,1383,1382,62,e1652b7e115b16a926085222f7de6a4b00a24c7acd4f77eff61fd48bbc6e9094,0.47225367858420353,12.367216895742686,67.07939167253662,8.190200954343954,20.35316100645065,7.985944110707965,7.985944110707965,0.9750608263735392,5.0
5,0,1385,1382,62,8b4740f152a00ce8edf98ec549540713027bacd5a6002faf908b9f1a738261d8,0.1662370947978088,14.489171308266,53.991821158055906,7.34791270756913,12.180729587078094,-2.308441721187906,2.308441721187906,-0.31416292123475636,5.0
5,0,1387,1382,62,a40c709face07a87b9a3d63ec20af45c3355392cdd4b83b5286e851ba2c19a9f,0.050124698075630414,13.289947527767854,29.2608971168372,5.409334258190854,11.474114547252656,-1.8158329805151983,1.8158329805151983,-0.3356851127780929,5.0
5,0,1389,1382,62,d7760970db808cac9a3c1c475fca1908118a84570b87d3504aa3486e22e183fd,0.008376558585575969,22.38530090486341,54.2925122428746,7.368345285264161,27.380282048225403,4.9949811433619935,4.9949811433619935,0.6778972686515354,5.0
5,0,1391,1382,62,df7da292702e667a1208cb695b2f07bcf4623ce74c2332bc14a5e7864f30bad9,0.00656077520978797,15.29391258720842,23.243790897889543,4.821181483608509,26.159237449884415,10.865324862675996,10.865324862675996,2.253664355846573,5.0
5,0,1393,1382,62,de8d83dd249056266e3339b2ea29bc9897555df859426f094297f14bc5b62fde,0.006514548727714613,14.415724792300018,20.40871167242515,4.517600211663837,24.500054133415222,10.084329341115204,10.084329341115204,2.2322314655198614,5.0
5,0,1395,1382,62,2b85fe149114af715f74cfc850a05da82e3be73d6464f9684b37a1d8d743cd14,0.0024385622567611454,14.488705359369426,16.970330776219654,4.119506132562453,23.659347777366637,9.170642417997211,9.170642417997211,2.226150932391695,5.0
5,0,1397,1382,62,db01c9624aa7af8315053186abd73a24dffc4b80a84d1609d2c54b70bf5f9b08,0.0020555944182274466,22.362701422006538,41.73654054337506,6.460382383680942,27.25583581829071,4.893134396284172,4.893134396284172,0.7574063121471462,5.0
10,0,3,2,0,3b66a40c01031616e6192664d07a5d2f1ee26689ced6c8b0abd559051fb37c05,1.090511378582061,82.95517541683338,7.472058634900834,2.7335066553606255,80.79681925582885,-2.1583561610045336,2.1583561610045336,-0.7895924294794835,0.48
10,0,5,2,0,3d1430dfa0b29d8f774760f9cf93251ae02893d1623cf85a53a80da05126c562,1.090511378582061,82.95517541683338,7.472058634900834,2.7335066553606255,105.12153301811219,22.166357601278804,22.166357601278804,8.109128820962919,0.48
10,0,7,2,0,08d63fabc1ab71731dc9d4417641ad25cbc263d80942fb311a689e1cae40fcf8,1.090511378582061,82.95517541683338,7.472058634900834,2.7335066553606255,104.39297006607056,21.437794649237176,21.437794649237176,7.842598300317266,0.48
10,0,9,2,0,11c2d268a22864b9b7698bacdde3f8f367ec6aa8b52d27fc2bd88d317773c20c,1.090511378582061,82.95517541683338,7.472058634900834,2.7335066553606255,104.87138712882995,21.916211711996567,21.916211711996567,8.017617834958301,0.48
10,0,11,2,0,1c5f266ef831c03278bb5ccf9e0cd683650810ed846479ecab86c5892ae777f0,1.090511378582061,82.95517541683338,7.472058634900834,2.7335066553606255,80.4868258228302,-2.468349594003186,2.468349594003186,-0.9029974699942854,0.48
10,0,18,2,0,b66b554dce1952458f969a2d221a59918ca65e81c082fa03873a753556495289,1.090511378582061,82.95517541683338,7.472058634900834,2.7335066553606255,81.57145996665955,-1.3837154501738382,1.3837154501738382,-0.5062052610921073,0.48
10,0,20,2,0,5ab405451036ef8dfb0a4759f5cba3487b67a48681782fb634c22aac2fb611d2,1.090511378582061,82.95517541683338,7.472058634900834,2.7335066553606255,104.23079085731506,21.275615440481673,21.275615440481673,7.783268205606336,0.48
10,0,22,2,0,0312598235dc91749c3e441993b8f9a26014d9bd30aa17e6165bfb1c30e4712c,1.090511378582061,82.95517541683338,7.472058634900834,2.7335066553606255,34.86720773601532,-48.08796768081807,48.08796768081807,-17.59204338738803,0.48
10,0,32,31,1,0ff3115f913523bfa42c56254db59e9fcbcb93adbf8f4d49751cbccab0befe30,5.867046914694676,43.86710727894822,579.7601330353418,24.078208675799406,75.79932287025451,31.932215591306296,31.932215591306296,1.3261873431390607,7.5
10,0,34,31,1,433118ec266b7150c23987966b267e4c155e6780825a38e2968a84bc50ea24d5,5.748559779885703,44.78756847571402,606.8322396706043,24.633965163379692,71.63985676574707,26.85228829003305,26.85228829003305,1.090051403090846,7.5
10,0,36,31,1,7dcd6f65fb12847a396466390c2e6a2a2c0d4d840ffa4c16ec87db1522de9c8d,5.7322326803571215,43.63237346184734,551.876953732437,23.4920615045261,104.19908767032624,60.5667142084789,60.5667142084789,2.5781779175407746,7.5
10,0,38,31,1,d21c5bc39ef7b782e27ce8514cb02e938313f655b227f9cff8ab389186eb3fbb,5.647742039115961,43.45325863864943,533.330307177241,23.093945249290798,103.30426405143737,59.85100541278794,59.85100541278794,2.591631909001167,7.5
10,0,40,31,1,0c9f4c32ca4e04f0d9999b8ef751d465d3bbeb1f0db9c906894494b29660f35f,5.629386305870212,42.2966301000791,480.5133056423583,21.92061371500256,104.37396253204346,62.077332431964365,62.077332431964365,2.831915804869933,7.5
10,0,42,31,1,402f1f5424224fe83c6ec64f9aac175be81b1aee943d5105fcc0d1eb04625bc9,5.627744892094213,42.68974197514574,497.34972358101237,22.301339053541433,67.3262822189331,24.63654024378736,24.63654024378736,1.1047112545412423,7.5
10,0,44,31,1,441f2775cd6924974c2bfe58195a5c11315cecab00ba72dc291b7352c0d45039,5.612005715002496,42.13406510984484,471.5215804990453,21.71454766968553,64.76931137466431,22.63524626481947,22.63524626481947,1.0424000816935863,7.5
10,0,46,31,1,7930a43faf2227448286425687c51fe9c2aef4205aeedbada20e5e81677ba2c6,5.590237358995638,45.67110678704279,626.3141970955536,25.02627013950648,104.72771581459045,59.056609027547665,59.056609027547665,2.359784686185453,7.5
10,0,48,47,2,43f275c2b4a3871405b500a5d438966244c585f3a7f183300a72f04a90c3f850,3.8349784996870424,54.56420516659795,759.6020130313804,27.56087830660301,32.46351486587525,-22.100690300722704,22.100690300722704,-0.8018862844232305,8.54
10,0,67,47,2,786919d3bf96d78d38483e498e8ab34c54d41003d50970608a3b3a46b7402a43,3.766155265853502,49.09600360577629,530.3566238316894,23.029472938642982,77.99839016914368,28.902386563367386,28.902386563367386,1.2550172833035087,8.54
10,0,69,47,2,dea8b8fbe4abd764f64d4b0d5cae6a21dac9b5b0014c4cf0764a1bbcd9c76c04,3.6716274299366036,56.03683055034676,792.0290173008511,28.143010096662564,31.563670106887816,-24.47316044345894,24.47316044345894,-0.8695999596134592,8.54
10,0,78,47,2,f6ec30406409649c9cf485278b567e061107963fe8fe77dc1a4b5477521f5055,3.6153776189470737,59.76081495723761,942.5811407409153,30.701484341004026,34.55683033084869,-25.203984626388923,25.203984626388923,-0.8209370057306057,8.54
10,0,80,47,2,2a810c0ebee2be861a20cfd0e1fd50589441abd0b0793157040efb558e99b1df,3.6043497960340165,59.73360378810934,939.0107451062535,30.643282218232653,32.720669298172,-27.012934489937344,27.012934489937344,-0.8815287571859628,8.54
10,0,97,47,2,1091bf4b5f2c779dd1495a43ea23cf4f560a97863e635e6250994f53d7473d59,3.549060471484056,54.64019943092399,712.0465833049009,26.68420100555572,34.88285779953003,-19.757341631393963,19.757341631393963,-0.7404134614066366,8.54
10,0,99,47,2,a31df7e67d23d60ba85170ae3258cd294fce85e39d7f2f75338e116212e5c959,3.4698426557170423,55.845875824976346,746.6348098391385,27.32461911608538,32.41447392463684,-23.43140190033951,23.43140190033951,-0.8575197992987202,8.54
10,0,124,47,2,be8b45274cc91df6906bacc508d79b4a0332fbbb868511b3c4b9d6053d4af251,3.434188274487621,60.19275397768055,922.7019782978056,30.376009914039162,31.554338722229005,-28.638415255451548,28.638415255451548,-0.9427971394694425,8.54
10,0,150,149,3,0bc2557805bf1de74771999e5d6fd1241f84d7eb80a85b29815d52b13d548b07,5.237774710469667,50.07692810254331,927.5324640529637,30.45541764699614,32.375499584197996,-17.701428518345317,17.701428518345317,-0.5812242906506729,10.0
10,0,153,149,3,26991bb2ea9b11e46a91562745f144a4e3f58cb1dc2fdf7ac4fa9b2c4e022fd9,4.912097787521456,53.96601344129272,1063.1255915940499,32.60560675089562,34.617203795671465,-19.34880964562126,19.34880964562126,-0.5934197082558441,10.0
10,0,156,149,3,14bb6f360b0a717e18c1473be0778d3a2fe485c355c415080658544a49d7bdfc,4.822600788406702,52.04939897665324,948.8624900659802,30.803611639968132,32.29682630252838,-19.752572674124856,19.752572674124856,-0.6412421019000125,10.0
10,0,158,149,3,0b3d55f1417140bde8eaf506ffc937e246586beae5e4b8de998a513d84aa3d4e,4.765515392353311,47.554913475947636,726.4732751087275,26.953168183141802,31.927837908744813,-15.627075567202823,15.627075567202823,-0.5797862225701902,10.0
10,0,160,149,3,dfa12ea251a56456fdfa7ad29afc1808664e879d9e1508f3db427b4b42d19ead,4.670924180992833,53.45188099014802,988.6421374242735,31.44268018830891,31.16154788017273,-22.29033310997529,22.29033310997529,-0.7089196269681658,10.0
10,0,162,149,3,244209b3be81360da82bffeaf977facf55b4405bacc9dd60e688c7f25e2f4661,4.56348248510932,54.21169048870888,1004.6034029049972,31.69547921873082,35.835971587896346,-18.375718900812537,18.375718900812537,-0.579758355253174,10.0
10,0,165,149,3,12d8727e7a887007f47270b578f0cc091eb30c68f4bb9333d4121b0aa3a80f7b,4.481218078045348,48.98059054059184,744.2687980880738,27.28129025702549,31.448294312000275,-17.532296228591566,17.532296228591566,-0.6426490852673892,10.0
10,0,198,149,3,180e0cdd03cb5adf9144254d06f8b2e3c50f2cf68f11c3d406f1806125dcb547,4.4240552011384295,59.81886686755687,1259.1858188384358,35.48500836745619,31.14685103034973,-28.67201583720714,28.67201583720714,-0.8080036374882937,10.0
10,0,201,200,4,23f0e93a0321a476cb08d47e299d1dd3dd1e6e8c33af3992e3588b951c7afb89,4.543553516808662,49.59322984523442,827.2053998208606,28.761178693177033,35.89490408563614,-13.698325759598276,13.698325759598276,-0.47627831618903393,10.0
10,0,204,200,4,287f78b98962c4ddbe45a6e6792bd9a643b106db246bc204d61388f564078c98,4.337124063878432,54.92385833563607,1040.8928904567274,32.26287170195374,27.246634364128113,-27.677223971507956,27.677223971507956,-0.8578661015420989,10.0
10,0,240,200,4,e656417c85f1987fd72afba0b1cef9c47d583a9fb3bd8686d0c527ec1e0ce86f,4.332647498444101,55.112102318336,1049.168546372933,32.39087134321849,30.006781853675843,-25.105320464660156,25.105320464660156,-0.7750739459473147,10.0
10,0,242,200,4,34d835f7e14d3848b8a1c1ac514bfc45e6e34b2e4df729df0ae061ecd97f27d2,4.1948188833995355,53.742800429988435,954.7212824539811,30.89856440765462,33.74897108745575,-19.993829342532685,19.993829342532685,-0.6470795561485547,10.0
10,0,244,200,4,90932d29d1d391d7cd0ad81f4692b7dfa8745662ceb341b650aa1810c8fde3ca,4.188011721470032,54.29105547582436,979.2289480550395,31.292634086235687,31.320456434249877,-22.97059904157448,22.97059904157448,-0.7340577011916769,10.0
10,0,246,200,4,07dd72be65dc0c27b5c5acd564ddf8771b4b7ae103784904d22ffe9a5511734f,4.013506861021717,40.64879526918357,387.6240524441835,19.688170368121654,32.165776609420774,-8.483018659762799,8.483018659762799,-0.43086881620539935,10.0
10,0,248,200,4,14ee465b69d773281acfed76d298fa761a8055564ffdbbd2918cada240350d51,3.9717646994594844,39.77754237955539,353.15445787824325,18.792404260185638,32.37087565231323,-7.406666727242161,7.406666727242161,-0.39413087461800883,10.0
10,0,250,200,4,2ec5319ed2d14bf07f54f6decc8ec04dc9c6d54e2fadaa7d360edd533ae20695,3.912695021273503,54.59103326174656,936.5404842787615,30.60294894742599,29.895968626022338,-24.695064635724222,24.695064635724222,-0.8069504895802312,10.0
10,0,252,251,5,e51bf57d20bf3a8f8247a22e203b26f63590909c1b4fd303d6234b7000b05e0b,5.111379094096405,39.12441074535917,631.676669987428,25.133178668593196,25.97307821559906,-13.151332529760111,13.151332529760111,-0.5232657875541313,10.0
10,0,254,251,5,8f3d12bb6feae1caaebea77879c1122726d7833facd74d886e1859832361a909,4.804204956911547,41.91948428176735,711.1821922583138,26.667999404873132,28.11071287727356,-13.808771404493793,13.808771404493793,-0.5178030490720077,10.0
10,0,256,251,5,254b84d9f738e97a769bcf5a5fc546bf699b2859831c2c0eef1d6e68c914300b,4.702785942325109,36.275453185455035,459.26745585276205,21.430526261684804,30.06672907280922,-6.208724112645815,6.208724112645815,-0.28971402926983947,10.0
10,0,258,251,5,4cf38799aa7a56604f4584c665b46d2bcf5d0f11fb3955168cd2471cda04425c,4.676672002942735,36.127606567456056,450.4237091945784,21.223188007332414,27.45343147969246,-8.674175087763597,8.674175087763597,-0.40871216354332585,10.0
10,0,260,251,5,768920f3008f1f102a466b1b9100b79d44cdc2dbad89e7ffe02045a26fa62706,4.637580777243398,41.44268707394329,664.4623463933494,25.777167152217277,28.538016430854796,-12.904670643088494,12.904670643088494,-0.500624082036822,10.0
10,0,269,251,5,0d56db79c59cde5dccec7d2c51311947f37a5346abe8a3cce8606cdeb6cd1c4b,4.466628828065093,41.57389566929773,644.3567905883007,25.384183866894375,27.18057652282715,-14.393319146470578,14.393319146470578,-0.5670191809964827,10.0
10,0,317,251,5,b9340b64de2c52cfbc2b1e64fa169dca15843463258b7419503314446e759f1a,4.448506460601747,37.87774736756774,491.10420336395333,22.160870997412385,29.233779109954835,-8.643968257612908,8.643968257612908,-0.3900554386432835,10.0
10,0,319,251,5,199ee0d078ea87e2d7907ee5e577af2a6c99dcb7a3dbe59835b9f3369b9edf60,4.353547229141033,43.657516740336035,716.1990162326969,26.761894855048975,25.054323812484743,-18.603192927851293,18.603192927851293,-0.6951373596156836,10.0
10,0,369,368,6,348a56b2cc7a6d36dd388a81365897bf618aff55b84b2e80aa3e5ebaa6808a9e,3.4039374432223335,34.90359797240022,336.2317097380956,18.336622091816572,21.6341023209095,-13.269495651490722,13.269495651490722,-0.7236608566750551,10.0
10,0,420,368,6,0c54e84e1fd6b9ba4333bfb986c671c8fcd86069b969839c7cf504fdf9ef8164,3.35142636272665,36.800502781295215,390.97847368397504,19.77317560949619,21.33486763870716,-15.465635142588056,15.465635142588056,-0.7821523182730744,10.0
10,0,425,368,6,c78d0e3ebb26e7fdb5a36957258e3dea1aaa12e03749d7ba49662b77762a7325,3.163406992451784,34.88153411176098,310.33331190262675,17.616279740700836,26.19765776157379,-8.683876350187187,8.683876350187187,-0.4929460974739104,10.0
10,0,427,368,6,4e17cb0c867b07e7d60e1b4ed39466ff362189fe37cb89944211ce6cc0ab72c4,3.083816218118757,35.22897259306053,312.32999449282977,17.672860393632654,4.991123805165291,-30.237848787895242,30.237848787895242,-1.710976498110607,10.0
10,0,481,368,6,7dfec1e4e86ba78468d400885ef4c303bdfbc493edc3a41844e34ac10c3380d8,3.0571156427117154,35.28189523519002,311.08806413495114,17.63768874129916,28.36356303882599,-6.91833219636403,6.91833219636403,-0.3922470964216844,10.0
10,0,483,368,6,933dc3cfac2261f774d914b29751ac8dd0f94c4ecec7473a5982775a194a3ab3,2.9644715868709133,37.45798226949298,365.8812588306342,19.128022867788353,27.18318866419792,-10.27479360529506,10.27479360529506,-0.5371592075309488,10.0
10,0,485,368,6,cf1cba03b7e4b7683984c12d6fb1b8f398ce0eb9a9d77168f636567c6a6a5cab,2.9538523444755365,36.242333243672086,328.22086818787824,18.11686695286683,21.25570476579666,-14.986628477875424,14.986628477875424,-0.8272196576187765,10.0
10,0,487,368,6,9ea800ad32e033cf0030ec6aaebebb81f339facfdf7a81bbe38c3f9cb2141912,2.8343285352770424,30.35894449731494,161.58279916308277,12.71152229920094,24.995136348724365,-5.363808148590575,5.363808148590575,-0.4219642637867024,10.0
10,0,489,488,7,e6ce8152df333253cf9fd02759ad0120f0b64cabbaff3772492d997cee649d4d,5.480280349437396,26.42168317012026,1175.6454685103922,34.28768683522399,75.40766951370239,48.98598634358213,48.98598634358213,1.428675739456955,10.0
10,0,491,488,7,f74e80c2a4589cf2f26b9c7c0dbf905cc5b5c28c99481dca70c982a2ae90cb20,4.8396471514231045,28.084249725836074,1129.1208471589366,33.602393473663994,74.0834699344635,45.99922020862742,45.99922020862742,1.3689268963736017,10.0
10,0,493,488,7,a7e15246d1ef15bb397b2f513bf83ac6a5c55f5d56971fc7e6eeab234bff2cc6,4.308846418741363,32.56759531841805,1241.6115313383436,35.23650850096166,76.33024560832978,43.762650289911726,43.762650289911726,1.241968973421909,10.0
10,0,495,488,7,b45a9dbb0b655e17d2aa6e30b3f639c3854a3578c837ede699e4b5de659ca16f,2.682091029810426,9.558784087696026,139.44151547729106,11.808535704196819,25.20123305273056,15.642448965034536,15.642448965034536,1.3246730464197287,10.0
10,0,497,488,7,57f66a45df08a6f1e904add728dabcdeda31b3a5874b6a0c35da52e86550b7e9,1.7029606371557038,13.95246866880855,158.7646404643599,12.60018414406551,32.76669165897369,18.814222990165142,18.814222990165142,1.4931704787049758,10.0
10,0,499,488,7,7a19c1e7f64c692dd46c0e463b1649d6c482c7d01a9aacd6356bf359270e2f7e,0.6106372653893621,68.88438944522116,1359.1900876574737,36.86719527788185,65.10887974739074,-3.7755096978304152,3.7755096978304152,-0.10240837875984288,10.0
10,0,501,488,7,cc8d80c1c4bd53bb16e123eae818961a04b48dbf4daeda34455107137ab1de10,0.5523127569529098,71.99687203437847,1414.5459084123527,37.610449457728535,40.882487867355344,-31.114384167023125,31.114384167023125,-0.8272803068198766,10.0
10,0,503,488,7,4ebe80774bb38ed5e1979405e3c8cc3789dca5faa8dafe5725ca3114b619b031,0.49642341039494164,70.21530703066662,1302.5077287473093,36.09027194061177,65.57863397216796,-4.636673058498658,4.636673058498658,-0.12847431757035582,10.0
10,0,505,504,8,dba7337c785c1ec1a1836ad92f2cfa7582d1b837a7f723569e2f9072fe8ae21d,1.3503371026739779,22.83414594906218,300.6435662357274,17.33907627977129,33.90403851222992,11.069892563167738,11.069892563167738,0.6384361187730904,10.0
10,0,507,504,8,357dc64726c4461be07f8ecaa5e86425abfbaf1f04c253e7ac7048fab0004bd0,1.150998972193079,53.69253359715446,1155.363178687003,33.99063369057722,76.81000757932662,23.117473982172164,23.117473982172164,0.6801130626929359,10.0
10,0,509,504,8,2b0ef1b9c52516871054bb58d076f378d0ba382d80c52cde34c0822b7f29053f,0.947488225621111,23.026543420453514,243.92212122429856,15.618006314004953,33.157987133979795,10.13144371352628,10.13144371352628,0.6487027543612419,10.0
10,0,511,504,8,9cb120f060d8bf7072ae33dc4c4dac2cb658f3aaee257a5d8c17f93e98a41cc2,0.8748059394468757,55.94282504562569,1092.8971211519006,33.05899455748617,78.4478863143921,22.505061268766404,22.505061268766404,0.6807545592359874,10.0
10,0,513,504,8,4e0493c620e6eb9a4490005dc8b241c0396de7c47ff2239eafa163d0f575fe27,0.8439547975675752,23.350203500725435,233.71848557125418,15.287854184654371,31.769810953140258,8.419607452414823,8.419607452414823,0.5507383410855822,10.0
10,0,515,504,8,bf7af17a3a6b261336d5dc43325fa829a412d5c4920ddc3e7db9760e478af87b,0.7703108270014449,27.282555689847538,294.0043641952287,17.146555461527214,28.07706132030487,0.7945056304573335,0.7945056304573335,0.046336165432177605,10.0
10,0,517,504,8,a30506b5a2baa5890512307b2ac2ad1423c1619990a0959c61f79163ee454e89,0.7346061290223607,25.299501665758932,250.1990616631709,15.817681930775157,17.865676774144173,-7.4338248916147585,7.4338248916147585,-0.4699692991772315,10.0
10,0,519,504,8,748bd0ba866cda39e4c1f122b8cbbfdb302c509cb89b861152fc58a6b853ee74,0.7231864299656094,55.41579836554537,991.2323036125244,31.48384194491715,76.78216020393371,21.366361838388343,21.366361838388343,0.6786453151356198,10.0
10,0,521,520,9,20bd26f94296b4377ad74621e392de17c7357b950b69adb04e0bcbde35264817,1.0911730073017658,25.32634002353317,314.01928283137727,17.72058923488091,26.082819016456604,0.7564789929234337,0.7564789929234337,0.04268926856192756,10.0
10,0,523,520,9,a8d324f48ba9455bf5a4ffb8964d017ba5e7e1f28d07a0a9967eb2ec0d56c46c,0.874413269604041,29.089079812468007,352.7069200991753,18.780493073909835,30.635362619400023,1.546282806932016,1.546282806932016,0.08233451597073013,10.0
10,0,525,520,9,c77a284dfaa8f56c31c99cfceede81e115da72fe552a0832106810bbd55f2efe,0.8595924368950945,27.77239501744992,322.062360905132,17.94609597949181,31.127138676881792,3.354743659431872,3.354743659431872,0.18693445433845665,10.0
10,0,527,520,9,b38af5816b52553433f354f838a0047684a6e6d02dd16813e1a10d6085b220ee,0.8150328797249538,25.59103214523104,270.4574458229777,16.44559046744682,28.217870086669922,2.6268379414388825,2.6268379414388825,0.15972901347863244,10.0
10,0,529,520,9,9a10fb499677972db58f0409a0a5896609e95683c097d29f542a1b7520b06147,0.1418569357466284,63.16070072279454,720.005242734143,26.832913422402402,61.35194950962067,-1.8087512131738706,1.8087512131738706,-0.06740793236651563,10.0
10,0,531,520,9,7f4759257ba5c75d511f0e35d3b1e6ac11884f79ee7827b54a9e4e8e9fb4be99,0.10676171195581718,63.60358331949747,675.0828757443751,25.982357009023932,76.73002461433411,13.126441294836646,13.126441294836646,0.5052059476466165,10.0
10,0,533,520,9,f23f080b011e045112758cc56e6157f349ad56401fed05aeb702a273a8fc6f46,0.08770006717521228,25.443527269632952,105.930112266928,10.292235533008755,27.75724483013153,2.313717560498578,2.313717560498578,0.22480223592611498,10.0
10,0,535,520,9,4ae8482cbcacfe09f9dadde817c1ccb18e62b0545bd41322c1776e7ebdef81dd,0.04286832545065494,68.82009766918753,628.4492744915719,25.068890571614293,36.47861898994446,-32.341478679243075,32.341478679243075,-1.2901041067953598,10.0
10,0,537,536,10,cf7393a30356e678642f5d5a7f36a330f9cb5a3fd8a72a5f7a30c0eb345c7f5f,0.667815653775033,23.06964339805991,201.06738486061437,14.179823160414038,15.645819355845452,-7.4238240422144575,7.4238240422144575,-0.523548422165068,10.0
10,0,539,536,10,16af644f5095279271b39d820df5b81a5ec583ef8b0349c59584384b923b57be,0.5171468302615945,25.52937661039029,213.1324634936894,14.59905693850426,24.45711476802826,-1.0722618423620318,1.0722618423620318,-0.07344733614498046,10.0
10,0,541,536,10,0242ecd1ccafc51669e1ab6a89f307da7a8200758eee386d1695684a22bb7a80,0.4153192525192757,60.75236921837631,941.8365797981544,30.68935613202327,35.37375098228455,-25.37861823609176,25.37861823609176,-0.8269517981059908,10.0
10,0,543,536,10,5c6de9f3171f789d44f35370d54488030e7c0085b36c8a31e17adeef6bbbc21c,0.3933545166712804,24.46312604573206,172.84107452661695,13.146903609847337,27.546142210483552,3.0830161647514913,3.0830161647514913,0.23450511666049187,10.0
10,0,545,536,10,9068d6ab879a94e76b1c0677b523357545228e85b8f091cf30c6f0d6166156f1,0.38598590218617823,59.69920990027494,889.4388331854512,29.823461120155912,63.277735107421876,3.5785252071469387,3.5785252071469387,0.11999027184435093,10.0
10,0,547,536,10,f0fe80882f08c09fb7ca984735be08ec9b52016f7ae95f704ed365d663fd901c,0.3722322302550767,27.443101768035213,210.19809222040246,14.498209966075207,26.269637376070023,-1.1734643919651901,1.1734643919651901,-0.08093857067258747,10.0
10,0,549,536,10,bfdaa1893292c97c44438a87b3adae6c0751ef636ad7129eeadabd31f9fb088f,0.3681725996732199,58.80859722303077,851.5164748996292,29.180755214689512,37.673318806648254,-21.13527841638252,21.13527841638252,-0.7242882598783146,10.0
10,0,551,536,10,2c337260717d83c2c2f79fc9296d264ceda378a000bf27c8fa2ee4152baa5f1f,0.32881294238161884,26.61128075165396,187.9085900196057,13.707975416508658,28.09549788427353,1.4842171326195697,1.4842171326195697,0.10827398558302866,10.0
10,0,553,552,11,958ef12a4072f76a473306ebd19ab7a1dbe3b11695530af750bfcb776bb1f659,0.8081592943144638,37.90868768714439,539.3824889941426,23.224609555257167,34.26305198860168,-3.645635698542712,3.645635698542712,-0.15697295964734437,10.0
10,0,555,552,11,b7dc73fa387e840e14b2a79e11637a1ace4f300b094a4ce8161b38d386f3898f,0.5153623583902958,42.02656730980328,529.593479878308,23.012898119930657,29.787454694747925,-12.239112615055358,12.239112615055358,-0.5318370833291742,10.0
10,0,557,552,11,84d73b57d3d6d9c93495782f10e954eefc9f833c0463fb4444f1b5ed9a330565,0.4633762176011955,38.85150114386776,439.8948804047527,20.973671123691073,26.165998873233796,-12.685502270633961,12.685502270633961,-0.6048298457538458,10.0
10,0,559,552,11,fe6670052c467ca31c79cf608f111dc2a6ba7d25283a8e50c76d2d3f927f1d7c,0.41725165542436327,42.39366605454633,494.08919877386046,22.228117301603852,31.83753165626526,-10.55613439828107,10.55613439828107,-0.47490006711092,10.0
10,0,561,552,11,01509f93dfde5fc5c6f7f0494d336162c6032b670a9f367d7fa86b3ba2382195,0.4091105366072121,43.505497821294995,513.8995588394802,22.66935285444823,23.133233423233033,-20.37226439806196,20.37226439806196,-0.8986698706780449,10.0
10,0,563,552,11,8cc1ec8bd0f3f925c76edd3598fa0880d8789b18c36a6c7357a9d6c6b6659306,0.4074062082951293,61.720253834238264,962.7358362594376,31.027984727652512,39.46975564956665,-22.250498184671613,22.250498184671613,-0.7171106464043635,10.0
10,0,565,552,11,d449516043535c608c9fe64fba77fd1088de0fb827edd0c3292e0173d50fb41a,0.3990899575012592,42.877441757877804,495.7206918937672,22.26478591618988,38.54245065116882,-4.3349911067089835,4.3349911067089835,-0.19470167478937161,10.0
10,0,567,552,11,1b281ee91e3d3f075f046a8ba064da5ff417e2799ac5232a32aee2bb18b2303f,0.3876970728293594,21.602027406795774,134.96578955282996,11.6174777620975,5.921080314636231,-15.680947092159542,15.680947092159542,-1.3497720773195088,10.0
10,0,570,569,12,9d0c42aaf310e4de9591b81d5d348fdb0e585293c8d3a3a4f2766f7736e3ee22,1.0829895129134761,26.758967059743835,344.5382877136905,18.56174258289589,16.800818849086763,-9.958148210657072,9.958148210657072,-0.5364877875115679,10.0
10,0,572,569,12,70cb1b18db2c50bc63d94ff8421c11b69621dc484d30df830a4a3b7bed9602f7,0.5592178407602737,31.032999912605455,317.5447629959598,17.819785716892326,15.05454553937912,-15.978454373226334,15.978454373226334,-0.8966692768970563,10.0
10,0,574,569,12,8fab46194879d33185b71e7789ad0e825ff49787604e8c47903a48d2f876026c,0.49730655129194834,30.031309851130537,283.3569368079217,16.83320934367305,28.443393595695497,-1.5879162554350401,1.5879162554350401,-0.0943323535646443,10.0
10,0,576,569,12,fc678f620a7fb02fbffd7171fedafda92defc3adba89e7a5cd3fa83a6db64f7d,0.4964734672033897,31.639100487305008,311.6412429786496,17.653363503271823,60.95828879737854,29.319188310073535,29.319188310073535,1.6608273151255057,10.0
10,0,578,569,12,fd14ff161f9e07a22ce259a0106bf694a0b7ab051aeb2b93fa49fd22b7e7ec6c,0.4831886658421183,37.98661286054814,429.793541725687,20.73146260459418,64.42199732589722,26.43538446534908,26.43538446534908,1.2751335961935886,10.0
10,0,580,569,12,dccaa02df0966ea0074a0ab72ec1e58670bf7547123620c13487d1d2e7578cbb,0.3965125175354507,37.137756525437936,380.2819108868113,19.50081821070109,66.64156243515015,29.503805909712213,29.503805909712213,1.5129522049245079,10.0
10,0,582,569,12,234009cb89ae99a4af0ce5863e88092760bcff63fdeeb3e6543185fad7164c9e,0.3737575757414746,36.25095000208893,355.2137543688792,18.847115279768392,61.79405452919006,25.543104527101136,25.543104527101136,1.3552792641174438,10.0
10,0,584,569,12,1575f7e828bf7df1c95271349514022c2518929b7528e86996deba4d97eaa5b1,0.371355141085987,53.504900112418234,720.8496267009702,26.848642921029924,75.61957921028137,22.11467909786314,22.11467909786314,0.8236795864472248,10.0
10,0,586,585,13,cd90be34149fd92f0b87e7adbdfe42befffa46c19b338e2dd6703c83cc34d9b8,0.8769958217945439,24.580662439266977,263.60682051141663,16.235973038639127,29.47653989315033,4.8958774538833545,4.8958774538833545,0.30154505937105935,10.0
10,0,588,585,13,4a440ce8287d58dd0af3b5b1e816156237f68bb3c3bdd380b8dad8aa67b1f212,0.5761920520080062,27.891250958777775,265.7332518683447,16.301326690436724,28.183172390937806,0.29192143216003075,0.29192143216003075,0.017907832761322934,10.0
10,0,590,585,13,eaa58147c64fd08a189cf159e7a3bd9ef5fb81ca9f3ebad800444ca24748963d,0.5441516530145654,25.809314975844515,223.99763473290864,14.966550528859635,26.231778033733367,0.4224630578888515,0.4224630578888515,0.028227149407221545,10.0
10,0,592,585,13,22389b0d58036a150feca619f34000a35d418991a587075484f22d3d00dfe219,0.24095431441382809,25.903595415462004,157.76098223185238,12.560293875218541,23.20482881164551,-2.6987666038164946,2.6987666038164946,-0.21486492518627776,10.0
10,0,594,585,13,fd6074fde80b6477060d17d8422bcbfdaff12e3c11e7632c0faa7659322b2aff,0.21845484493591505,28.37016202442791,181.61657822084567,13.476519514357024,27.074984063625337,-1.2951779608025724,1.2951779608025724,-0.0961062653768113,10.0
10,0,596,585,13,67086aa0f6f0884f6f4f78b61ed4738258b720d065b7c57d94303729125fcffa,0.1804942249212098,45.35843624073928,417.4467188725307,20.431512887511065,66.23904284477234,20.880606604033062,20.880606604033062,1.021980443591943,10.0
10,0,598,585,13,61e3e9965a8d5cdba7e1ff1fba3792eeeaf7a019d9d27d39a06b8e4ababe046e,0.17860470372941806,44.6130631736949,403.2725067687915,20.081646017415792,61.885983945846554,17.272920772151657,17.272920772151657,0.8601347099322302,10.0
10,0,600,585,13,4e118cca89164701a03c520b85b4f70202f5872e2460a07299ee4d69ce786604,0.1754777978101506,27.131521390940563,153.42292677672629,12.386400880672573,28.734776823043823,1.6032554321032606,1.6032554321032606,0.12943674660206902,10.0
10,0,602,601,14,0fa88c7d5f55d9d1bf46ccaa87a24dd424542899155d263e4969ca81ccbd1602,0.5293443597808927,26.464333335593437,231.86666701672507,15.227168713084028,28.414307368278504,1.9499740326850663,1.9499740326850663,0.12805887091863247,10.0
10,0,604,601,14,2feeedc00b5808878b327e146202eb3c8c1329660db0f974c0fa801a15e2afeb,0.5076866902025428,42.60986351275412,540.97726338697,23.25891793241831,61.86039171600342,19.250528203249303,19.250528203249303,0.8276622437545941,10.0
10,0,606,601,14,4e6d08c7fbcda1c66970b3cec070091b418674da739d9ff1246bf0f51bcb0dce,0.2785812070084335,29.959844955162183,221.81565280994306,14.89347685431253,36.34694593906403,6.3871009839018456,6.3871009839018456,0.42885224493785057,10.0
10,0,608,601,14,3e2600fed08a07c2054f62f106e072b24e30fcceadd8472af328bd93fe365df6,0.20218060951021244,21.852166970461894,104.74796096738213,10.23464513148268,25.089105100631713,3.2369381301698184,3.2369381301698184,0.3162726297380559,10.0
10,0,610,601,14,c65b828ba707e56454216a71334a5dd0de8ddfca4dcd6db1d6f05f2fbc64c69b,0.190964244257525,21.801797252556543,101.92546392714652,10.095814178517081,23.02678451311588,1.2249872605593382,1.2249872605593382,0.12133615366712998,10.0
10,0,612,601,14,e77c0a58ada319c3e872d56ca1b1aac9eaf58e49ee300f4f6d76ae8512450041,0.17757376044013817,76.49315463637558,1095.2064525258365,33.0939035552749,26.752961580991744,-49.740193055383834,49.740193055383834,-1.503001692511298,10.0
10,0,614,601,14,9c1787a0210f9a833d0018079c2a084ca372808a012dbf77256bb1a5e51576d8,0.17324833995682898,32.84524045045208,222.62846052301714,14.920739275351512,38.66452995491028,5.819289504458197,5.819289504458197,0.39001348372003525,10.0
10,0,616,601,14,da155d8a26ca343a7b619af3c56a8e0e14e74ea933c90df8f88f1fb2e566e4e1,0.16935181447071268,78.18965638301258,1125.1521677114843,33.54328796810898,30.750876967430116,-47.43877941558246,47.43877941558246,-1.4142554975733004,10.0
10,0,618,617,15,df2dd39b4296b65b2a057ad624a931c71e4283cf18eed626df12711d8ace8554,0.9280984276891897,51.80559035754989,987.291431847527,31.421193991437164,27.2803759059906,-24.52521445155929,24.52521445155929,-0.7805309517595941,10.0
10,0,620,617,15,bb7811d0f1ba5ea2bdf33de800ce82dc845d0cbff28de968fa433ae294331258,0.745302657505373,54.300886570507146,972.2775737976502,31.18136581033054,33.6759140291214,-20.624972541385745,20.624972541385745,-0.6614518641307428,10.0
10,0,622,617,15,ef026f441b1ec493d84939333fb8efc2538d946b984a2e52fb57c2bbf301d88c,0.7157531657325138,51.17733717940528,862.4778032691164,29.36797240650291,34.49423875617981,-16.683098423225466,16.683098423225466,-0.5680711692418831,10.0
10,0,624,617,15,9787ea67f9bb05948d92b146d8041ff5dad8bff2f1e3a7aa2832f7470a7d6704,0.6917322466860312,47.57795265774114,748.6391888048237,27.361271695680077,22.95980595588684,-24.618146701854304,24.618146701854304,-0.8997442434571171,10.0
10,0,626,617,15,b83b19002600e928f73c90e47182f565896656909d882f6242201b739ba81bc8,0.5989883118375503,51.87309299723217,820.1076646166755,28.63752197060136,26.78573168849945,-25.08736130873272,25.08736130873272,-0.8760311501283822,10.0
10,0,628,617,15,d5ae57c8768433ac31ffc0f394b25581ca22c50ed45c0658008ca47415d89bc3,0.5792650130878485,58.97434221062797,1013.6829205775637,31.838387531053826,27.346619639635087,-31.62772257099288,31.62772257099288,-0.9933833031005269,10.0
10,0,630,617,15,02b2fb315fcf7c2494a9cafd15c05d4a5853b10ec16e8a89874004aacce02046,0.5524003835987279,59.1545374617138,1000.6227851482746,31.63262216681182,10.697890856981278,-48.456646604732526,48.456646604732526,-1.5318567758689339,10.0
10,0,632,617,15,dd4ec448f6bae64ac9d85b42c6ce75ff6a0bc7ac523b1b9417e8c56d6705a449,0.5441053456647613,60.99733159978236,1050.015274820653,32.4039391867818,36.79293506813049,-24.204396531651874,24.204396531651874,-0.7469584605789323,10.0
10,0,634,633,16,c520d2bcbcc1d638a00ff4d17db7bb4df939d052385d1f69ce0ab9ecd455c174,1.3755737242122548,56.930692464762124,1392.5492496126888,37.316876203839584,31.760902921676635,-25.16978954308549,25.16978954308549,-0.674488116465004,10.0
10,0,636,633,16,42c0e95e51e7dfb69d195ac1fab069fc444997b0fc8599ee497d89d18c0522ec,1.2266262254749196,54.076746933325445,1209.4786143798597,34.777559062991465,30.172417323112487,-23.904329610212958,23.904329610212958,-0.6873492635557263,10.0
10,0,638,633,16,86dff4822db19c8db81150867d305ccbb888f04fad4eb0415d3b0ab74840b233,0.9567343061991238,59.1741482150694,1254.8616405059474,35.424026316977965,38.72329113101959,-20.450857084049808,20.450857084049808,-0.5773159973700719,10.0
10,0,640,633,16,8e80e73557dcabb1f4eeeac9249a2af952c337996c02f48fd28347a381c38dfc,0.9332895866560369,56.38216042613369,1143.3519094318958,33.813487093642024,18.751452538967133,-37.63070788716655,37.63070788716655,-1.1128904801493331,10.0
10,0,642,633,16,cbe22e5b4729ad4eadf1d509bffda80bd50f4c19ea40771327fe3c2d0dcbda42,0.9110300272967278,58.55684588453379,1206.5385091544042,34.73526319397054,30.807735677719116,-27.749110206814677,27.749110206814677,-0.7988743327452736,10.0
10,0,644,633,16,52788d91a5205fc8159ebee120b2530fabb1db6abb96a4ac7eac816321b2c9ad,0.8807754435365953,58.69354000429585,1193.7228577991475,34.55029461233504,3.0010617208480834,-55.69247828344776,55.69247828344776,-1.6119248448771435,10.0
10,0,780,633,16,9216a30dbc219656fa0f3a5ce9ace392ad67dc535bd39e55bc45a52099da007b,0.8530002793021083,60.84067181921102,1252.0147466713197,35.383820408080865,25.669923877716066,-35.17074794149495,35.17074794149495,-0.9939782515248904,10.0
10,0,782,633,16,a34480bcfb2e04c32f049181771c52d32d9f2ff37ff04a73027298f892b582b2,0.8470704473349695,60.682870226897485,1242.7849698192765,35.25315545904049,28.41530997657776,-32.267560250319725,32.267560250319725,-0.915309844754475,10.0
10,0,784,783,17,0274e6326181de3178721487d0b106b07c421b0d9f67c8b0b32415d417da1489,3.566103911844124,28.35030731525883,953.4172906126341,30.877456025596313,61.17556860733032,32.82526129207149,32.82526129207149,1.0630817922584204,10.0
10,0,786,783,17,5f61f90e58ffd3e8bea10f249d6be1a45ce643e54f59bb4c836caa6de35a6048,3.465095486931764,30.87831975541417,1044.5907423937053,32.320129059050885,74.12365785408021,43.24533809866604,43.24533809866604,1.3380311080953333,10.0
10,0,788,783,17,59b1380d87062739b601a3dccd167757184424baff8559322e8b29cebcf85e38,2.734873800288625,36.828481212050264,1123.166983649027,33.51368352850858,60.342493389129636,23.514012177079373,23.514012177079373,0.7016242233437892,10.0
10,0,790,783,17,ae2be20b4adaf14779a662e3da08536c1fca42df775244bfee4ddb1c775862a8,2.6141531746385924,44.286616660737145,1424.390680225614,37.74110067586283,59.3722142124176,15.085597551680458,15.085597551680458,0.39971270793722213,10.0
10,0,792,783,17,4d6fcb13236d57ed61907cc85716c53224c6c86f530d993343e085e4660c583a,2.522028086615353,34.553495589924985,969.758735651443,31.140949498232114,77.46270016479492,42.90920457486994,42.90920457486994,1.3779028984747532,10.0
10,0,794,783,17,231899079b36031f006dd3740d9261455767f27fd63742fe5d8e2b27ac7ceeb3,2.342692618294209,40.84570700663158,1180.0926185872818,34.35247616384126,77.71963066291809,36.873923656286514,36.873923656286514,1.0733992938505923,10.0
10,0,796,783,17,559501c6ee3f25dd68d8a288e128c8fa844936be0a944922365d0272e9e7c4f1,2.2828076245339783,36.163333385462956,969.9531552878324,31.14407094918441,43.777984506607055,7.6146511211440995,7.6146511211440995,0.24449761669142064,10.0
10,0,798,783,17,a14a12186808b71f64fd456a3a3dd21feefdaa35489b336fd05ddcc7cdba2992,2.267485005615195,31.008558881224467,770.9804667545263,27.766535015275608,35.52500212287903,4.516443241654564,4.516443241654564,0.16265779072433298,10.0
10,0,800,799,18,bb1940262ddf74b8dbc695561ac4e1b8ca3ef24e71c534346a355f2accbfa2de,2.048701090127028,34.99239097622074,861.8075318899837,29.356558583900526,33.95668897628784,-1.035701999932897,1.035701999932897,-0.035280089012234825,10.0
10,0,802,799,18,230439275f8f2685e92071387b8f603ca9d893ab153801f47a5e9348f735e5f9,1.2756018996067042,40.43153399772682,818.7451011842744,28.6137222532175,33.18359722518921,-7.2479367725376065,7.2479367725376065,-0.25330282821636757,10.0
10,0,804,799,18,4be2c89fc32c231ab4d43244229795e4fe460882b848ce073bed6a5672a71d20,1.2075841690223572,41.637268145148965,833.8767025981165,28.87692335755519,39.89251351547241,-1.7447546296765566,1.7447546296765566,-0.060420378170933826,10.0
10,0,806,799,18,cc8e3beea0b25472f5c725cd8d54e2704831bbf2bd62bfb76f98dcbe125c600a,1.1950294600053182,43.046511989616,874.8235136622653,29.577415601473117,32.83113480854034,-10.21537718107566,10.21537718107566,-0.345377612389058,10.0
10,0,808,799,18,919c3fe66c6c0ab2cafbc6225e49646ee3000b558a744f7792715eeaa06d145d,1.1550088347708147,42.8430553823371,853.3731441252163,29.212551140309817,38.81740037059784,-4.025655011739261,4.025655011739261,-0.1378056641614001,10.0
10,0,810,799,18,d606c562eaadc7722d2e7e7affa6d6ad9225aff2620ef9b7e45a71d584b1eec1,1.1254104161853373,47.243104398331546,986.2091263949786,31.40396673025525,43.86782829284668,-3.375276105484865,3.375276105484865,-0.1074792918511486,10.0
10,0,812,799,18,c6ccc031fd2359958ecc8c9eb73cf676882941af03689706dc5231b4fe76a81a,1.1174496753852785,43.61131123044094,863.7495341379172,29.389616093748437,22.13612798833847,-21.47518324210247,21.47518324210247,-0.730706490809539,10.0
10,0,814,799,18,503cf2271d1d4b784b49c351db84df7b04f06c75ff19f3d2f1a4b5610cedd241,1.111033817638754,46.19015159660031,945.0127727169993,30.741060045434335,31.72804232597351,-14.462109270626797,14.462109270626797,-0.4704492704302405,10.0
10,0,816,815,19,3ff62aa74d66a3c9792b3e8c0d76798f32bb72bca88bc010f302c6589c6e943d,1.2575654333132391,23.138573473541204,336.5374538191195,18.344957176813455,29.249381019592285,6.110807546051081,6.110807546051081,0.3331055770342516,10.0
10,0,818,815,19,ac06f89c8a15b0e91976f8d4f5254f88dde7a4ac2254ba695059d3c068c8ad77,0.962082830983916,50.36080984836619,1016.3889872403291,31.880856124645227,76.72672398376464,26.365914135398455,26.365914135398455,0.8270139933606271,10.0
10,0,820,815,19,4cf520b3c143f1d2285c7b9cd3671c7d0404c6463d226fd93a4577d11b5a57bc,0.8950503671287886,47.71276873688269,899.9476619976439,29.999127687278573,58.088033485412595,10.375264748529908,10.375264748529908,0.34585221466054966,10.0
10,0,822,815,19,48a514a551f431245a9dedfd432d4da809883fd9b662f00ee87902ea17f5c4b4,0.8929523707693994,48.68034856602036,929.210334572525,30.482951539713554,75.50643763351441,26.826089067494046,26.826089067494046,0.880035813872705,10.0
10,0,824,815,19,ecbe04e14ffad9b4621c6f83e5fcc44c1549bf5dd8f68f45687076b746e107b0,0.8568516836816609,30.72220778785721,427.1813161725547,20.66836510642665,48.1331111946106,17.410903406753388,17.410903406753388,0.8423938379789709,10.0
10,0,826,815,19,08603f6bff236322d941541397e9091d4e2ec08a1bb5008dd5d576b6684d7aed,0.850998739977384,44.80694479071739,792.8998662203079,28.158477697139592,71.82130894470215,27.014364153984765,27.014364153984765,0.9593687714421064,10.0
10,0,828,815,19,ea12e3bcc7cf1c704a203362453a25642c3a76489c304f29a63d1cfd43f9e504,0.8029875202302454,47.460047002700115,849.6285642024999,29.148388706796467,47.181839696884154,-0.2782073058159611,0.2782073058159611,-0.009544517489952784,10.0
10,0,830,815,19,62374142b11e7d6fa9507dc10fa1e3425d6c3d160f28f014fdb37cfe2f3da932,0.7258668434804476,47.78891564372942,822.3649940503176,28.676906981930905,81.52956864929199,33.74065300556257,33.74065300556257,1.176579225466062,10.0
10,0,832,831,20,92e3df63a5a1cb7cca4a6ceb56f16a6b966e1fe597a20569a2c5f50b78592ecb,1.2320418345705306,30.815296058164915,522.2338795846339,22.852437060073786,43.437055198669434,12.621759140504519,12.621759140504519,0.5523156723864866,10.0
10,0,834,831,20,52f88d793cfb9c6cfc9ce2c9e2ecc4b1855e3b84581df5ef36a1b87558068312,0.9625654378211257,30.408584620564643,446.35708456656596,21.12716461256848,47.1972918510437,16.78870723047906,16.78870723047906,0.7946502778934903,10.0
10,0,836,831,20,fbb1d7ae04c378355659b875d790b1754a039c3a7e78eb3fa6af385912f501b1,0.8993869810894402,48.86963981566416,938.1962646979653,30.629989629413284,78.6052363204956,29.73559650483145,29.73559650483145,0.9708000839894843,10.0
10,0,838,831,20,5d457bfb6a44445660c5291d332137f9ec40077cd30d93eb96cecb4cdcd378b6,0.8421753578283662,39.67317812057941,645.4523013824768,25.405753312635245,64.42186536216735,24.748687241587945,24.748687241587945,0.9741371152052981,10.0
10,0,840,831,20,1e1a02b6339e9d5457f4d448e86096d6b4f63b67cbe895980d35e0c31e218f03,0.8051320828709421,31.609659978727738,433.83988520988635,20.828823423561072,42.17590516090393,10.566245182176193,10.566245182176193,0.5072895845966943,10.0
10,0,842,831,20,95a4d5a7ba05597c5e051387b265964cb453a03c1c642934c3444ef5262b573d,0.8020328366594369,47.785217552103276,858.8464175524302,29.306081579638555,77.48617578125,29.70095822914672,29.70095822914672,1.0134742220120796,10.0
10,0,844,831,20,d5eef70d377cd2fc3626c9a8ad7caac536628bcf2185089f76797645390d276e,0.7998256505673309,45.77616979300384,798.7604777809009,28.262350889140503,46.05492371177673,0.27875391877289246,0.27875391877289246,0.009863083218600919,10.0
10,0,846,831,20,635288322d74f22d3a877d418bffe5280032b82590dbc6000a8d4ee18d398f4f,0.7705294969935856,47.90163583626392,847.2669547097721,29.10785039658154,78.7394492225647,30.83781338630078,30.83781338630078,1.05943286660297,10.0
10,0,848,847,21,7e320ec97bdf2a5b1cfc1a43dab5484954004935b2e79b4cfe7627f8ad77249c,0.6404720372987429,25.087350988209717,262.74221012586656,16.209324789326253,38.722713209152225,13.635362220942508,13.635362220942508,0.84120482488705,10.0
10,0,850,847,21,a295c7a4343f104c6ed41cdbcf2a51c69dafab5eeb57da508f6d981ecb6ca8d3,0.5920356254124792,28.95924611759522,322.6868995784,17.963487956919725,27.590733936309814,-1.368512181285407,1.368512181285407,-0.07618298765626091,10.0
10,0,852,847,21,a337e32b39ccd6f27a39a9383728a31ca2d29dce6d4936e0f366bc9dc1638c20,0.5899731559650481,33.181542394737235,406.0376918811258,20.15037696622884,31.821823362350464,-1.3597190323867707,1.3597190323867707,-0.06747859033434465,10.0
10,0,854,847,21,b96b5c9ff608c8ade17970553e6e989c2ac715739f3cd0cf21cd259c6059b690,0.48630932292979034,33.83225834318407,385.54546785042066,19.63531175842188,49.018108505249025,15.185850162064952,15.185850162064952,0.7733949095843365,10.0
10,0,856,847,21,a3a662926cab8b3bb5b3adc119589ff41b712878d0d340760e2b01249be0433d,0.41617144552411345,27.92752341971056,258.4255416397092,16.075619479189882,33.944765064239505,6.017241644528944,6.017241644528944,0.3743085392334864,10.0
10,0,858,847,21,f4ad877e1da42e610b74f5c1dba5b5587529745bec83647ea43ef274ac2d31a6,0.41476874541998754,30.031604248285934,293.00045436273837,17.117256040695843,35.23069771194458,5.199093463658645,5.199093463658645,0.30373404775262647,10.0
10,0,860,847,21,b0b4a7600640d4ded1d41b7937b666bc73204f58d89194969781342d65c40b3a,0.36315399734647125,38.66475567671846,431.913269828495,20.782523182436126,49.665687780380246,11.000932103661789,11.000932103661789,0.5293357311377367,10.0
10,0,862,847,21,e05889249b8b48c711e32a4c8c89653b165a69f07506fadf88514c7db5611745,0.36306380546831285,39.2022469608846,442.43040004715783,21.03402957227069,51.25585022735596,12.053603266471356,12.053603266471356,0.5730525016643366,10.0
10,0,864,863,22,8454caa3a952e0071a65df08d1f19726045e5a0a617daf5e6695ccc60ba6d2b6,1.2754192603612506,23.15214915609316,339.9900057866557,18.438817906434664,28.726659920692445,5.574510764599285,5.574510764599285,0.3023247364818288,10.0
10,0,866,863,22,a8cd358e2800e3f5539a3331d06fd200c4b1e371849bddec1eae789d06daca91,1.033040460857198,42.542062425465474,798.4539152934211,28.256926855081414,68.02407204818725,25.482009622721776,25.482009622721776,0.9017969205713314,10.0
10,0,868,863,22,81ed4e749bb50951d170c4dabbb6c162b9871c30653a18d5113d99a607801260,0.48614433405247914,26.948254205826707,260.3067591156451,16.134024888900015,9.470488699436189,-17.47776550639052,17.47776550639052,-1.083286137634198,10.0
10,0,870,863,22,0e92682fc148a79bf6de2c4818478015cdb734fbd7c4d26e0429f0c1d241d77c,0.44214744865086586,26.03529176663741,234.83286377889962,15.324257364678381,32.14474629402161,6.109454527384198,6.109454527384198,0.39867866885779235,10.0
10,0,872,863,22,5d0bfdd43e3fcadeddbaeb06f4b0cfb48fae11c416e77c9219eb527f2a2b303a,0.4034249160325776,43.16396618408116,544.8350107847675,23.341701111632105,41.722222061157225,-1.4417441229239358,1.4417441229239358,-0.06176688305744164,10.0
10,0,874,863,22,f61bf1db984593297ded0b02bd5ea8473cd635bded1f3b84396f1003e5835a29,0.36290667454148084,48.06527977578045,631.5728304413565,25.13111279751369,68.60012087631226,20.534841100531807,20.534841100531807,0.8171083097666647,10.0
10,0,876,863,22,e79e643d45965d3b1ec240809f9055a3713ca0267a0570c3271570628728f3ce,0.2805428417623792,27.007906567807087,206.79849570777046,14.380490106660845,29.77123325920105,2.7633266913939636,2.7633266913939636,0.19215803292504116,10.0
10,0,878,863,22,4f660417ef221ca264cf9d62d2c93f95a9b56289e2d7e4971a92ab20e0ff51b0,0.26105108749263994,26.29023062784997,191.46817331754175,13.837202510534482,22.931772577762604,-3.358458050087364,3.358458050087364,-0.24271221350778938,10.0
10,0,880,879,23,14bc40f7d83b9ce427adfd85663ea3e43f9a4e612d5d704015c7d06bcbd59fb1,0.7293356380137959,33.802380078445076,462.2150448030792,21.499187073075092,36.099112924575806,2.2967328461307304,2.2967328461307304,0.10682882279800647,10.0
10,0,882,879,23,781ffe11b4284713d0012256e071a741d5b4e952ab7d03c6f7247dd4f1cf3242,0.4033200697882824,47.25533493363866,637.3719842364193,25.246227128749737,46.25222706604004,-1.0031078675986151,1.0031078675986151,-0.03973298118895169,10.0
10,0,884,879,23,62cd5061b6efcd7e14427529bad6170886256e759d0d81f024a9ec5b5e2b29c7,0.3522884697882227,53.339749601171754,749.2706088859952,27.37280783708524,77.25353455543518,23.913784954263427,23.913784954263427,0.8736328803603605,10.0
10,0,886,879,23,4576f7ebce214e0b647b0fafe5b084759b49daa565235c9054824d2fbdade85d,0.33241375351376967,26.227850968209786,210.174805110359,14.49740684089258,39.61240792655945,13.384556958349663,13.384556958349663,0.9232380042337005,10.0
10,0,888,879,23,64fd4885f398c6fe492218359ef73d23e9a502196634c80c703b5085252834f3,0.2571504244214893,51.79663768043685,639.3069916801223,25.284520791981056,70.99759895133973,19.200961270902873,19.200961270902873,0.7593958939887216,10.0
10,0,890,879,23,34019d3bcf707f51c22484969bbf91844886299ccae9d5c9b635b2e9e4ca1426,0.22348370431587927,36.01850186515651,318.88974901506367,17.857484397727013,30.088467962265014,-5.930033902891495,5.930033902891495,-0.3320755471944468,10.0
10,0,892,879,23,1e69d76a01fac36da69a5b13409197c6d29b0c0cc7165c9f3dd24c426ab5ae01,0.21337357973543702,37.769812833121826,341.82845858703365,18.488603478549525,34.29222328853607,-3.4775895445857543,3.4775895445857543,-0.18809368423204345,10.0
10,0,894,879,23,df4de83b32e7512775f97354e323e87cdb34b0da0cdfc649a793815a8ad9428a,0.19676551962192335,56.51094211817189,685.7998989920915,26.18778148282308,78.29229433441162,21.781352216239732,21.781352216239732,0.8317372065490318,10.0
10,0,896,895,24,5ee9b40f6bdcd52cf247141d26babace76682b00e0301ab17a2bb6926ab43de1,0.48618702204301845,26.71299146891241,256.2785119320502,16.00870113194853,27.874140294075012,1.161148825162602,1.161148825162602,0.0725323569721281,10.0
10,0,898,895,24,ae8ce67f5ee6f4f0b97fbb24f8eb47ae5f83e8b8b38bb5e9eddef6db0bb037f4,0.4400682143024386,25.34730306770674,223.50642325025325,14.950131211807248,35.00568796920776,9.658384901501023,9.658384901501023,0.6460401427027656,10.0
10,0,900,895,24,52b57b819050d0e4d8a7642bd15fdbf3a8010bfe790c1eae8ee64700827396e1,0.3276390073241886,25.582260487274343,199.78651567563702,14.134585797809464,17.080801010131836,-8.501459477142507,8.501459477142507,-0.6014650587398209,10.0
10,0,902,895,24,ae2e61fed59b950bbf558e598561c562de609ccd793d89dd309dc62ac4b18798,0.3273287987657054,25.881876968330435,203.90630213346788,14.279576398950631,20.437117173671723,-5.444759794658712,5.444759794658712,-0.38129701067734983,10.0
10,0,904,895,24,ee656770a11433661257179b9454e4c00d594a9f6450544572e8213a0a33cf9d,0.23285319958184303,27.59891679567032,200.01780780325814,14.142765210638906,18.543800050735474,-9.055116744934846,9.055116744934846,-0.6402649418321056,10.0
10,0,906,895,24,c059c82ac912755a7a0c514d204e8e6bf2ed6240124d1eb7621177b205e1019d,0.21339143120797643,26.793127797490257,183.4042441589802,13.542682310346802,30.381638394355775,3.588510596865518,3.588510596865518,0.26497783191176577,10.0
10,0,908,895,24,74c7dfd1b12066abfcb5f4f8d700809431ba3738c7f4689cde338a7c4638633f,0.1725317370921129,32.89918493755279,247.62534791346218,15.736116036476796,43.46947061538696,10.570285677834171,10.570285677834171,0.671721386225923,10.0
10,0,910,895,24,a304b69be5ddc82b1445a9d2208e24c2498c8dd14cac489893bdb470c80f0eb1,0.1658008285259841,30.770701871621892,216.13852792459576,14.701650517020045,29.085716526031494,-1.6849853455903983,1.6849853455903983,-0.11461198479991734,10.0
10,0,912,911,25,f9de3b90c49f3046c315be0a33d29695d9938f3d9c2cd0bf3c720bac2fb7b0b2,0.2654721488307037,24.833939710564877,173.71974852516624,13.1802787726651,29.208578253746033,4.374638543181156,4.374638543181156,0.33190789198281795,10.0
10,0,914,911,25,6a62b4998cfab1bae4630575f7df6329c58e8dde9a59d09ea496c511a2aad1a1,0.26221275260391264,29.718580961475563,239.1264122010619,15.46371275603184,38.38657651424408,8.667995552768513,8.667995552768513,0.5605378015953794,10.0
10,0,916,911,25,f161c77f1e2c437dfc240b17c40f1190fb4e240809eac134357dfa278cc45fad,0.2098539113305391,32.26145408790626,255.60630271250764,15.987692225975193,38.613812222480774,6.352358134574516,6.352358134574516,0.39732802238048115,10.0
10,0,918,911,25,d0d84e73501a2ccbb50ced29998ceb686a265dbd7bd26e276edd8b8ab823c422,0.1921829595334068,23.729051442344154,140.98985713630935,11.873914987749801,27.595698286056518,3.8666468437123633,3.8666468437123633,0.32564211952852484,10.0
10,0,920,911,25,4055fd3f9cbd2749280ee663877d468922967d5602f9c16b3740ef67cf96b685,0.1528126052357489,33.776818016896215,249.6053281224173,15.79890275058421,35.485608080863955,1.70879006396774,1.70879006396774,0.10815878108399349,10.0
10,0,922,911,25,a26a54622bf72075fad40fa8cd6f7ee145e076b9f15cd81140b73d5923580e28,0.15113377798148186,35.79334428385797,276.61122691872106,16.631633320835363,45.63949788284302,9.846153598985047,9.846153598985047,0.5920136290312648,10.0
10,0,924,911,25,386dc64d801c1e004653c185733b40eac32cb8aacb779cd8625642230a6b583b,0.13007824365683252,38.06456597157662,295.459310314369,17.188929876940247,36.0194375333786,-2.04512843819802,2.04512843819802,-0.11897939271610244,10.0
10,0,926,911,25,54a4af8454790f9b6993464ae9c7d554e08c8c1e8d5e6ff1d56b58c4d828bb55,0.1184311085189419,30.38156084759783,189.0857215681967,13.750844394734337,26.707769477128984,-3.6737913704688445,3.6737913704688445,-0.26716841998995083,10.0
10,0,928,927,26,376f6421598de5c46c73d871d23dd39d027ecd588c1879b7470186c4a36b0783,0.18089666360783518,25.7817315173118,160.7404437616644,12.678345466253253,8.832442187070846,-16.949289330240955,16.949289330240955,-1.336869181815241,10.0
10,0,930,927,26,0d34e1a7f696bacda73e9cec7557d7dfeabe2b14e26a804854f30a325ad0d38b,0.15540720069802394,30.169697200625627,203.84034864694289,14.277266847927963,30.20582729434967,0.03613009372404363,0.03613009372404363,0.0025306029584567956,10.0
10,0,932,927,26,f59dbe3f0c1f228a7f7ceb84307cfc2a0f3337e318e7d74852f806e5271ca8ef,0.14857201585139002,25.042785139999992,141.99594913544757,11.916205316099902,25.92306938457489,0.8802842445748986,0.8802842445748986,0.07387286650604726,10.0
10,0,934,927,26,97a0fec9e8d40b3737eddbe6356d30381b308676830fc5c41a491a9997a3fac2,0.13879882169307378,25.05266162967075,138.79958286125196,11.781323476640983,17.730891939878465,-7.321769689792287,7.321769689792287,-0.6214725963775866,10.0
10,0,936,927,26,9fe99fdb61fecbafb0acda39a2aaba5e12cfdf7ddce40d740db0b3a855cc29f4,0.1367081206420735,28.151201305393492,171.7658666593744,13.105947758913675,11.076724565982818,-17.074476739410674,17.074476739410674,-1.302803662390452,10.0
10,0,938,927,26,e69c5f3dd76dd53c4f4455487d81fb956c2901206e9c832c11b9e7685e8f54ed,0.13189751129651295,24.724672751505377,133.0617219124742,11.535238268561,22.293448312044145,-2.431224439461232,2.431224439461232,-0.21076499530031145,10.0
10,0,940,927,26,bf411e782d4e846299cd1dc6bc3bc773232180e4071e6d0db92014e19dc2ed12,0.10731776650014802,34.292209057193325,229.77306503737674,15.158267217507968,33.51784689617157,-0.7743621610217559,0.7743621610217559,-0.05108513723305781,10.0
10,0,942,927,26,76dfca0e14b92fbdaee77a0144167a28c9967952b0b8ddd247d7f2aa0523d616,0.1001882356236673,55.25529008601395,542.8158486565582,23.298408715115247,68.86723575019836,13.611945664184411,13.611945664184411,0.5842435777750531,10.0
10,0,944,943,27,d7a6d389baca1b9bdcd34faa73039d3720def331664e38f80e1fdf846fac2bd6,0.7102832303029971,25.45254448679915,283.56543224697083,16.839401184334637,17.67001948094368,-7.782525005855472,7.782525005855472,-0.4621616244344485,10.0
10,0,946,943,27,c70bd453f5ee143d22a37e08fdb1b31864ed5b008227f757723e75f7cd0e3218,0.5317769185090013,22.415080671495303,197.21331370338012,14.043265777709262,4.853398521542549,-17.561682149952755,17.561682149952755,-1.2505411795188155,10.0
10,0,948,943,27,661b7a818957d92e3222813e4dd74fa1aee84788796405bbf29d5ba9d48d91a2,0.2500832340607966,24.835640054997288,169.57663377786213,13.02215933621848,28.748977377414704,3.9133373224174157,3.9133373224174157,0.3005137029412062,10.0
10,0,950,943,27,9d88864c83d4efabf17d38945f5206d5b16c8f4534384aafbf09350630dd51ec,0.24884597047778634,56.95714748316557,748.1523153488149,27.352373120970963,50.72153795814514,-6.235609525020429,6.235609525020429,-0.22797325473158342,10.0
10,0,952,943,27,0611b036a6e507f41fabdc1046cdd96f5c6c61619c73c1711246598476163f0a,0.17747535739241815,30.154328393578826,213.04433147653725,14.596038211670223,24.50287945842743,-5.651448935151397,5.651448935151397,-0.387190609752775,10.0
10,0,954,943,27,16f19e149f878e275a48c672cf4189b001377b9d8f3dc44b92dfd688d0fc211d,0.16047030646134375,30.254107613828374,207.09012480238042,14.390626282493074,28.594254971981048,-1.6598526418473263,1.6598526418473263,-0.11534262715630529,10.0
10,0,956,943,27,ce9a19ef926fc8d9c3e5efc3880e2b422bb61322784e0ab32f7ffb56bb750865,0.14428535051406088,31.862219125682678,219.9499519422001,14.83070975854494,22.530497079372406,-9.331722046310272,9.331722046310272,-0.6292161466469033,10.0
10,0,958,943,27,be8cd32bcecf65f27ccb32c1dd0c00d45950ebf56bf289eecf78f1b3db1e1539,0.0899883539339078,50.292085895813024,443.7303255983438,21.064907443384218,55.056775716781615,4.7646898209685915,4.7646898209685915,0.22619087379209069,10.0
10,0,960,959,28,f1a61fd8a3b891f51055d284aab2939b37a372471efcc774fae170b3d6d3227e,0.2395435704039106,28.5244847484365,214.48007449563482,14.64513825457564,26.775347149848937,-1.7491375985875628,1.7491375985875628,-0.11943469349229753,10.0
10,0,962,959,28,3a7ae5496797c29ad854915332e549551a71d628ca833f919b0da3bf4700ddfe,0.17334356355613478,27.14521949489295,174.09382418682807,13.194461875606299,30.52504630088806,3.379826805995112,3.379826805995112,0.25615495636420604,10.0
10,0,964,959,28,8b9edaf72ed13e8b74b4f3deadff1c7ae95934d0a00b1d8dae1125d62c9185c6,0.11193712543987455,31.107315754399878,194.04361751368702,13.929953966675088,33.38336610984802,2.2760503554481417,2.2760503554481417,0.1633925252655668,10.0
10,0,966,959,28,0f9533830bc1dcb60272ccd4c37b2272462798dd16dbf1d4e1a33179f50da4d5,0.0998525097917855,33.680971178597524,217.41539896154157,14.745012680955604,35.5379646615982,1.8569934830006787,1.8569934830006787,0.1259404466568644,10.0
10,0,968,959,28,76c60d2b755d9033b190c885f95b9c1a04cba385b31b038b7480c91f1447f1ae,0.09854714380460261,33.11595168953923,209.8282503393045,14.485449607772086,37.594984268188476,4.479032578649246,4.479032578649246,0.30920908221212867,10.0
10,0,970,959,28,911570343cac5bc71302d46e3b4190a04add15b4fdf9bea744a7470e94d76c44,0.0914358099519913,24.65130857300202,117.34808682597988,10.832732195802677,27.806092714309692,3.1547841413076725,3.1547841413076725,0.2912270038882754,10.0
10,0,972,959,28,5d98b87028396f8367ab9c9fa2535e9b682b6ea55d13fdbd45fdcafcf17563ae,0.08819659325749468,26.38990479786867,132.19014051078955,11.497397118947816,14.65435141634941,-11.73555338151926,11.73555338151926,-1.0207139285620535,10.0
10,0,974,959,28,1e31cf250c97925d5b97d53abf3e0901e272190e188ee0240dc97ac20f9860a4,0.08743667265043514,26.54096069941178,133.28353920264445,11.544849033341425,29.477339728355407,2.9363790289436267,2.9363790289436267,0.2543453812573373,10.0
10,0,976,975,29,a9339166603f05010c8b5bb33ba0dbd4183a28ad9b0091a539c938e970740e7c,0.5078599425267827,21.604477933824864,180.83772063808695,13.44759162965945,4.12268853199482,-17.481789401830042,17.481789401830042,-1.2999940720443155,10.0
10,0,978,975,29,9c35e85f6c4d45d8408837ab98fc5cce217f59e1ae4fe149737b91387e2c95f1,0.24328992540837513,26.213915519316885,185.12259013510433,13.6059762654175,29.00857114505768,2.794655625740795,2.794655625740795,0.20539912544489808,10.0
10,0,980,975,29,0145d3b2e01d8778eb66dc655ec05fe76cf06ceb7076dbe31cae66944ace28a9,0.10731188481678777,30.858738255024996,188.71863091923763,13.737489978858497,27.92835114002228,-2.9303871150027163,2.9303871150027163,-0.2133131394099269,10.0
10,0,982,975,29,7c8ab4fb907f9b34ca477bae016ab56693c5197ccf4793b38708e8c67e78788d,0.10252641985545585,24.779276608848512,122.93957400929756,11.08781195769921,32.58337912750244,7.804102518653927,7.804102518653927,0.7038451363016557,10.0
10,0,984,975,29,e1e581346e2d03938d50421536ced0001639e05b90a7af02ca0f1d80b1d67d24,0.08334826589427857,34.23147098341145,212.66078774736442,14.582893668520127,40.90094354629517,6.669472562883719,6.669472562883719,0.4573490498172533,10.0
10,0,986,975,29,2d2e0211ee6a87e246431de538f948996f5c86234380eecf582de0a122057427,0.07603047429970494,26.243369914043488,125.08674362406042,11.184218507524808,8.522170061230659,-17.72119985281283,17.72119985281283,-1.584482620836664,10.0
10,0,988,975,29,fd8357940c8fc941861d56e11f5c44860041f07566506bb6c13a6b997a5fbe7c,0.06881529872715958,34.42559074548208,203.70522058558205,14.27253378295466,35.2478363571167,0.8222456116346137,0.8222456116346137,0.057610346147269356,10.0
10,0,990,975,29,e3b771fcd3f6d04b1295e5ff6475127016aae420ac90bbf56b57a67d0341f7d5,0.06867369235510368,26.678468322319382,125.29462932463115,11.193508356392607,21.437140951633452,-5.24132737068593,5.24132737068593,-0.4682470592602551,10.0
10,0,992,991,30,b484b1c4c279df698b5edbf0ba72cafe3922d58aebedd1239fbe7400ffc63d86,0.3962268020828328,22.862890521707588,177.58791051558282,13.326211408933254,11.038242205619811,-11.824648316087776,11.824648316087776,-0.8873225820326622,10.0
10,0,994,991,30,cc4677acecd4fd40bc2ba898375c9272481a94bb816cbc456020fdc8ffcde3a1,0.16126066774148395,23.257764144554226,127.26070262441202,11.280988548190802,5.699301278471947,-17.55846286608228,17.55846286608228,-1.556464913608855,10.0
10,0,996,991,30,7fc9556802779b41ec5aef2c209c0462952dea511cde242eca7bddeed3ae88ee,0.1473523659233159,52.35472437243817,548.1233097766725,23.412033439594104,36.92472173118591,-15.430002641252258,15.430002641252258,-0.6590628994727665,10.0
10,0,998,991,30,8274518767e86a038708f8cbc1997b3d51725a18fa19586b837aac6fca32fe8f,0.12051197296799976,27.897149329525725,162.0457187241475,12.729717935765407,11.524027818918228,-16.373121510607497,16.373121510607497,-1.2862124355957318,10.0
10,0,1000,991,30,ed9a25861f587732ccd62040885ff0b1d11fa07cff8196e2921396a3fbda1070,0.11674646466244276,51.66231000290661,500.56980918755886,22.373417467779902,48.53677687263489,-3.1255331302717195,3.1255331302717195,-0.13969851207455541,10.0
10,0,1002,991,30,9ca6255b32d54e0bec16bedaa0445d1ae5044b9ae0fd3e21c5695522523db8f9,0.08416646683069551,54.20054338168852,500.40618897167406,22.369760592632055,42.73920589637756,-11.461337485310956,11.461337485310956,-0.5123585224727879,10.0
10,0,1004,991,30,84b22d72e5cedb02e7a64d7dbb24082fc8387018d7e86845bfed024d1ace1be1,0.07676856335317372,26.027431962657126,123.47742117745388,11.11203946975774,28.634833870887757,2.6074019082306314,2.6074019082306314,0.23464656648555596,10.0
10,0,1006,991,30,39c851bbfa5a1563ad2f392d52933ce2ac18903d5a77bf80f212813d63f84a78,0.07359932522382673,34.2419834152061,205.44970285059043,14.33351676493213,45.40830947113037,11.166326055924273,11.166326055924273,0.7790360341464425,10.0
10,0,1008,1007,31,7513cad64335a3d2dc1f5bbaf6f99ad2623ee79592448c7c21e3e3110627b59b,0.18387412230414624,29.76679240610555,210.66295492040982,14.51423283954098,32.7073940153122,2.940601609206645,2.940601609206645,0.2026012426365101,10.0
10,0,1010,1007,31,8df2556eb25c3e72ea3ad2e46f3064e10cf3d69b643ed26008131108be0e2319,0.11760719257653196,52.78870796449551,521.733227373416,22.84148041116022,70.6825849647522,17.893877000256687,17.893877000256687,0.7833939253566874,10.0
10,0,1012,1007,31,9cba454aab22d982b37c70cf73c0b9cd1cee40cc8659e56eb2376a4aeb259cf4,0.10583677859561846,28.808313452859775,165.1772185252726,12.852128949138061,25.563198165893553,-3.2451152869662216,3.2451152869662216,-0.252496321800744,10.0
10,0,1014,1007,31,be8edccf348e0b7d2e5b2a09088b13dfa9e399845fe9d007c7cee16c2da27e06,0.09156508742245173,51.85320148267655,471.6240501325875,21.716907011188024,64.56673358345031,12.713532100773762,12.713532100773762,0.5854209392812733,10.0
10,0,1016,1007,31,babd130a679f89e4f5921611c549510c4aa16179768211b14140666602caf476,0.08624708785738106,28.566884329424198,152.70938008320155,12.357563679107688,25.805659784317015,-2.761224545107183,2.761224545107183,-0.22344408791317388,10.0
10,0,1018,1007,31,a570b3fb1e219b6493b076efb8f8c11e9ecc7172b570c12f0e8ef3b2e8653f11,0.08210193914987868,28.69760850655652,151.79486422630825,12.320505842955809,36.0860597372055,7.3884512306489825,7.3884512306489825,0.5996873281686964,10.0
10,0,1020,1007,31,58bd27f154ced84abfb8574c95e71d31d3f1736f68ec061d42a9fe24910454ff,0.07446431042094948,50.858787443954306,431.09166019115975,20.76274693269558,64.96548268508911,14.106695241134808,14.106695241134808,0.6794233579430989,10.0
10,0,1022,1007,31,ce6217ac47b0a2ef230a22efcb492e87e5762dcf05640731c11c554b8bde622e,0.07406593945285139,26.011708121776742,122.02894952175501,11.04667142272979,31.914729783058167,5.903021661281425,5.903021661281425,0.5343710730035187,10.0
10,0,1024,1023,32,996144e3f88ca9955b861574188b52e9e68df3846f8ca27547cc749e2bd1893c,0.1476884947829591,25.001492498727508,141.24009516932784,11.88444761734124,20.652080023765564,-4.3494124749619445,4.3494124749619445,-0.36597514794170843,10.0
10,0,1026,1023,32,b6a76379e94940bb55aba9440e879b067355cd240893b9e33874028225d5b567,0.1458592176896314,27.725122830171802,170.59105200530888,13.061050953323354,36.96699784851074,9.241875018338941,9.241875018338941,0.7075904574116502,10.0
10,0,1028,1023,32,9b258c776c74e27b6f59750b396a132d26a70f6db6c2c11aa94ed1be95d04f8a,0.09453551271883198,27.459437102108094,145.65600135931118,12.068802813838296,26.655979961395264,-0.8034571407128297,0.8034571407128297,-0.06657306056832514,10.0
10,0,1030,1023,32,3b185c1b8eadc56750160a72eb46cd9e8e1eff92563f44ab371abec4c3d46faa,0.0880108518016659,33.409694085242634,206.37056726693933,14.365603616518845,15.722106805801392,-17.687587279441242,17.687587279441242,-1.2312456720650768,10.0
10,0,1032,1023,32,4d4d1cb1f24abce8fd6128b831d759afd7674305b5dc92544d9815e5f8a81160,0.08478911902336111,32.351457636240696,192.16825368785976,13.862476463022752,29.478275349617004,-2.873182286623692,2.873182286623692,-0.2072632761027741,10.0
10,0,1034,1023,32,481827a859dc0d4863a4cdc54b63701adddfcfbb56bc431a73eb6943a21ab5ca,0.08233634088362946,26.98485074075393,135.1007520971467,11.623284909918826,15.069151529073714,-11.915699211680217,11.915699211680217,-1.025157630052745,10.0
10,0,1036,1023,32,61fb0de8edb77caf590f9d414f88c1c07ce2373dbbe1d4b70b23a0075e3f2ad2,0.07977981575659615,25.801796264024055,122.82201052325479,11.082509216023904,26.11442685842514,0.3126305944010852,0.3126305944010852,0.028209369223809077,10.0
10,0,1038,1023,32,f0cc559c9d4dbe9bfdeb05e205bbb51aa766fb36281edf11f71291984143771a,0.07559014604558018,32.7101543882962,189.85266403477726,13.778703278421277,30.677735116004943,-2.0324192722912606,2.0324192722912606,-0.14750439364451784,10.0
10,0,1040,1039,33,81aa6c6acc8a702ccaa4f97fe6e3b05400919b458d69fd7e43f2b313fb71af8c,0.3916755743867426,22.474847839769126,171.34598756161458,13.08991931073735,4.35377967441082,-18.121068165358306,18.121068165358306,-1.3843529310752911,10.0
10,0,1042,1039,33,19681d01e30b6387c9c5be6d2ff474a50c33ecb8a07cadcfe9fd551a5722519a,0.25943926527399985,28.236178892934472,217.0985432474259,14.73426425877539,26.391270025253295,-1.844908867681177,1.844908867681177,-0.1252121473647652,10.0
10,0,1044,1039,33,0cfa3d5de2ad60eba6781c57088c3de57f17cdd0c664a86badbcf27d170c3555,0.19539667358179358,30.829311790822903,229.42338688132423,15.146728586771609,7.6869450126886365,-23.142366778134267,23.142366778134267,-1.5278788845761484,10.0
10,0,1046,1039,33,bb64f1fd3e24164a8ea75aad9645ad4a0acfc837ae0b64b04f85239d1b666907,0.1357711664233222,24.78453820742602,134.98164702268593,11.618160225383619,30.4034176902771,5.618879482851078,5.618879482851078,0.4836290233435431,10.0
10,0,1048,1039,33,8eac46f83931a43b5ccb675d33419f33a8b4b2b8e7d0319a4a6f31e921204c86,0.12494369254650095,27.855481460229075,163.48359148690747,12.786070212810012,25.702537600517275,-2.152943859711801,2.152943859711801,-0.16838198319565192,10.0
10,0,1050,1039,33,4338f0146374dd3f32dda9b1f3855a52bb2a755d4413b4e5556f9c1a82e6e035,0.12351474952348684,33.46145199480119,229.17883470923024,15.138653662371375,38.66676996040344,5.205317965602255,5.205317965602255,0.34384285958932986,10.0
10,0,1052,1039,33,b46eb34fae83d9a59e47ffe591b35b03cebff90ef2d908918d22a44509e89dfd,0.11820321508749343,33.31743237509917,224.2754042173908,14.975827329980497,28.988603013038635,-4.328829362060539,4.328829362060539,-0.28905443864156627,10.0
10,0,1054,1039,33,7d170280512687426f4c075fd5f9907f6f4b7defac57d1e294c7301af457ab80,0.10569768541534019,27.271261959736297,148.8791565058408,12.201604669298247,21.64241916704178,-5.628842792694517,5.628842792694517,-0.4613198792498044,10.0
10,0,1056,1055,34,3ca61e2f81654ceb97577f8ffb2becdac5b501c3786cae4ff0ccfd126175a2ec,0.31851091420774336,42.726677409747936,489.85263696948,22.132614779313357,61.615545345306394,18.88886793555846,18.88886793555846,0.8534404146957492,10.0
10,0,1058,1055,34,30c3efbc4f40fc5923e3583dc7e515d07be0fac927bb5f1ba6f96f4d5d7d7ef5,0.18187882713964176,21.9675006952968,119.53524182205632,10.933217359133419,29.96665365791321,7.99915296261641,7.99915296261641,0.7316376049117927,10.0
10,0,1060,1055,34,feecd8ccc25014e5f211d9b7947dee68c072201b95e76e8b5051045c2569d610,0.14248257968933586,23.128921483548922,120.48535286574514,10.976582021091318,22.54981142759323,-0.5791100559556916,0.5791100559556916,-0.052758687070614645,10.0
10,0,1062,1055,34,32e6da4f4ce687f02d2680dfcb117fd8e69c952de8694bfa2c390abdba6eceaf,0.13378481391558583,22.512018978667616,111.96701512956166,10.581446740855508,18.635443823337553,-3.8765751553300625,3.8765751553300625,-0.36635587271468345,10.0
10,0,1064,1055,34,4af28c97286f9c6f1067b0a8688bf77594d68eb98bb55be92ff2c6be2d3a950e,0.11936288537957584,25.630466785035377,137.72056513321644,11.735440559826309,27.884674293518067,2.25420750848269,2.25420750848269,0.19208546087306444,10.0
10,0,1066,1055,34,554c976e8753dbfe8c3e6ea7849a534706f7a06bfe6068b88d99daf566a75146,0.11439363972267946,29.44714709897471,176.35638663049266,13.279924195208821,36.234506467819216,6.7873593688445055,6.7873593688445055,0.5110992554681354,10.0
10,0,1068,1055,34,b7827ea20196cbc7fb83953ceec36fb7cd4d2ccbe2513f20c92fc731447e1481,0.09910487960824621,23.534732526534835,110.18865022883166,10.49707817579881,19.337912975788118,-4.196819550746717,4.196819550746717,-0.3998083543306894,10.0
10,0,1070,1055,34,951f6e5ddc69f445303c4ef4e2c1ef7ef48ea39f73785c6aae6913a8e50a7ac6,0.09670047643867985,27.557033408545763,147.68313057465622,12.152494829237996,29.012230102539064,1.455196693993301,1.455196693993301,0.11974468736182518,10.0
10,0,1072,1071,35,9905a1473279e772ee373238d6ad6d10730df236b52829354d139395b02b8735,0.3704774839723677,23.70526161877641,183.76372074040447,13.55594779941279,26.582589244365693,2.877327625589281,2.877327625589281,0.2122557321822912,10.0
10,0,1074,1071,35,5d02be209465daf1a2aad61705a21d2628ba3591090f66017e74f07994dc76de,0.307865108885069,22.638259735621094,156.109995823586,12.49439857790626,2.8077033894062042,-19.83055634621489,19.83055634621489,-1.5871557340327767,10.0
10,0,1358,1071,35,2a680a69cab145c0fd72863549118548710e691db8435207a93d315f86d4c41e,0.16411510839001642,22.749596113380054,122.8700071404447,11.084674426452258,19.48682941532135,-3.262766698058705,3.262766698058705,-0.2943493487073017,10.0
10,0,1360,1071,35,f7ed50ef83c22ef4ef6cca2729c4624c1a989380e8188c98c11e1d396bb577e1,0.1397864941615381,26.097851747038366,150.2223475125875,12.256522651738848,28.519282431602477,2.421430684564111,2.421430684564111,0.1975626165240742,10.0
10,0,1362,1071,35,c57ea925da81c711bd26569a28da8c3fbebfb02f96f8ae25d9eff8def4b25415,0.09090019649194198,21.781905387433113,92.2988536656086,9.607229239776087,17.726375371217728,-4.055530016215386,4.055530016215386,-0.4221331577500597,10.0
10,0,1364,1071,35,b140d1f0825158a197625a15913f10bd2e56cbdc1f381301cc7d4958576ae1cd,0.0651045964771545,27.55189312045344,131.2676569174807,11.457209822530121,25.160847248077392,-2.391045872376047,2.391045872376047,-0.20869355710621237,10.0
10,0,1366,1071,35,8afd2093f66862e0bc993933d668de1b486b51646a8c0d2d1bc02330fc96ff48,0.06510125439597314,55.08703192400158,483.1129538079587,21.979830613723088,68.50181111717224,13.41477919317066,13.41477919317066,0.610322228088289,10.0
10,0,1368,1071,35,136d8afa506d64c393398efacc39127e2e897bc1fa4cc9c5967b8d05040f9eaa,0.060586192134174266,55.5447024914954,482.0009794144387,21.95452070564144,71.80386890602112,16.259166414525723,16.259166414525723,0.7405839841608459,10.0
10,0,1370,1369,36,32075c218983e52d7c656ed521e03043345b6cd49ec6db51bdde7a4946b57414,2.909994062863879,21.2419880292829,554.3265074438501,23.54413955624308,56.024351371765135,34.782363342482235,34.782363342482235,1.4773257378717486,10.0
10,0,1372,1369,36,908b71c02e0eedfc9f9beb6821641c704678498ebf610531252816a4043d7b6c,2.3585933579239713,17.373043379069326,353.7703763933852,18.80878455385635,60.79370762443543,43.4206642453661,43.4206642453661,2.3085311079531503,10.0
10,0,1374,1369,36,d9b88865bff06fc895d5fe6b6b1cd97e7dce8f30df40c0644c6622bf1f1d9f02,2.3503173692346864,22.31215697476131,498.9452358282222,22.33708207954258,48.06390746116638,25.75175048640507,25.75175048640507,1.1528699404292297,10.0
10,0,1376,1369,36,ee7b15954ffd4d974aa4644d39c5cc459b70e7b4fba10e38b665d4c8a413e1a5,1.7580201502070785,27.462096677880094,548.2957244672934,23.415715331103883,59.4412362575531,31.979139579673006,31.979139579673006,1.3657126902800205,10.0
10,0,1378,1369,36,af87ae3c72dd87ccfbd3c3c19a30e7b78f071a024c3f60ffec421b7fc47d0756,1.464872423241387,15.59300539731747,206.45101409899934,14.36840332462168,34.14948888874054,18.556483491423073,18.556483491423073,1.2914784664782275,10.0
10,0,1380,1369,36,50a44503447bb6607a473a189c94ad74408ee86fd2aba631e8d56e908ffaa4a6,1.433262927914118,26.04576467716199,443.85445866373544,21.06785367956915,60.843153020858765,34.797388343696774,34.797388343696774,1.6516816982378244,10.0
10,0,1382,1369,36,60ef762507773a1175a5515ab506d089431984c823422550ea5fd535d629beaf,1.1316576575959778,14.110007244298766,145.98035044411148,12.082232841826526,29.33400082015991,15.223993575861146,15.223993575861146,1.2600314672929003,10.0
10,0,1384,1369,36,31cb6d13cca3f9fe26fe653542adf4498a1c2c9a6b6a2f6e46ec95a4eb5f1f99,1.0890304129113204,19.290667326495342,233.4286720368581,15.278372689421413,34.37240172386169,15.08173439736635,15.08173439736635,0.9871296311425095,10.0
10,0,1386,1385,37,0445ec8322ad9beee8b885123df9943d39468ad22cb94fb5bf376a03c2ef6bec,1.0652237630529862,21.981586337253745,283.39334645719765,16.834290791631158,18.391304873228073,-3.590281464025672,3.590281464025672,-0.21327191673619605,10.0
10,0,1388,1385,37,78238f4e6ae3c077a915c18dc7a49f2e36dada66a76713c11e61200131db984e,0.9759645436248885,26.35269055898138,360.18709291350285,18.978595651773155,37.69553814411163,11.34284758513025,11.34284758513025,0.5976652747786687,10.0
10,0,1390,1385,37,93f265cd812973753c1f4405a92fd670ee630a29c0cd845e97a907aade4a2172,0.833335139575683,21.944237333528044,244.7167331762509,15.643424598733198,11.808554545283318,-10.135682788244726,10.135682788244726,-0.6479196881906224,10.0
10,0,1392,1385,37,f72c913532939078dde9a21e2d4259ea3ff3a13f3bc1116657ddf6effc763c1b,0.7449501124044022,22.306431518787573,236.25918674857635,15.370724990987782,29.106832291603087,6.8004007728155145,6.8004007728155145,0.44242550542038517,10.0
10,0,1394,1385,37,908c6114f8a85ab30175e3f655bdb05cbd9123947ef16dba51eb571c9260efee,0.7342864468305388,24.015623309002795,265.05823778730087,16.280609257251427,14.862338701248168,-9.153284607754626,9.153284607754626,-0.5622200289388881,10.0
10,0,1396,1385,37,a13bee0cffb3ff59177a150a5128465b555d77bf34ff289ef45aaf2f04543105,0.6471720903040015,21.990786621322986,213.95934454951893,14.627349197633826,15.281639046669007,-6.709147574653979,6.709147574653979,-0.45867145741890647,10.0
10,0,1398,1385,37,530d08fa0fe900b1fe6fbcbbff6706a6acda57c207f9d9d348ce157a28fc88f4,0.5464356326876016,21.13228538456865,183.2013848977333,13.535190611799056,32.225843421936034,11.093558037367384,11.093558037367384,0.8196085563580299,10.0
15,0,3,2,0,3b66a40c01031616e6192664d07a5d2f1ee26689ced6c8b0abd559051fb37c05,1.090511378582061,82.95517541683338,7.472058634900834,2.7335066553606255,80.79681925582885,-2.1583561610045336,2.1583561610045336,-0.7895924294794835,0.48
15,0,5,2,0,3d1430dfa0b29d8f774760f9cf93251ae02893d1623cf85a53a80da05126c562,1.090511378582061,82.95517541683338,7.472058634900834,2.7335066553606255,105.12153301811219,22.166357601278804,22.166357601278804,8.109128820962919,0.48
15,0,7,2,0,08d63fabc1ab71731dc9d4417641ad25cbc263d80942fb311a689e1cae40fcf8,1.090511378582061,82.95517541683338,7.472058634900834,2.7335066553606255,104.39297006607056,21.437794649237176,21.437794649237176,7.842598300317266,0.48
15,0,9,2,0,11c2d268a22864b9b7698bacdde3f8f367ec6aa8b52d27fc2bd88d317773c20c,1.090511378582061,82.95517541683338,7.472058634900834,2.7335066553606255,104.87138712882995,21.916211711996567,21.916211711996567,8.017617834958301,0.48
15,0,11,2,0,1c5f266ef831c03278bb5ccf9e0cd683650810ed846479ecab86c5892ae777f0,1.090511378582061,82.95517541683338,7.472058634900834,2.7335066553606255,80.4868258228302,-2.468349594003186,2.468349594003186,-0.9029974699942854,0.48
15,0,18,2,0,b66b554dce1952458f969a2d221a59918ca65e81c082fa03873a753556495289,1.090511378582061,82.95517541683338,7.472058634900834,2.7335066553606255,81.57145996665955,-1.3837154501738382,1.3837154501738382,-0.5062052610921073,0.48
15,0,20,2,0,5ab405451036ef8dfb0a4759f5cba3487b67a48681782fb634c22aac2fb611d2,1.090511378582061,82.95517541683338,7.472058634900834,2.7335066553606255,104.23079085731506,21.275615440481673,21.275615440481673,7.783268205606336,0.48
15,0,22,2,0,0312598235dc91749c3e441993b8f9a26014d9bd30aa17e6165bfb1c30e4712c,1.090511378582061,82.95517541683338,7.472058634900834,2.7335066553606255,34.86720773601532,-48.08796768081807,48.08796768081807,-17.59204338738803,0.48
15,0,32,31,1,0ff3115f913523bfa42c56254db59e9fcbcb93adbf8f4d49751cbccab0befe30,5.867046914694676,43.86710727894822,579.7601330353418,24.078208675799406,75.79932287025451,31.932215591306296,31.932215591306296,1.3261873431390607,7.5
15,0,34,31,1,433118ec266b7150c23987966b267e4c155e6780825a38e2968a84bc50ea24d5,5.748559779885703,44.78756847571402,606.8322396706043,24.633965163379692,71.63985676574707,26.85228829003305,26.85228829003305,1.090051403090846,7.5
15,0,36,31,1,7dcd6f65fb12847a396466390c2e6a2a2c0d4d840ffa4c16ec87db1522de9c8d,5.7322326803571215,43.63237346184734,551.876953732437,23.4920615045261,104.19908767032624,60.5667142084789,60.5667142084789,2.5781779175407746,7.5
15,0,38,31,1,d21c5bc39ef7b782e27ce8514cb02e938313f655b227f9cff8ab389186eb3fbb,5.647742039115961,43.45325863864943,533.330307177241,23.093945249290798,103.30426405143737,59.85100541278794,59.85100541278794,2.591631909001167,7.5
15,0,40,31,1,0c9f4c32ca4e04f0d9999b8ef751d465d3bbeb1f0db9c906894494b29660f35f,5.629386305870212,42.2966301000791,480.5133056423583,21.92061371500256,104.37396253204346,62.077332431964365,62.077332431964365,2.831915804869933,7.5
15,0,42,31,1,402f1f5424224fe83c6ec64f9aac175be81b1aee943d5105fcc0d1eb04625bc9,5.627744892094213,42.68974197514574,497.34972358101237,22.301339053541433,67.3262822189331,24.63654024378736,24.63654024378736,1.1047112545412423,7.5
15,0,44,31,1,441f2775cd6924974c2bfe58195a5c11315cecab00ba72dc291b7352c0d45039,5.612005715002496,42.13406510984484,471.5215804990453,21.71454766968553,64.76931137466431,22.63524626481947,22.63524626481947,1.0424000816935863,7.5
15,0,46,31,1,7930a43faf2227448286425687c51fe9c2aef4205aeedbada20e5e81677ba2c6,5.590237358995638,45.67110678704279,626.3141970955536,25.02627013950648,104.72771581459045,59.056609027547665,59.056609027547665,2.359784686185453,7.5
15,0,48,47,2,43f275c2b4a3871405b500a5d438966244c585f3a7f183300a72f04a90c3f850,3.8350453011191314,54.56390650559483,759.6139362354235,27.561094612431912,32.46351486587525,-22.100391639719582,22.100391639719582,-0.8018691547087834,8.59
15,0,67,47,2,786919d3bf96d78d38483e498e8ab34c54d41003d50970608a3b3a46b7402a43,3.7662171772929245,49.09570494477317,530.3652807586058,23.02966089109012,77.99839016914368,28.902685224370508,28.902685224370508,1.2550200092417594,8.59
15,0,69,47,2,dea8b8fbe4abd764f64d4b0d5cae6a21dac9b5b0014c4cf0764a1bbcd9c76c04,3.6715600251811438,56.03683055034676,792.0290173008511,28.143010096662564,31.563670106887816,-24.47316044345894,24.47316044345894,-0.8695999596134592,8.59
15,0,78,47,2,f6ec30406409649c9cf485278b567e061107963fe8fe77dc1a4b5477521f5055,3.6154508880141414,59.7605386176113,942.5978130838932,30.701755863205825,34.55683033084869,-25.203708286762613,25.203708286762613,-0.8209207446981139,8.59
15,0,80,47,2,2a810c0ebee2be861a20cfd0e1fd50589441abd0b0793157040efb558e99b1df,3.604422844062025,59.733298943081415,939.0260777994903,30.643532397546636,32.720669298172,-27.012629644909417,27.012629644909417,-0.8815116121231534,8.59
15,0,97,47,2,1091bf4b5f2c779dd1495a43ea23cf4f560a97863e635e6250994f53d7473d59,3.5489891755173595,54.6402056149488,712.0463246029706,26.684196158081484,34.88285779953003,-19.75734781541877,19.75734781541877,-0.7404138276593776,8.59
15,0,99,47,2,a31df7e67d23d60ba85170ae3258cd294fce85e39d7f2f75338e116212e5c959,3.469914444067215,55.84557097994841,746.6477722232964,27.324856307459267,32.41447392463684,-23.431097055311575,23.431097055311575,-0.8575011993353189,8.59
15,0,124,47,2,be8b45274cc91df6906bacc508d79b4a0332fbbb868511b3c4b9d6053d4af251,3.434127950938236,60.19275397768055,922.7019782978056,30.376009914039162,31.554338722229005,-28.638415255451548,28.638415255451548,-0.9427971394694425,8.59
15,0,150,149,3,0bc2557805bf1de74771999e5d6fd1241f84d7eb80a85b29815d52b13d548b07,5.23822840527754,50.07763723777467,928.1050403312216,30.464816433571723,32.375499584197996,-17.70213765357667,17.70213765357667,-0.5810682526899853,13.65
15,0,153,149,3,26991bb2ea9b11e46a91562745f144a4e3f58cb1dc2fdf7ac4fa9b2c4e022fd9,4.9078075040563425,53.97554689128069,1063.2024178505208,32.60678484381005,34.617203795671465,-19.35834309560923,19.35834309560923,-0.5936906440894968,13.65
15,0,156,149,3,14bb6f360b0a717e18c1473be0778d3a2fe485c355c415080658544a49d7bdfc,4.817889237077457,52.05508918006021,948.6905202583939,30.80082012314597,32.29682630252838,-19.758262877531827,19.758262877531827,-0.641484960417792,13.65
15,0,158,149,3,0b3d55f1417140bde8eaf506ffc937e246586beae5e4b8de998a513d84aa3d4e,4.765708420460443,47.54251655249846,726.3503636276539,26.950887993304672,31.927837908744813,-15.61467864375365,15.61467864375365,-0.57937529359451,13.65
15,0,160,149,3,dfa12ea251a56456fdfa7ad29afc1808664e879d9e1508f3db427b4b42d19ead,4.669102381264837,53.44931864232513,988.598843553167,31.441991723699168,31.16154788017273,-22.2877707621524,22.2877707621524,-0.7088536552648845,13.65
15,0,162,149,3,244209b3be81360da82bffeaf977facf55b4405bacc9dd60e688c7f25e2f4661,4.561240151804095,54.211844139981295,1004.6002084902086,31.695428826412943,35.835971587896346,-18.37587255208495,18.37587255208495,-0.5797641247488556,13.65
15,0,165,149,3,12d8727e7a887007f47270b578f0cc091eb30c68f4bb9333d4121b0aa3a80f7b,4.477529700198785,48.985958038988144,744.2973065052726,27.281812742288086,31.448294312000275,-17.53766372698787,17.53766372698787,-0.6428335203622181,13.65
15,0,198,149,3,e28349a657c475704e472b815924818d046f3b8aa135ddc31d349cdb890928e2,4.422415960453355,52.991269856309664,918.2668692606827,30.302918494110145,36.419312066078184,-16.57195779023148,16.57195779023148,-0.5468766248852401,13.65
15,0,201,200,4,23f0e93a0321a476cb08d47e299d1dd3dd1e6e8c33af3992e3588b951c7afb89,4.181504306882721,58.06815040055602,1162.3981150150787,34.09396009581578,35.89490408563614,-22.17324631491988,22.17324631491988,-0.6503570207921113,14.69
15,0,204,200,4,639112a1ec5606a5ba132941bd61322f89b7454c5ff787e0f2cbebff8a4df99a,4.11170005946707,39.36482561500334,353.79272035170203,18.809378521144765,34.935648352622984,-4.429177262380357,4.429177262380357,-0.23547706573086663,14.69
15,0,206,200,4,14ee465b69d773281acfed76d298fa761a8055564ffdbbd2918cada240350d51,3.9958528526426553,41.70550351066728,423.14052701677065,20.570379846195614,32.37087565231323,-9.334627858354047,9.334627858354047,-0.45378976606892546,14.69
15,0,208,200,4,07dd72be65dc0c27b5c5acd564ddf8771b4b7ae103784904d22ffe9a5511734f,3.9851223587684927,42.587083191967814,453.71480308841194,21.300582224164952,32.165776609420774,-10.42130658254704,10.42130658254704,-0.48924984645369646,14.69
15,0,210,200,4,e656417c85f1987fd72afba0b1cef9c47d583a9fb3bd8686d0c527ec1e0ce86f,3.975110156952356,60.416035724445074,1230.710819184558,35.08148826923621,30.006781853675843,-30.40925387076923,30.40925387076923,-0.866817668549023,14.69
15,0,215,200,4,164ed086d9855e9fd4967fce04f6198f868372b652323c0b44124adb9caa6c82,3.961177314821536,53.56416628301258,899.8582257737554,29.99763700316669,33.03197138023376,-20.53219490277882,20.53219490277882,-0.6844604093519547,14.69
15,0,217,200,4,7bfdd8eef19a4c44873247e4250c791e53cfb9d7f98df343198a031fa082ac77,3.883359991441656,43.29443836180543,466.79577814416075,21.605457138051044,36.859516589164734,-6.434921772640699,6.434921772640699,-0.29783779771582153,14.69
15,0,219,200,4,90932d29d1d391d7cd0ad81f4692b7dfa8745662ceb341b650aa1810c8fde3ca,3.865889955413194,59.405610459454735,1153.8776154826178,33.96877412393061,31.320456434249877,-28.085154025204858,28.085154025204858,-0.8267932755753818,14.69
15,0,261,260,5,199ee0d078ea87e2d7907ee5e577af2a6c99dcb7a3dbe59835b9f3369b9edf60,4.671998104610292,49.79005607420039,865.2545291027614,29.41520914599727,25.054323812484743,-24.73573226171565,24.73573226171565,-0.8409164163662461,14.9
15,0,263,260,5,efa2ed9135968bf1785b49bc497234776d7fea70a000faa48b5b39c55fd1dadf,4.584035289766536,46.37313825450903,694.5287265290209,26.3539129263383,19.498169199466705,-26.874969055042325,26.874969055042325,-1.0197714901070072,14.9
15,0,307,260,5,b9340b64de2c52cfbc2b1e64fa169dca15843463258b7419503314446e759f1a,4.556762431226127,48.90362910084092,803.5698381980103,28.347307424127788,29.233779109954835,-19.66984999088608,19.66984999088608,-0.6938877720056087,14.9
15,0,309,260,5,eddea7929bdf4d53dc3f4458efdb8679d7c86747ecf7b1a57c390242f0c72941,4.545464931084024,50.43841721680623,872.7976315498967,29.54314863974212,12.549500564455986,-37.88891665235025,37.88891665235025,-1.2824941956721976,14.9
15,0,355,260,5,2158dc2a64eed238928b0a35bb721bf48ff27a5d93991d5678ea99308d124327,4.5217393662392285,47.91490644745129,752.8370339138065,27.437875900182334,31.008494740486146,-16.90641170696514,16.90641170696514,-0.6161705726955632,14.9
15,0,357,260,5,4cf38799aa7a56604f4584c665b46d2bcf5d0f11fb3955168cd2471cda04425c,4.416060477097273,42.542165775180635,510.9424869819627,22.60403696205531,27.45343147969246,-15.088734295488177,15.088734295488177,-0.6675238728735563,14.9
15,0,359,260,5,e51bf57d20bf3a8f8247a22e203b26f63590909c1b4fd303d6234b7000b05e0b,4.411858531477131,44.06970542364684,571.6126050722605,23.908421216639557,25.97307821559906,-18.096627208047778,18.096627208047778,-0.7569143543218596,14.9
15,0,361,260,5,768920f3008f1f102a466b1b9100b79d44cdc2dbad89e7ffe02045a26fa62706,4.3794055653589545,48.63902949790154,761.2438862384938,27.590648528776807,28.538016430854796,-20.101013067046743,20.101013067046743,-0.728544421349196,14.9
15,0,363,362,6,3b9bbda7d3758bce760092b22ed515281a94f8679fe4b749e8899837315b0203,4.247629626751645,30.427112558078807,752.3857654342117,27.429651208759687,26.10567764377594,-4.321434914302866,4.321434914302866,-0.15754611246835,14.98
15,0,365,362,6,7bbe46bd8570a069fa3ee15b5669c34c988a11002437369841ff8a4fc1cebe6a,3.946510132087492,29.377607121214265,658.3850699353003,25.659015373456953,18.90403806400299,-10.473569057211275,10.473569057211275,-0.4081828123477291,14.98
15,0,367,362,6,9c433c6a170faee5d7804c1a48267be7b2550aacee66d0d0265206dc9055e6c6,3.9310397246578237,29.948401115856242,679.2884506253592,26.063162713403745,26.895725772857666,-3.052675342998576,3.052675342998576,-0.1171260516832306,14.98
15,0,369,362,6,953cf3f7310d3a0bc29ab55b9fb3cb187de621f3711f2467ce9ecb22123105be,3.8381571109007617,21.613758290654065,355.2472947478481,18.848005060160826,24.56795089006424,2.954192599410174,2.954192599410174,0.1567376807243369,14.98
15,0,371,362,6,c9cd8d6ac4235292bd507c96795a435667cdfa4699140aeb3a0453ec1b4f3f19,3.819215412131416,25.22473998809307,479.35851921274445,21.894257676677334,28.614719145774842,3.389979157681772,3.389979157681772,0.1548341673759014,14.98
15,0,373,362,6,24420c779bf7792fdfc3a0f69f1814e9c30199560b11f76ebe65c72783b64d89,3.8003380091801064,28.43208192977053,597.902460265752,24.452044091767707,27.018892778396605,-1.413189151373924,1.413189151373924,-0.0577943155210367,14.98
15,0,375,362,6,92483be8bf800ef5420f4e35279b3bda43ee72a5392f52bb268085c7e43e93de,3.7158911780510366,25.38428049909521,471.73212901453707,21.719395226721602,24.5085504693985,-0.8757300296967081,0.8757300296967081,-0.04032018481892572,14.98
15,0,377,362,6,f29eba17ea392a8a6cbe4cf65884cd810e03042cf244dcfa48df65516013231a,3.6536440756354343,26.162316394312775,491.5761823827046,22.17151736762066,13.25852574968338,-12.903790644629394,12.903790644629394,-0.5819985358094671,14.98
15,0,394,393,7,b45a9dbb0b655e17d2aa6e30b3f639c3854a3578c837ede699e4b5de659ca16f,4.467112908893069,22.26690607002963,468.0029499474215,21.633375833360393,25.20123305273056,2.934326982700931,2.934326982700931,0.13563888527170892,14.97
15,0,396,393,7,00605606e51d903c1b3f52197064e5fe354940084847b24112f7fb97336f9722,4.416726185857426,26.300936262474046,623.616799672628,24.97232067054698,9.455176362156868,-16.845759900317177,16.845759900317177,-0.6745772698724598,14.97
15,0,456,393,7,9a8357ceafb5d6edeef48700a45999c90f085191a1fb4d6dd65a2e1a8018d76b,4.283110111672927,26.88883997248939,628.2649004924231,25.065212955257792,25.94282826900482,-0.9460117034845688,0.9460117034845688,-0.037742017399701726,14.97
15,0,458,393,7,014d25b1c49eea16c3b12ba94186bfacf0daf7493b1a04b12cfeb435c063fc1f,4.253521900166028,21.049140934391822,397.7599258129735,19.9439195198179,25.338679636001586,4.289538701609764,4.289538701609764,0.21508002463343928,14.97
15,0,460,393,7,a0c91c302f3c3bdc2cef0889210d9256a7494d6453914633e6c7a3a6e5884110,4.215839086817121,22.214685328990296,435.99249977011465,20.88043341911548,21.11176916694641,-1.1029161620438863,1.1029161620438863,-0.052820558841187464,14.97
15,0,462,393,7,821f1fc4264ad5b2d9b365a17bc5500751b383a83f8b17879abcac9851d46fab,4.1384452653927575,21.325096711595865,394.8872375903504,19.87176986557439,24.278360872745512,2.9532641611496473,2.9532641611496473,0.1486160609310319,14.97
15,0,464,393,7,f04f2f85486ed5c6a5bfe2e8e5ddad413340b02f54ef47b6113e68d9375b66f4,3.829278961835093,24.19311555943008,461.0707675413752,21.47255847684144,27.02061722755432,2.827501668124242,2.827501668124242,0.1316797749636475,14.97
15,0,466,393,7,6023daa326c2e7e41fc2cbc8652da5195fa77c26d81f32bc749b12b0b154645b,3.8218748382640038,23.546238263971997,436.99150007425015,20.904341656083076,15.6768230022192,-7.869415261752797,7.869415261752797,-0.37644884451373434,14.97
15,0,468,467,8,5ed1734cb01d442a5f75ca55a69590ba9560f4506800ee285dd4ee7fd83dcc98,3.645469279647465,19.07449250195301,369.0938215685625,19.211814634972992,28.62418852710724,9.54969602515423,9.54969602515423,0.49707412894615693,15.0
15,0,470,467,8,96175e8a871fc7ef5e4a341f3bd21923e4c0edae1a680cf3bf1cabf1c1999281,2.740490789964957,22.84719500234372,381.67279655595587,19.536447900167417,15.24010379076004,-7.607091211583681,7.607091211583681,-0.3893794435127837,15.0
15,0,472,467,8,29de8e8982d583a1d44796bd41119217c8e68483d6dcbf8c15925ae911ff1f1c,2.5189973348634833,45.254430381514695,1165.6352340793942,34.14140058754758,76.27929414749146,31.02486376597676,31.02486376597676,0.9087167846679519,15.0
15,0,474,467,8,2368ac06ca1c2861108dbca1a0951f870a5f016a989355d3cf3819facb486705,2.462385968136654,48.27702691420821,1280.739087013511,35.78741520441943,74.43886046218871,26.161833547980507,26.161833547980507,0.7310344543897026,15.0
15,0,476,467,8,c64dba7afba58c6273ecf00726658c78e55c0e51aea3fc35c47bc7cb6bc4e5cf,2.4016409483680343,47.513723730643896,1227.3297663750889,35.033266567294135,59.433282356262204,11.919558625618308,11.919558625618308,0.34023543316243315,15.0
15,0,478,467,8,4026c4537dfed9e9dc171f361fc9d5768dfd7cb77c8db85f61ef5487a0298358,2.3354249944479095,49.40796602043069,1288.5357620371492,35.89618032656329,77.48399357891083,28.076027558480135,28.076027558480135,0.782145267353245,15.0
15,0,480,467,8,db29e041609f42c1d143141b3ff65b361823eaad1042bf151875371ef7c36fc0,2.2595013353812643,25.332394762807958,390.6616941515387,19.765163651018394,18.974087141275405,-6.358307621532553,6.358307621532553,-0.32169263729849984,15.0
15,0,482,467,8,06e47c6fcdd3d29ae90b471584a6a1c68067f33f1ebf8f08628b8c658589c880,2.0481096402549293,49.71058276254637,1202.97179709419,34.68388382367508,76.80476803016663,27.094185267620254,27.094185267620254,0.7811750669377422,15.0
15,0,484,483,9,fd55d92566e3845e4425e55f9672c94f12e93f2ca85739ee209e8163bd07e50b,1.7609928484102184,16.818957169670803,141.25057762348735,11.88488862478262,23.401877026796342,6.582919857125539,6.582919857125539,0.5538899071715906,15.0
15,0,486,483,9,2b5293b84297080fa7070eae2d19e96e1cca2b2f0e4153a47c3c94d51e87a69a,0.8998368006565949,18.296263046804444,99.30238074374822,9.965057989984214,22.95429746770859,4.658034420904144,4.658034420904144,0.46743676008568047,15.0
15,0,488,483,9,c5ec01050c9b67fd1ba7c275efec2ba4f2c4c4fd0e0a706410300771dd5f818e,0.8080005306589821,18.412659640963184,93.52840079032019,9.671008261309685,29.281826046943664,10.86916640598048,10.86916640598048,1.1238917507147839,15.0
15,0,490,483,9,b6bd5bfe4eb8bff4d7c7025fd08df8f323a5abd57054354a2358b7cb8ff722f1,0.6449827637891747,72.1975082152781,1362.615335263315,36.913619915463656,25.53038680934906,-46.667121405929045,46.667121405929045,-1.2642250072683743,15.0
15,0,492,483,9,2b6367038f723d5903e372a7dace90a58227cd2fdacbc44b72b924feac502a1d,0.6424337510431384,18.474488082995478,80.98802399566392,8.999334641831247,23.453359294652937,4.978871211657459,4.978871211657459,0.5532488133638649,15.0
15,0,494,483,9,e7f720332a06b0d284d9bc0153346ef2614478e54b3e41e07777a957a83ea83f,0.623133795411634,67.56216571510993,1189.6124377081223,34.49075872908745,30.557788727760315,-37.004376987349616,37.004376987349616,-1.0728780215595062,15.0
15,0,496,483,9,c906ce6fb957003cc00a8f7adc24ae0cbe9b129c957e9f6cf63a36a7a1b164d4,0.5894635148703427,71.28677411974459,1286.2965325273967,35.86497640494689,46.880854787826536,-24.405919331918057,24.405919331918057,-0.6804945040630704,15.0
15,0,498,483,9,4b87683bc8c584f6b3091a3842a560ad5c4fbaf7390f5e4dfbe4162b43ea9390,0.5594165787759611,68.51506630305781,1171.7099586084619,34.230249175377935,20.724863317251206,-47.7902029858066,47.7902029858066,-1.3961395005030357,15.0
15,0,500,499,10,78efbb9fb38a9a92dd522569ed0c3e1449df4037442dd8db03d0f90a233d69d9,3.102201089118754,38.33113948409573,1033.5419731796,32.14874761448104,64.73333174324036,26.402192259144627,26.402192259144627,0.8212510352114637,15.0
15,0,502,499,10,1b05b55aa44afd1a9378f8a80264cacd38ca4de9f726c37a661ac7e298e8e4c5,2.90957546462497,32.47501375054917,749.0072034660863,27.367995970952755,38.5615689496994,6.086555199150233,6.086555199150233,0.22239681727555966,15.0
15,0,504,499,10,9c63aa6fd480eee8e551faa895e5cda3502d8e407ea936316943c616efaf67d6,2.5398019688390354,35.9987536386827,805.1756428902414,28.37561704862542,63.54415581703186,27.545402178349157,27.545402178349157,0.9707419624090086,15.0
15,0,506,499,10,4564aef9285e8a9dab7dee49eb834425e6c5d4f52c81f50488653b5be3e96ecb,2.476570709574295,28.082840326482092,514.9200205960265,22.69184921058719,24.345019786834715,-3.7378205396473767,3.7378205396473767,-0.16472084337240553,15.0
15,0,508,499,10,795bcc4f5ef1c8fe553d9c90f7a0ba5b293ab1e474eb65d74c95610153d44fb3,2.45965828439454,32.55459909605491,662.3624132731845,25.736402492834628,46.84970141792297,14.295102321868065,14.295102321868065,0.5554429111002605,15.0
15,0,510,499,10,73fefe4f1013c8db952b4e7090c4cf2c76d52c4886078e6517cba359acf8681a,2.4231959805441807,41.17396608179508,978.7707004406235,31.285311256892165,65.8574583568573,24.683492275062214,24.683492275062214,0.7889802365199238,15.0
15,0,512,499,10,f11b225677548cb63ccfd8cd4d75147556959a9381e088e477cb9e68ff87a347,2.390452988888282,30.745346656860566,587.2331292212955,24.232893537943326,36.96996990203857,6.224623245178005,6.224623245178005,0.2568666938362779,15.0
15,0,514,499,10,cece1ef404addfbc7bfb6554a6cd41364f8669aefa5eca9e3fe5bb0656d50204,2.3048438190402045,41.4313305960248,957.0445676048861,30.936136921162056,59.59933338737488,18.168002791350077,18.168002791350077,0.5872744498658506,15.0
15,0,516,515,11,84d73b57d3d6d9c93495782f10e954eefc9f833c0463fb4444f1b5ed9a330565,0.7662576911054155,24.159752705740026,171.68433521807907,13.102836914885229,26.165998873233796,2.006246167493771,2.006246167493771,0.1531154039790126,15.0
15,0,518,515,11,76d099caf7314be1a4c82878a9bc18f8ba493040eee39fde5a8472ef7b2c4ad0,0.6638910643378066,22.59543674372191,135.74801536123687,11.651095028418439,23.038799934864045,0.4433631911421365,0.4433631911421365,0.03805334949725495,15.0
15,0,520,515,11,6e26830484da4e7eaed498a8096b62fd171fd07cb960016f4f91c26393f882f0,0.5507206300725649,21.780779487253618,111.9161902600405,10.579044865205956,27.83187044620514,6.051090958951523,6.051090958951523,0.5719884012264012,15.0
15,0,522,515,11,f3f48d305005c785b9c1f33606a59f199cff80b3ce81aefec8336e776c8180fd,0.5336016452627137,23.77064714338431,135.14469405881536,11.625175011964997,27.492536378383637,3.7218892349993276,3.7218892349993276,0.3201576949309272,15.0
15,0,524,515,11,f38ad1c0633a47d5cc0d5df42fcef69cb4b77b38b33734fbf035ea57b48946b6,0.5161474666982018,27.53658196441571,185.06591309053042,13.603893306349121,24.830442085504533,-2.706139878911177,2.706139878911177,-0.19892392699435424,15.0
15,0,526,515,11,4f25a46759d9c7cec80c00895d82ee80f75009f2e57c5ea428cf66e0bdaf725c,0.5126290433079352,25.021424310624635,148.8633157012933,12.200955524109302,25.017901618480682,-0.0035226921439530656,0.0035226921439530656,-0.0002887226444676537,15.0
15,0,528,515,11,94018b5d67f0815b98c695ef21f3d440e142481d2b820e03da61e6e29dfb9309,0.49042491337997207,24.467735444329527,138.23697003438426,11.757421912748741,14.55867527794838,-9.909060166381147,9.909060166381147,-0.8427919181531294,15.0
15,0,530,515,11,b63a0ab8e8440d4b75feb046aae5c29d59f87b48cf2bd0125f9025a52cf44e58,0.4690851832949179,24.415691174136573,134.4669952491103,11.595990481589329,19.112404484033586,-5.303286690102986,5.303286690102986,-0.45733796509430436,15.0
15,0,532,531,12,bc13706875992759f081ba0233d28ca4a2a1238388467c9813a27c9c9f665270,0.8164742618671545,25.220273831941025,194.95585566264887,13.96265933347401,30.063071997642517,4.842798165701492,4.842798165701492,0.3468392410098692,15.0
15,0,534,531,12,0ce22bbd48c1abe13abdc4e58055a9dd5d9f95989a16722f8d251bf3d647d9df,0.8160497916301857,19.09515701186965,103.12460498634978,10.155028556648661,7.894178384065628,-11.20097862780402,11.20097862780402,-1.1029982402630032,15.0
15,0,536,531,12,c8344a0ea0e6febfcd5b00dc84cfc45207f794b1ab84514e64800b8bcf7ae239,0.8116276763482628,24.155062799043193,176.83135305512744,13.297795044860912,21.81334200334549,-2.3417207956977037,2.3417207956977037,-0.17609842743084606,15.0
15,0,538,531,12,d9896f1988e1da8faf80fca45fc8e76972ef8f253c78f9d8cbd1e5ea37574135,0.7308666795391012,21.37092572146321,125.70710552031848,11.211918012557819,24.87621458864212,3.505288867178912,3.505288867178912,0.3126395379677983,15.0
15,0,540,531,12,3e784aba4186ebed1f4a30e865b13c39eaaba4fde638895d9a85e81a03b90276,0.599344968681399,17.316089109862716,65.29180441289026,8.080334424569955,5.1494563149213795,-12.166632794941336,12.166632794941336,-1.5057090654498324,15.0
15,0,542,531,12,06fa111c0a4ba5b0719960b22a2d201f8c0202dcc484903690077bdd6038697f,0.5412556776885453,25.712597478606146,162.16987531787032,12.734593645573081,34.30939453792572,8.596797059319574,8.596797059319574,0.6750743132120335,15.0
15,0,544,531,12,b69b20a83735e0efa1a918b34b3b7c9be2f797b26020554b6a8ca1d6a59b0012,0.5396318131297435,28.20552112827665,198.69243964580866,14.095830576656654,50.15556747627258,21.95004634799593,21.95004634799593,1.5572013460736551,15.0
15,0,546,531,12,70cb1b18db2c50bc63d94ff8421c11b69621dc484d30df830a4a3b7bed9602f7,0.3915458834400829,26.063822160384984,142.55555036414097,11.93966290831282,15.05454553937912,-11.009276621005863,11.009276621005863,-0.9220760004322074,15.0
15,0,548,547,13,26ca559555292d390692d0614509cc68db62e39dfc07b823b8259004f51de097,1.1286243697531964,17.200783159718533,102.82359647410111,10.140197062883004,16.67873940205574,-0.522043757662793,0.522043757662793,-0.051482604768468714,15.0
15,0,550,547,13,09e5c3448a6ae7159d1549922744096add924ef474622e2829cec594b34f3525,1.0479180775530483,20.41031818859086,144.93342824244544,12.03883001966742,25.878102896094322,5.467784707503462,5.467784707503462,0.45417907708398003,15.0
15,0,552,547,13,a3e522a31c21f6b034a6712a612c56a1529c5f4ce7eeaafc351f70110b1ea607,0.6660399568615287,19.395292054449804,95.04548064469705,9.74912717348056,26.82311143732071,7.427819382870904,7.427819382870904,0.761895834436949,15.0
15,0,554,547,13,cb8a9867c63f7dc01a2c9fb6ef8e71db14224ae1f0ddc59b72f872e59146500e,0.648252876825612,17.39028271291131,70.61889705730147,8.403505045949665,16.430747139096262,-0.9595355738150495,0.9595355738150495,-0.11418278070500214,15.0
15,0,556,547,13,0f98fbc9113296d01378a3a744260096cc9cf8d9297925a68b2fbbd011eaeaf8,0.5350956186166251,20.625909116334327,97.04735522016625,9.851261605508517,25.15622148513794,4.530312368803614,4.530312368803614,0.4598712885941842,15.0
15,0,558,547,13,ef194f4b60426ba821dca4ab4e0d07ee282fa717436b0b9bfa95e9d7d33dcb17,0.46375574478282067,23.204268493566165,119.28899239044753,10.921950026915868,23.20218187689781,-0.002086616668353969,0.002086616668353969,-0.0001910479963021023,15.0
15,0,560,547,13,22389b0d58036a150feca619f34000a35d418991a587075484f22d3d00dfe219,0.4414555389878414,20.832126996457436,89.43374763940393,9.456941769906587,23.20482881164551,2.3727018151880728,2.3727018151880728,0.2508952548210001,15.0
15,0,562,547,13,beacc4ed44430f509d81375efa824900ddd49c0768b61e3f1f73c8d5c59e4fa8,0.4202019122540688,18.855262697104685,67.30151763055898,8.20375021746512,25.490868515014647,6.635605817909962,6.635605817909962,0.8088502991940558,15.0
15,0,564,563,14,8b1b9e370446551a20bcaf34b33e00adc26e6a19b41e16cf85a36239537f7fa2,0.5881394168712422,27.0848057581411,188.74041026134134,13.73828265327735,26.532399923324586,-0.5524058348165148,0.5524058348165148,-0.040209234935542335,15.0
15,0,566,563,14,c861adfeeb8fc3200271acd78fd79818072d217e249975a69aa0548321d13057,0.5662838419575125,20.87146507927655,101.04286062762776,10.05200779086585,25.095370656967162,4.223905577690612,4.223905577690612,0.42020516354243465,15.0
15,0,568,563,14,2099a1a3309e9b09da17ac4fffb083b3ad0994598b22b5c632a5d57690754d17,0.4644051793133479,52.28773689885173,651.8181771805486,25.530730055769038,62.32138925743103,10.033652358579296,10.033652358579296,0.39300295513140043,15.0
15,0,570,563,14,56fac6b8d9e9c397f6d20cf37ea9bfdb6e643e0db9da8761083678b16483e46c,0.38101311492594303,24.792516109083227,124.3002504400147,11.149002217239653,26.673077241420746,1.8805611323375189,1.8805611323375189,0.16867528552731073,15.0
15,0,572,563,14,e201c7e66f5d1786fcdd3712cf485f43d53236301b1f135c9fbcb76983a9cefc,0.35185484712774295,26.373526214784388,138.43266155162678,11.765741011582177,29.93128431892395,3.5577581041395625,3.5577581041395625,0.3023828334005747,15.0
15,0,574,563,14,938224e13a6fae7e479411cdc0e40053359d207bad6b1791b4e45abca5aceef3,0.34156112831501684,28.29773548044732,160.55427354333062,12.67100128416577,36.34987821006775,8.052142729620432,8.052142729620432,0.6354780138553641,15.0
15,0,576,563,14,0f68d966eb7242fa07b4a6ef37fbd918ac4908a4a8d827ea4a65ade0df75b0a2,0.33860254738485374,25.8955816924712,130.3524359750988,11.417199130044935,28.24552029109001,2.3499385986188095,2.3499385986188095,0.20582443836289302,15.0
15,0,578,563,14,45f68d88f76810f4b73cd52c193e40936422e2a8fe6f4ed0f1e547c7d93d4cd3,0.33046007895161345,33.88417568589317,235.60539999492903,15.349442986471171,53.02923156929016,19.145055883396992,19.145055883396992,1.2472801716825315,15.0
15,0,580,579,15,de68ca4f396519146b928908aa5ef9d5c5f9673a5e9f2db183301161bc192b7d,0.6901110350861315,22.436705905278668,134.54647221267672,11.59941689106296,26.702675424575805,4.265969519297137,4.265969519297137,0.36777448033477894,15.0
15,0,582,579,15,8e1b33403a8c3c1cff7dd9affabde248dd1e386f6e7f0ff17d8ad4ff131a5720,0.5215897946804735,21.94425844451976,108.7629991209318,10.428950048827149,20.60978185582161,-1.334476588698152,1.334476588698152,-0.12795886282418514,15.0
15,0,584,579,15,2dde84a033c5678a0a10ffe8789efadea716aafd2df011bc291176155b642f53,0.40265111867875447,28.725970786540252,178.4773237146645,13.359540550283326,28.95086404323578,0.22489325669552684,0.22489325669552684,0.01683390651415459,15.0
15,0,586,579,15,6d07997b7c4913477bf47a5501b8b868819aba683a28bca8f90725229c027708,0.34824513401704005,24.14960950058405,111.62491233262199,10.565269155711178,26.468705637931823,2.319096137347774,2.319096137347774,0.21950185112834159,15.0
15,0,588,579,15,913819fe794243f73219b714db9c41aa616b795d167d99143d02d838fa14b921,0.33113879439226857,29.420111496971117,172.639247268704,13.139225520124997,27.593285313606263,-1.8268261833648545,1.8268261833648545,-0.13903606270908084,15.0
15,0,590,579,15,ba4508da41b97ba04f94798e508126eea4764793b93b58f0106bc5d6c55a3987,0.29790310592630376,23.392690803520043,96.03088114797974,9.799534741403784,2.62651836681366,-20.766172436706384,20.766172436706384,-2.1190977923643373,15.0
15,0,718,579,15,826d5bde3a0e489fdfd5ebdf9a0c2b47ddd20ea492a59625c911c84322fe6298,0.2721464134894709,64.5428972344826,811.0194783051696,28.478403717644877,77.31947965621949,12.77658242173689,12.77658242173689,0.4486411018122014,15.0
15,0,720,579,15,6c31509979b07fce1fa987c70e12a5e20811d597fd368916bda9e204adbfa415,0.2638122848057942,56.960726559461264,628.5601785796848,25.071102460396208,73.90251734924317,16.941790789781905,16.941790789781905,0.6757497328465774,15.0
15,0,722,721,16,ed91004598144009beefb2c2f3eb0503aa43b78e661571b5dda9cb922d7db27e,0.6262094851093614,69.89059689454727,1482.3908005853355,38.5018285356077,15.667772910594941,-54.22282398395233,54.22282398395233,-1.4083181512744352,15.0
15,0,724,721,16,f600bfe4df97064376f7f56cbceaaf6823de8135707d998a8231fbdf1ba2549f,0.59665052987918,69.7270171233556,1450.107520818091,38.08027732065631,38.573120739936826,-31.15389638341877,31.15389638341877,-0.8181110689159717,15.0
15,0,726,721,16,3f39d4e355d7cb3dbda510519510621a04ed036aa3d906728495719354e6aa83,0.5598386082547493,66.57335194291933,1309.4774780385787,36.186703055660914,18.273937734603884,-48.29941420831545,48.29941420831545,-1.33472823246769,15.0
15,0,728,721,16,ff820738b3dad752b015810fe4449bb0286d1a9087a27adfd08a1f1f160797f5,0.5429354732565348,61.03212149476455,1117.1392990502864,33.423633839699214,32.26269969558716,-28.769421799177394,28.769421799177394,-0.8607508668015104,15.0
15,0,730,721,16,618c59460da5128d70901824e48cb059774dd50697f25cd21badd2326670a715,0.5263853442226614,69.56853119067281,1379.7471824908876,37.14494827686381,32.040010816574096,-37.52852037409872,37.52852037409872,-1.0103263597078105,15.0
15,0,732,721,16,f5e855c6224a6877b1e82c626389188664c8062c5697e0f0cc2cd80fffb92a81,0.49068670033546047,65.24931260283752,1205.9624227893523,34.72696967472619,36.68954695415497,-28.55976564868255,28.55976564868255,-0.8224088054958608,15.0
15,0,734,721,16,84215c163024ab740ff1d035f8a84c96b018a9c9c38ba71f20e5f797b2a9219c,0.4903660939877623,66.06311744810472,1231.4697788625876,35.09230369842635,17.192028824329377,-48.87108862377534,48.87108862377534,-1.3926440693024915,15.0
15,0,736,721,16,6495660d23fae1d345ea8afc9550dfa45ee05b5bdf0228d899e648d7fa6d502c,0.4882440010414313,68.3362297859503,1302.7104821559058,36.09308080721159,35.677116945266725,-32.65911284068357,32.65911284068357,-0.9048579979949537,15.0
15,0,738,737,17,0241432a23527429b0770a3990f61d0f9bd1216e603b22aa5e5008fa8589b45d,1.478207167369733,14.378323777050076,187.63889265496024,13.698134641437871,26.244225824832917,11.865902047782841,11.865902047782841,0.8662421824857531,15.0
15,0,740,737,17,aecc1cd6c6d3564b46a81e406111f2699d06f2a2830222ae2a21764ee7099001,1.2082466895653532,14.23930353441235,158.6178367069363,12.594357336003148,27.21251384830475,12.973210313892398,12.973210313892398,1.0300811679216242,15.0
15,0,742,737,17,62bfa0d9598f04b8cabc575f82956971210910e9f666156c378ed3cdd01cef46,1.1858484083943295,17.280448713441036,211.16127705584665,14.531389371145714,27.48564100599289,10.205192292551853,10.205192292551853,0.7022860672095,15.0
15,0,744,737,17,86a807ad33f1fd1477db73f3d4130e73fd3b35a944dc53f32d087cc6d65c7490,1.1080439215423903,14.972356150722442,161.12384747581055,12.693456876509668,26.59460826921463,11.622252118492186,11.622252118492186,0.9156096902176555,15.0
15,0,746,737,17,0b217e2de2786f313ca16b1563689888ead27963bbf1f7fd17451647da8db33d,0.8803294906070875,45.28818322616567,830.3565142813773,28.815907313173,54.18366823196411,8.895485005798442,8.895485005798442,0.30870050035634067,15.0
15,0,748,737,17,33b177830559fccdf7597f94046c05b2753b34aaa662ad7d36f644537173a2ab,0.7228586505584733,31.054744268210726,407.18186571420813,20.1787478728044,24.974531169891357,-6.080213098319369,6.080213098319369,-0.30131766037445185,15.0
15,0,750,737,17,a027211cd3b9f8e6aaf84b7649dd5198cbae0d71fb8141477506eb1481938e38,0.6739251560446604,32.54971393504945,425.68426592939,20.63211733994817,44.10850491714478,11.558790982095324,11.558790982095324,0.5602329025007552,15.0
15,0,752,737,17,73ffb25d322d9a1a1ecef78c6e9163012aaefacc81a327d5484dcf065bd1dd16,0.625362621166786,31.72457645397527,393.8454159425925,19.84553894311244,34.042244455337524,2.3176680013622537,2.3176680013622537,0.11678533941587006,15.0
15,0,754,753,18,29c2cd487d9d2b12059976d0289a0fe2bdc1b7e5201b635968a25074a8da9f04,0.31486482690835293,51.77213217710517,692.184312282757,26.30939589353501,44.4901097984314,-7.282022378673773,7.282022378673773,-0.2767840967592562,15.0
15,0,756,753,18,89953932569be4f314bf854d37a9b82f3f335e3fdafe0a4a4c3d6bb912fd9120,0.2287510671691768,53.93684769485081,669.1981682429829,25.86886484256669,45.267046914100646,-8.669800780750165,8.669800780750165,-0.3351442296951579,15.0
15,0,758,753,18,91a727e4318761b0805a320064ba0825e1fba89212d8032d2da18e3c76819219,0.22202422709321556,54.18500602506846,668.3062485029758,25.851619842922336,51.81331138420105,-2.3716946408674104,2.3716946408674104,-0.09174259312484566,15.0
15,0,760,753,18,aaed0036494b4bf62452ca553471700c75cddc25e357e5c17c6e100dbd66168f,0.21067904705670637,54.01077885925119,653.6578785254214,25.5667338259196,73.91859506225586,19.90781620300467,19.90781620300467,0.7786609090763911,15.0
15,0,762,753,18,3dc441aac77e1db5d5fc642aff98c3452fd39eec8433fc1c338d1c2c23d990e5,0.2092980834850724,52.492580627483456,620.1510523058945,24.902832214547296,47.4320207080841,-5.060559919399353,5.060559919399353,-0.2032122240474786,15.0
15,0,764,753,18,b4aa29df57144746238cacf7792c0323ce174cacf950e4e0e5a879736b9b4333,0.20399894101576965,55.041269767155036,669.2165113380534,25.869219380144685,57.47772456932068,2.436454802165642,2.436454802165642,0.09418354556286634,15.0
15,0,766,753,18,08d8d76a155b87add296a9bee608d4038e0ca33262241ee7b65a076353916206,0.2021080833360802,54.76608020689989,661.3849983479756,25.717406524530727,56.525582944869996,1.7595027379701023,1.7595027379701023,0.06841680308205994,15.0
15,0,768,753,18,222b497e567617d1e05a2e508752e3c3e19a33420fe80b4f01a1b09a4fc3d88e,0.20033923747041293,53.83205652748042,639.7458052669276,25.293196817858504,74.22366461372376,20.391608086243338,20.391608086243338,0.8062092045180167,15.0
15,0,770,769,19,f1cb8db9e965a97991116616c6c52bf235800f3f4a119eeac0ff015025d6b74d,0.31448177147260425,36.179980336751285,370.0439209135293,19.236525697576713,28.37608790445328,-7.8038924322980066,7.8038924322980066,-0.4056809714490745,15.0
15,0,772,769,19,bf781835b91dcd1aa27e482644a898417cec6cf8fa98beea822b931b97c4ec33,0.26501429915141617,44.24169385635179,495.24552925287287,22.254112636833508,30.07164575958252,-14.170048096769268,14.170048096769268,-0.636738401032264,15.0
15,0,774,769,19,c7758047216a384a666a7d1d0e5cb17ce44fd6e0885e682d21350ad178c90307,0.2146655748693571,42.55942883100424,430.6997990035098,20.75330814601638,26.858649116039278,-15.700779714964963,15.700779714964963,-0.7565434678894191,15.0
15,0,776,769,19,eeafdd7132ee6604645c45d138bb061333424fe0114df0be6bec6c2259222492,0.20700209269652792,42.09852520804122,417.3971051708649,20.43029870488596,33.89997388648987,-8.19855132155135,8.19855132155135,-0.4012937568842615,15.0
15,0,778,769,19,840c559a618b3f62d608e5f1387ab76644ccb39d82207a0a40c72ce6aabc0cb5,0.19263370969775073,37.698422466878995,334.6564278985688,18.293617135453797,33.92455697631836,-3.773865490560638,3.773865490560638,-0.2062941113623029,15.0
15,0,780,769,19,6738c33609096af6996fef2d8c86def410c2556019bd223c52eea36cfe12bcc4,0.1908988954724563,42.74164659804881,417.67272475621996,20.437042955286362,34.233084832191466,-8.508561765857344,8.508561765857344,-0.4163303754106203,15.0
15,0,782,769,19,edac97d274339381907a26cce352e664ac2945b9a111e94f148c9ce64ea0dc95,0.18896364517665143,34.321178160655094,280.9749402910841,16.762307129124085,31.590483114242552,-2.730695046412542,2.730695046412542,-0.16290687346182964,15.0
15,0,784,769,19,1320c28f272cd009169505f5f7228a49fc61e7199b6cd6b4bee8d03ebdc0967a,0.18863423719255024,39.5018580335417,361.3532310262212,19.00929328055678,27.411795080184937,-12.090062953356764,12.090062953356764,-0.636008018547581,15.0
15,0,786,785,20,6a86412f0d05d91b838265be3ce8391e428e503ea523ff614f3a89302fe5a04f,0.8872623426596538,16.405069007928816,160.54780077828312,12.670745865113195,25.56593778467178,9.160868776742966,9.160868776742966,0.7229936480665992,15.0
15,0,788,785,20,bccb6804864d32c9312da8841f1a185f9eff6ad8824ca1a74caa8802df58a23a,0.580676877982121,16.527900262683062,126.2574126039806,11.236432378828281,27.30669605255127,10.778795789868209,10.778795789868209,0.9592720737747372,15.0
15,0,790,785,20,80c194128378a43d4c1fc0ad0d8743564d2583cc72982f27bde724a572487b3e,0.26361033418271695,18.065651823073498,100.07271725260573,10.003635201895646,25.281429282546043,7.215777459472545,7.215777459472545,0.7213155331878941,15.0
15,0,792,785,20,2b106fdc6bd0aec9ffaf9496ecc84bdcf294ebc9315b72583940aa24aaa8b0e3,0.12438094483610396,29.608345231697353,187.1629975424638,13.680752813440634,26.482787253379822,-3.1255579783175307,3.1255579783175307,-0.2284638879847921,15.0
15,0,794,785,20,a49e4d4a29af1734abb9c0cacc2ab7ee688823962e4172e0d1ca689bec3ce70b,0.11485710672999705,70.52004183195486,885.9023143327897,29.764111179956135,76.34215864562988,5.822116813675024,5.822116813675024,0.19560862336772133,15.0
15,0,796,785,20,b91b13653060b9ec02de2f6c7a79ba88880d96130c03c1a39f1b91e665d93120,0.10003168169326049,34.35366451276422,230.1922803480931,15.172088859089019,36.78034032058716,2.4266758078229387,2.4266758078229387,0.1599434217898882,15.0
15,0,798,785,20,55faf3465be75864aadd8570e9b1926f1dc8b55f804f050ed8c776076f6dc4e8,0.09307685302389468,70.02717935501951,828.7861457264321,28.788646125277097,77.97242824363708,7.94524888861757,7.94524888861757,0.2759854997710871,15.0
15,0,800,785,20,7740aa1abee0dfd5a7f2c3eee1c8ea2a10780e98da6955083064069fec911c9b,0.07471893742276409,34.36287340718272,211.8127783517213,14.553789140691894,26.83033468055725,-7.532538726625468,7.532538726625468,-0.5175654706694045,15.0
15,0,802,801,21,af54196b37c2acf43921ee15abeb295fee02a6789147a4b97516bf52ceca7bb6,0.11572549124898024,18.264924891090285,73.86322947817526,8.594371965314002,25.094029019355773,6.829104128265488,6.829104128265488,0.794601880838652,15.0
15,0,804,801,21,57e0b472b2bc9716c563ddbdf9844ac9f58619935820ea7c5b8d083b8ec0aeb8,0.1137593962284702,31.040700754081275,198.53320230007276,14.090181059875446,28.24336417198181,-2.797336582099465,2.797336582099465,-0.19853091810618598,15.0
15,0,806,801,21,ba7d5991aed5b44bcce86740bd88109ab61ca3d10ee785aaa5657790b0f99c93,0.07187147238357622,32.17484742223095,185.32705771253273,13.613488080302298,34.46032169151306,2.285474269282112,2.285474269282112,0.1678830771218012,15.0
15,0,808,801,21,33446e6e7ba93b0999ca985fa80a4e53573501c66e685395a3f6bea4a676f714,0.07061443097833381,39.072884695387984,264.8146981336594,16.273128099221104,36.75653756046295,-2.3163471349250315,2.3163471349250315,-0.1423418485248636,15.0
15,0,810,801,21,9fd846065ab7114e4654643e11ac597f16842156409df3be7df0ae98ed631055,0.06998616773227201,30.578198300465466,167.21318159259422,12.931093596157837,33.26528974246979,2.6870914420043235,2.6870914420043235,0.20780078823362072,15.0
15,0,812,801,21,54ec1e8d8b17d391d6246f4a5ecf9930c5087247fd7cb57924c7d2248ff90197,0.05613313459181274,52.38133548511797,429.74958357773386,20.730402397872886,57.22497353172302,4.843638046605051,4.843638046605051,0.23364901238492355,15.0
15,0,814,801,21,546caf858f200462658ae22fc2294ba5a0ce7850430e5cb818b080918864e572,0.051053958230689145,31.95391353515242,166.72038000342565,12.912024628361953,32.68477942752838,0.730865892375963,0.730865892375963,0.05660350823453178,15.0
15,0,816,801,21,3b73e28c3e35ef94d2ee491eab1133f3674a9f02ec4ebcba4e0345af152cfcc5,0.04987257189946026,39.659645493194766,248.79851078313592,15.773348115829306,35.84354031085968,-3.816105182335086,3.816105182335086,-0.2419337450940706,15.0
15,0,818,817,22,0948fc956470b6b8c9b10e68b3fff3a4dbb6f79613d3e19b835661da7bd945d1,0.3131833803847561,25.648872779222415,201.9733424371165,14.211732562819936,27.70772705078125,2.058854271558836,2.058854271558836,0.14487004047241314,15.0
15,0,820,817,22,966e772f78e152f6e75e209ce236f2769e8a3e676c1dfd6a3a6be3eee55da33d,0.20680346873675592,26.280778524565527,179.4060155557424,13.394253079427102,28.53156491112709,2.2507863865615647,2.2507863865615647,0.16804120194045455,15.0
15,0,822,817,22,a390135a0d1bf0dc0e2274f382e6d7f4b04ca42c664bdc22a904f063495b3f96,0.06347890690180563,18.79186443579511,64.00060443405401,8.000037777039182,2.59294577729702,-16.198918658498087,16.198918658498087,-2.0248552706826484,15.0
15,0,827,817,22,764448d49599636a50ebb51864948107084165933e626bf511d3bcc011dcc80a,0.0556877178344386,18.82554264191002,61.712269549469326,7.855715724838147,21.93063594341278,3.1050933015027624,3.1050933015027624,0.3952654869734021,15.0
15,0,829,817,22,402b487734b0a6781930f6abc610873c2555ea73744d250b896ba7377961708a,0.04969280005830706,21.819592372299564,79.69922309305277,8.927442136079783,26.112751908302307,4.293159536002744,4.293159536002744,0.48089469195797613,15.0
15,0,831,817,22,4435092d1b1f7c5794c0fc209ea4c3117b11aca695bf224dc3617ba07ab8aa3e,0.04328145648384185,61.479478290443815,544.0356338821297,23.324571461918215,80.40436741065979,18.924889120215973,18.924889120215973,0.8113713536437076,15.0
15,0,833,817,22,7e0efe54c064f3a0aeafdc8272f9ef727315efd3632c0919d3d523ec4a700448,0.03419350874406024,62.89058709692046,538.7132330547483,23.210196747437287,83.64304662704468,20.75245953012422,20.75245953012422,0.8941095913982533,15.0
15,0,835,817,22,f3968260fcb69985ad1d50b9a28f804731330c24486951aed3294f518121f8f1,0.03249907627349305,31.118408713773782,141.46471176026037,11.893893885530524,16.928003705978394,-14.190405007795388,14.190405007795388,-1.1930832025547728,15.0
15,0,837,836,23,4b85574616ec845b433ae2e5c7cbe240e41c79ce6e615d8baacd8c7ca7cedda8,0.24782748595484316,18.237944625695857,99.27749523694476,9.963809273412693,11.077211184620857,-7.160733441074999,7.160733441074999,-0.7186742785394953,15.0
15,0,839,836,23,c75e890f7631171e46ac850a10a89c8dffb4ab0f7353f087e7fcf300775e0489,0.11029857415569677,40.74893555871211,324.1972760192158,18.005479055532398,48.29830927848816,7.5493737197760495,7.5493737197760495,0.419282025015403,15.0
15,0,841,836,23,88afa5240e2e2ea9ba8244d83215d849c0293d6d485a9d6d8052fff8d7404ea9,0.07150924308145928,20.545360124535136,79.05212356594332,8.891126113487724,8.050770296394825,-12.494589828140311,12.494589828140311,-1.4052876619516372,15.0
15,0,843,836,23,cf62009f7a756eac5c0a8b289a12785acf04d21dca55b59d65ced86f3bb112e4,0.06272215649921253,42.191949966703675,296.1540175515129,17.209125996154274,52.133451683044434,9.94150171634076,9.94150171634076,0.577687775576888,15.0
15,0,845,836,23,952111424bb3d85d74f5b04994bd7e682228fd20d6eb824b9495aea42542bc81,0.06143186971752718,16.62723251826493,49.77255355145127,7.05496658755031,10.85848752462864,-5.76874499363629,5.76874499363629,-0.8176856576211463,15.0
15,0,847,836,23,194685e9eabe6078a8ec7365d4f1182f10049d09fe940ed09d33d46841ea64dc,0.06081088561931225,18.384448984458626,60.53786933874485,7.780608545528097,20.088541255235672,1.7040922707770463,1.7040922707770463,0.21901786483738125,15.0
15,0,849,836,23,4db2d86b1bbc931a44da783e8b04560fc2b8cb77ab0c9070dc6a000709f507b8,0.045909721373343815,18.502084358985936,56.36482733957797,7.507651253193503,25.02708186864853,6.524997509662594,6.524997509662594,0.8691130274447789,15.0
15,0,851,836,23,93ff54663432595cf91cd599b391196bb119eafa8e3fda0a54d1c211f87ccaa6,0.04160241540629911,17.728630603149,50.30779977287987,7.092799149340116,10.786273232579232,-6.942357370569768,6.942357370569768,-0.9787895052992803,15.0
15,0,853,852,24,443225f95f0357f88c3fdbcec64279d7e84d517878318b8f69551da72df8c40d,1.4534153525063962,11.615662912111818,135.0072691193309,11.619262847501597,24.283103934645652,12.667441022533835,12.667441022533835,1.0902103850123004,15.0
15,0,855,852,24,42e8e2cb5ea3aacc80b00e4c4faac43bb841586906e7f2fb05602d3c1b6077a0,1.2809416911756757,13.470303873402038,152.34011357356255,12.34261372536476,19.539097115278246,6.068793241876207,6.068793241876207,0.4916943345155895,15.0
15,0,857,852,24,5bf96a2dc6389a01f8601f463c7dd3272995a57f4bd88ff4d81eb30e2926e9af,0.1381270254066731,13.739159492528792,45.524092393973845,6.747154392332655,8.553749302446843,-5.185410190081949,5.185410190081949,-0.7685329086250874,15.0
15,0,859,852,24,8542d07b446efa07ce986d0c6477f698e3fd8098c94f0f3bb4aed3d482f16dd4,0.0760234549608308,18.44986754421273,65.40790121694312,8.087515144773647,5.248043330073356,-13.201824214139373,13.201824214139373,-1.6323708800311452,15.0
15,0,861,852,24,ce1f30c36abe584a9c07d31cfd126f4c74d5c1426c2a2203d966480ce99c1d4b,0.05977639427383158,21.26415596228036,80.02522786029654,8.945682079098079,26.977806089401245,5.713650127120886,5.713650127120886,0.6387048049104096,15.0
15,0,863,852,24,2c4d194b83d50931248f499c563aa7bb2c6d653235be65cc6a37b82c5b52a2f9,0.02905991771275554,43.34518715462234,258.8719939706739,16.089499494100924,45.37224120330811,2.0270540486857698,2.0270540486857698,0.12598614701650426,15.0
15,0,865,852,24,403cf129ef7fdc7d7e1779063cc946df04733f53617e4e194e5c09b8072b703a,0.026510797532224517,22.25819528361283,70.13152956847611,8.374456971557983,13.460547265172005,-8.797648018440826,8.797648018440826,-1.0505335508105325,15.0
15,0,867,852,24,1e1bad3396c803e770a9c0c7b4c68ccad75ad24a8a0823536c6a8a9d57f6e4a3,0.0234591602253936,51.22352631633682,338.6335281995539,18.40199794042902,50.21168640518189,-1.0118399111549365,1.0118399111549365,-0.05498532900777766,15.0
15,0,869,868,25,a5e9fbc00b6f7dd893b8b773b1dcf1e842a137adc9820b3b13f3a15d546477f0,0.05029951041544167,19.888568981821276,66.80439388676207,8.173395493108238,22.537404502630235,2.6488355208089587,2.6488355208089587,0.3240801846726299,15.0
15,0,871,868,25,f922405a1c60f406f772299f500d75d978d344e455a18cc49d5e40df5851fe51,0.0263214567991909,20.86231984819715,61.592831502688995,7.848110059287459,23.62094202709198,2.758622178894832,2.758622178894832,0.3515014644360494,15.0
15,0,873,868,25,8ef0e05cac8af5b4e072fbefc9df8bbe9c1fa4f7606e49715d66b39acba2f55c,0.019248097835955102,21.929655861438714,63.00933132011435,7.937841729343963,28.83927169895172,6.909615837513005,6.909615837513005,0.8704653069574446,15.0
15,0,875,868,25,254328ab3f775f8a8bbc1e69f2b0cc725932a57b6369ea61925a325855818f2c,0.013950642079670575,24.296136301877063,71.81096232616318,8.474134901343215,25.91236808538437,1.6162317835073061,1.6162317835073061,0.19072528373971498,15.0
15,0,877,868,25,683094d079001a9bf52787953a4e9163fe64d2ac9d7141aad1dc268928c940fe,0.006715964643228052,18.316333505439502,34.56398077302375,5.879113944551828,18.705690935850143,0.38935743041064086,0.38935743041064086,0.0662272298313691,15.0
15,0,879,868,25,4f972032a5ed8c0f4556bf04248ea93bbf4383b5db24f3288fc2818834cad98e,0.0056595673803343585,52.86943868907962,275.13743886653884,16.587267371889165,68.48151118850708,15.612072499427462,15.612072499427462,0.9412082261292545,15.0
15,0,881,868,25,38634010ac240a38dd9910c1fdc586a6bb19b74bd326939dc50a3e72b1ba04b5,0.0040294970875662806,19.608878712814256,36.034145364451014,6.002844772643302,20.229358692646027,0.6204799798317708,0.6204799798317708,0.10336432197272157,15.0
15,0,883,868,25,fd5727fb3cc18775e9ffe27186eb98823e903a395e6e4eee1f26bb4b210a1059,0.0028229201546652663,18.619015714066617,30.26957672748246,5.501779414651451,4.565127674341202,-14.053888039725415,14.053888039725415,-2.554425937597456,15.0
15,0,885,884,26,e69c5f3dd76dd53c4f4455487d81fb956c2901206e9c832c11b9e7685e8f54ed,0.16709882348394534,14.68390731086571,56.033670670095226,7.485564151758719,22.293448312044145,7.609541001178435,7.609541001178435,1.0165621250324317,15.0
15,0,887,884,26,07b735527d6c52f531746c2eac5984591639a1e9577b0bcf2bf7735782733207,0.04811226445924788,13.803213129462268,31.590230199636377,5.6205186771005735,16.770766850590707,2.9675537211284393,2.9675537211284393,0.5279857414617284,15.0
15,0,889,884,26,0d15c605e0a4187a04be06fc91669efea3ef731f21fa4eaa2b21793cf8ba4585,0.023661441143976225,15.472684497401408,32.61783261620097,5.7112023792018585,15.861131086230278,0.3884465888288702,0.3884465888288702,0.06801485274684937,15.0
15,0,891,884,26,126826309e0054054e342f4da688a0947f52ef793ab4730a191c78bc5973162a,0.02187896069357609,32.57828930048946,140.9348509818624,11.871598501544028,31.816563457489014,-0.7617258430004448,0.7617258430004448,-0.06416371332819032,15.0
15,0,893,884,26,7aba4d621fa9a9198aff89bfe82317e4d0e80e3bdeebc6151c51bf225eb3eeec,0.013279680481890682,61.309509919077385,424.85597985806845,20.612034830604873,52.24081617927551,-9.068693739801873,9.068693739801873,-0.4399708138633951,15.0
15,0,895,884,26,ea7eea453c75a5eae97a212ba444be9121e14d84782e0a2f900cc2e7213f5f95,0.00932016128720646,36.636353637571546,148.13738756105607,12.171170344755515,37.64480924606323,1.008455608491687,1.008455608491687,0.08285609188981768,15.0
15,0,897,884,26,9c39e3abb5fbf7e6ae02a672345b823b05994d5600ab7ce31a2973455f38cbe9,0.008920790953504398,18.77618871835497,38.62436146921205,6.214850076165317,23.19227018022537,4.416081461870402,4.416081461870402,0.71056926679641,15.0
15,0,899,884,26,cf87d6fed3ebae4fd3b7acee2f3b69b61bee9bed24ce85f67eae95a8687941e3,0.006035599794187947,31.79092723642348,103.35961679877013,10.16659317563018,29.489911677360535,-2.3010155590629466,2.3010155590629466,-0.22633103531462176,15.0
15,0,901,900,27,7cfdd911bcbf3e9b69490b036bd911d567769d0c1b54f279dbecdf44dec6c2af,0.3473988573579532,20.05224968651258,136.8430045154909,11.69799147356036,29.685187598228456,9.632937911715874,9.632937911715874,0.823469390748669,15.0
15,0,903,900,27,ee87b75cdef4eaa150340fff42dce67ccf8b6b3f3d844215ad99a8f53b33a4a5,0.07800255821081054,15.3999351895718,46.262346280122486,6.801642910365295,12.270822723865509,-3.1291124657062905,3.1291124657062905,-0.4600524471723899,15.0
15,0,905,900,27,e052fe67e9e8ca02c12fecf4e0acf373f9b8adc90436cf71b665a0f0d2ba5bec,0.03854735643034332,13.671503720020295,28.94710280866681,5.38025118453282,10.048768489122391,-3.622735230897904,3.622735230897904,-0.6733394235036027,15.0
15,0,907,900,27,97925201f25663415ff0f1a81be4cd697f20db44ec24e489029fde6cbe687a23,0.036267308395148884,15.04887318232382,34.7009085498179,5.890747707194555,4.621414668679237,-10.427458513644584,10.427458513644584,-1.77014175991771,15.0
15,0,909,900,27,9b4231620e4f7b6d05cf6f91d2e7acd06488cee6b5b6741cdb5ad937ea64ce7e,0.01481042144290938,30.222405811360073,111.88449753383834,10.577546858030852,37.02335496520996,6.8009491538498885,6.8009491538498885,0.6429609100418557,15.0
15,0,911,900,27,76bd63fbd2d6c586a842defd0a81069fda0d8bb7ba707f27ec1558124fc443dd,0.007225186670515221,31.075049674572288,102.24260872810777,10.111508726599991,31.3323581905365,0.2573085159642119,0.2573085159642119,0.025447094288443762,15.0
15,0,913,900,27,a3e7f2c571b268b3db772df7ce773093245772c7b3602aa0dc970e9a5f92e5fc,0.005839873557229244,32.41850889860342,106.81716234488306,10.335238862497715,38.786264448165895,6.3677555495624745,6.3677555495624745,0.6161207916217991,15.0
15,0,915,900,27,22df0eb1e6c9b0bc7e9c24d6aa81bc1950ad084bdd8726ea6919170a777b1119,0.005673935011524613,31.084148809387152,97.78215665319495,9.888486064772248,34.91380163478851,3.829652825401361,3.829652825401361,0.38728403926709337,15.0
15,0,917,916,28,0640d02a42a76a5432424b8a4fcdf05a6ad9d0ecb4e23808b4ff316e6f05487c,0.10828917129430388,14.253154460925781,44.565472579467496,6.675737605648345,26.841915835380554,12.588761374454773,12.588761374454773,1.8857483798948922,15.0
15,0,919,916,28,b82d7100680b69a4f6c9705ec1f9af5ec1f9dbe6c502eaa3209a8ee880ea049c,0.04887681162728369,26.54853450699812,115.96599093216925,10.76875066719298,27.955429862737656,1.406895355739536,1.406895355739536,0.13064610735446272,15.0
15,0,921,916,28,40bc998c363f67b86e79f4b84b11ac452a3b37547cc2e8e2d85f65aef977a6a0,0.03705654264697922,15.674601857842173,37.9401687266779,6.159559134116492,4.217538177609444,-11.457063680232729,11.457063680232729,-1.8600460569936705,15.0
15,0,923,916,28,dea89cf02b1255e2214e29d680f8f224069f60bde307db0a8a4d03ecae991d4a,0.01814513650426361,17.266322810665603,38.250936243830694,6.184734128790881,15.54910556435585,-1.7172172463097528,1.7172172463097528,-0.2776541740599397,15.0
15,0,925,916,28,ba933d9092c3e3682eb0b347a29cdcbda5a2448e5fbee0edd874b73a5b25a3ea,0.014288371646481834,14.374636128647133,24.55263800473888,4.955061856802484,3.5748874594569204,-10.799748669190212,10.799748669190212,-2.1795386175379297,15.0
15,0,927,916,28,3409a6da5b15068f3d1bcdb28f3d0a5653eb6c8fe1761d710a08e10c6ff8af12,0.009352114551358759,17.9341729489698,35.48048786558537,5.956549996901341,23.96256023359299,6.028387284623189,6.028387284623189,1.0120602173673048,15.0
15,0,929,916,28,c06f7f319f3daf5f7e793567207fedf50af074ccdb1da1dc05abaee775b455b4,0.00837349331088838,56.816007622261026,338.02492929771614,18.385454285867297,75.2186197834015,18.402612161140468,18.402612161140468,1.0009332309665233,15.0
15,0,931,916,28,fdccf7b59eeabb86bf7846ec1c648f97057df9c5674dab8ef5ba98671ca3333b,0.006996265534422827,61.47574524676744,380.8366655339294,19.51503690834146,78.97021545791625,17.494470211148816,17.494470211148816,0.896461036344288,15.0
15,0,933,932,29,a9339166603f05010c8b5bb33ba0dbd4183a28ad9b0091a539c938e970740e7c,0.7875048512868581,16.51184774053199,150.8748340183614,12.283111740042155,4.12268853199482,-12.389159208537171,12.389159208537171,-1.0086335995909983,15.0
15,0,935,932,29,310b2802e02ad78dede8c20149d4703d4c7601992daef2dfde20b0e2afcad9ba,0.08488614516199428,14.151638139597814,40.18269045445458,6.33898181528032,26.327533118367196,12.175894978769382,12.175894978769382,1.9207966410976276,15.0
15,0,937,932,29,fe57fa81ed99a86323d6c1731839b483b07a7fa3fcc4cbfcd2e5c376a8cb9cef,0.08198667541464227,18.521600939780143,67.5623763138564,8.21963358756681,16.415288376808167,-2.1063125629719757,2.1063125629719757,-0.25625382695379856,15.0
15,0,939,932,29,125e3f099d9a9077eb458fe701f596aa7083b1973a408421c0f49a4c1df297d0,0.047773382821074795,18.61937587717095,57.75859760154588,7.59990773638377,13.529115974903107,-5.090259902267842,5.090259902267842,-0.6697791708573976,15.0
15,0,941,932,29,774abc2e7123216a5ad8910bd2f1248201b62a47309ca776fed7e1883ff7c897,0.025979553662661636,16.506958510551897,38.21765885415541,6.182043258838894,18.94692378771305,2.4399652771611535,2.4399652771611535,0.39468589509990354,15.0
15,0,943,932,29,c83eb358f5b3e84c3c470857b874e296575259302494ce910ceea49047a2100c,0.02435654441879609,15.680005718247028,33.78390195481911,5.8123921026389045,20.918162727475167,5.238157009228139,5.238157009228139,0.9012050317200633,15.0
15,0,945,932,29,cbddf719f316973db5d53fa27fc96bfadad66e7514f286b96f3c0e4db2073184,0.015205041317117501,16.182757771704125,32.011112871601455,5.657836412587541,10.375664566278457,-5.807093205425668,5.807093205425668,-1.026380542305193,15.0
15,0,947,932,29,97740cf9ba3c14de3baa435405d4cf1126a91d630c7c0f2978e966d7def0515c,0.009148760331535166,15.876490415163753,27.32459795572335,5.227293559359695,9.583762083172799,-6.292728331990954,6.292728331990954,-1.203821492046023,15.0
15,0,949,948,30,c31d072e32ed49d6f84ab490fbff2e746a06bf53863d1348555b689874a47e2f,0.055258236670998884,15.250374711016752,40.474453866416546,6.361953620266069,12.80586775791645,-2.4445069531003014,2.4445069531003014,-0.3842384115019794,15.0
15,0,951,948,30,eda34359eb1e927d95f49e5b433a0b1f5ea8e783604412379207e9e99e253c38,0.03180133690807618,15.42417827104326,35.128700830446945,5.926947007561899,12.03457264995575,-3.38960562108751,3.38960562108751,-0.5718974063312663,15.0
15,0,953,948,30,cc4677acecd4fd40bc2ba898375c9272481a94bb816cbc456020fdc8ffcde3a1,0.02555589098293576,16.673519323595748,38.846625276507645,6.232706095790788,5.699301278471947,-10.974218045123802,10.974218045123802,-1.760746917383953,15.0
15,0,955,948,30,f0c5a88267cdbc9f0365478497a69db76385aab3dd23433baf479718b4b44a3f,0.00931324572839863,27.72496550389961,85.7095176475463,9.257943489109572,25.525526257991793,-2.1994392459078185,2.1994392459078185,-0.23757319846411812,15.0
15,0,957,948,30,8c43d5372dc221192f1aa75448e172925fdcac2c2447d3022469523e02aa75b3,0.008785012401355582,16.542917771283648,29.544208158620535,5.435458412923471,12.391187393665314,-4.151730377618334,4.151730377618334,-0.7638234095853045,15.0
15,0,959,948,30,8904a3501e7ed8ccd2cf712c48a406dffa50e51544f968db729d20be1a6e3931,0.006484425947422878,24.074810327493086,60.13220182604446,7.754495588111741,26.876237047195435,2.8014267197023486,2.8014267197023486,0.36126485441518064,15.0
15,0,961,948,30,38808f5c029f5593362b6176d50bd1874273eb775cf1bfcfda8d29911af933a3,0.004915265316461928,21.36481742613838,44.67944258779007,6.68426829112881,27.312406646728515,5.947589220590135,5.947589220590135,0.8897891229895161,15.0
15,0,963,948,30,9072480c5a464eaae47c7c6a3fafee23fb0fac9039c58e860bdaf0ae4a3cbac4,0.0034158684032770115,17.740204595536078,28.289034226455314,5.318743669933278,18.884858409643172,1.1446538141070945,1.1446538141070945,0.21521131401345647,15.0
15,0,965,964,31,dd2dcf5186bc0435a96af6da289c5d75fc16d0ff66348e5f9b891663593d2acd,0.046265619030668614,19.61055249144018,63.42256386622548,7.9638284679057145,22.526912437438966,2.916359945998785,2.916359945998785,0.3662007485158346,15.0
15,0,967,964,31,edb456b2786f8402ace98bd740dfee58fd49edd29c33ba21f6f131b3349a6e15,0.04526555347516609,15.405585917972838,38.85385325382633,6.23328591144561,21.31707133889198,5.911485420919144,5.911485420919144,0.9483738600959128,15.0
15,0,969,964,31,1bbf54c83d3522503f79d95ae1811579144a35f9bdaba147e33faca4c18ee406,0.03343581148888272,14.715023759727837,32.33380987445727,5.686282605926061,3.9323199055194853,-10.782703854208352,10.782703854208352,-1.8962659089386384,15.0
15,0,971,964,31,94c991b2f1a95becec15801fc361ffad892c9f1d201b18fa7cb75d6d8e0f07d8,0.02738458998834606,14.626604560714913,30.18160393496722,5.493778657260157,8.917337188720703,-5.70926737199421,5.70926737199421,-1.0392241348219007,15.0
15,0,973,964,31,8ad695f183c278d7a8d95fc926d7530e5b329e8ae86eaf45417a49170960faf8,0.008247956292339806,21.318517049762686,49.31645731271795,7.022567715068182,25.98308179473877,4.664564744976083,4.664564744976083,0.6642249579121068,15.0
15,0,975,964,31,df74199905bc5d698aa7adfad7d186a5e230320d0329b9d80967699a3b08398e,0.0049016830458684935,25.50274795255739,64.0594444684431,8.003714416971855,22.712623000383378,-2.7901249521740112,2.7901249521740112,-0.34860376155570455,15.0
15,0,977,964,31,3f2bafcd0658fa248f67005be40dfcd45fc1715bbce73d42ccfbd8a3cf7d9041,0.003777535075156359,16.17824541919872,23.68942125022983,4.867177955471716,16.59032248044014,0.4120770612414191,0.4120770612414191,0.08466447395418512,15.0
15,0,979,964,31,8d1037bf3d2e31f3b81ec07ffcbb2627c56758a5860153fffc2daf99447e32fc,0.003769183773974623,16.32696446493773,24.14936133307104,4.914199968771218,3.0213730488419532,-13.305591416095778,13.305591416095778,-2.707580379441255,15.0
15,0,981,980,32,b1de2bdea91b256e7cbf743bc164fbd35026ce7997070f492b53f59de486a19d,1.0888876002940346,13.62751760493811,137.47561775707038,11.72499969113306,27.47456027030945,13.84704266537134,13.84704266537134,1.1809844801823797,15.0
15,0,983,980,32,5375f1fcad63f30c158d3adcb98e4584aee3271a92cbdc444f1da569841c79bc,0.5058225206087459,19.840964483317503,160.76903054202296,12.679472802211572,27.874815432548523,8.03385094923102,8.03385094923102,0.6336108034262863,15.0
15,0,985,980,32,9b258c776c74e27b6f59750b396a132d26a70f6db6c2c11aa94ed1be95d04f8a,0.20348544397630153,22.097963761204124,130.24444812388003,11.412468975812379,26.655979961395264,4.55801620019114,4.55801620019114,0.39938914268695175,15.0
15,0,987,980,32,f31d2c63089ef6565754c825522b76de29826818b0c89de9af8105d64a174137,0.07969448891935776,14.637234554957706,42.07540488400375,6.486555702682569,15.784894726991654,1.147660172033948,1.147660172033948,0.1769290552086562,15.0
15,0,989,980,32,33abb32f575b8d8f035de373e46dc51388c1c9eef03537fbe713c5abdb43b4f4,0.07895179421834114,21.611317989619025,89.9084412218662,9.482006181281797,24.2099812438488,2.598663254229777,2.598663254229777,0.2740625986259887,15.0
15,0,991,980,32,32b7de0cab8f71df620571d921a2b2ed0acb1fce864f0d0ee962bc8e9884cd3a,0.0563329035362819,13.687331026682847,32.66160977163019,5.715033663210584,25.864362802743912,12.177031776061066,12.177031776061066,2.130701671006478,15.0
15,0,993,980,32,a76a31dcca002e678941170fafa640b20b09ad9ddf25a38002dd9bcbef28ebcc,0.04164353803220586,13.792812486081028,30.162826995814708,5.492069463855561,3.8206760106086732,-9.972136475472354,9.972136475472354,-1.8157338579020232,15.0
15,0,995,980,32,1b3a4bfe3e6c2df3a8a5113d46332d4fe92ed354663e28846fd866b0e9208240,0.031404175740665646,15.401403713061887,34.908423713895324,5.908335105077853,21.38277574253082,5.981372029468934,5.981372029468934,1.0123616760207643,15.0
15,0,997,996,33,369b24672adea34fa45d3024e556d5f10054708a11ee780e1bf241657fba5e79,0.2532481457066892,17.007051193434574,88.28198337814081,9.395849263272629,14.259096480846406,-2.747954712588168,2.747954712588168,-0.29246475072026,15.0
15,0,999,996,33,81aa6c6acc8a702ccaa4f97fe6e3b05400919b458d69fd7e43f2b313fb71af8c,0.11028439713390059,12.296076874660278,33.41192910289221,5.780305277655516,4.35377967441082,-7.942297200249458,7.942297200249458,-1.3740272907300224,15.0
15,0,1001,996,33,10a89c0cda52c0261724edaa89cb5bb1d78acd0baa3376185d3eca0039f7b5e2,0.061729582380782744,14.772779697482072,39.37641882131486,6.275063252375617,12.615979586243629,-2.156800111238443,2.156800111238443,-0.343709700523245,15.0
15,0,1003,996,33,71b0e3cac85a38d4d752611a140fbd3620e4e30c86fdeb11a66cde663796df5d,0.05901578460432255,13.620964082408731,32.87385664179743,5.733572764149543,6.467562363088131,-7.1534017193206,7.1534017193206,-1.2476342437038312,15.0
15,0,1005,996,33,760d0e593522c3747c2573c7a39d2ffecf45846333a6e10b4e1423b7ca4b4e84,0.058221537806712076,15.37710484594595,41.90232641515333,6.4732006314614825,13.244545247077943,-2.132559598868008,2.132559598868008,-0.3294443846685671,15.0
15,0,1007,996,33,4b99a553c1ff1b9f5810ef1e50ca2e48cfc211b738d9803b56dd94fff1452e9e,0.048743956190072435,15.951834433801798,42.69428270069372,6.53408621772729,18.653820133566857,2.701985699765059,2.701985699765059,0.41352158660448063,15.0
15,0,1009,996,33,d8bee14d63a8e4b6ec2adc438ec3a4c772473abd6cdf47df7f62218aa3ecafc5,0.037970189610748356,15.597834938747674,37.8674596885669,6.153654173624555,19.745266682624816,4.147431743877142,4.147431743877142,0.6739786843488264,15.0
15,0,1011,996,33,648888429af88437b250b2d263309ba0594c026c4dbac54c92a250bc89463d4c,0.02198026051037824,15.682678157035939,32.94017527914911,5.739353210872207,23.860413861632345,8.177735704596406,8.177735704596406,1.4248531853911879,15.0
15,0,1013,1012,34,433943639fffa19a6dceba0ef78d5863aefc9dcd2dcf986950bf71842e0e833f,0.13037402127142572,17.42167903482519,70.6145650158053,8.40324728993532,6.7790284097194675,-10.642650625105722,10.642650625105722,-1.2664926138556656,15.0
15,0,1015,1012,34,75e7c03b21083ffb9f22e804a46df1462823006f9a3c864a6a95e34c20aef43f,0.06453889734386248,15.235836838408183,42.495055007375846,6.518823130548631,26.46001462173462,11.224177783326436,11.224177783326436,1.7218104493014212,15.0
15,0,1017,1012,34,b4974288d851c4a2b9feb5107461bdcff5cfc41f5c611bcc4ee68bc50d926581,0.06122410031449438,13.256617680638566,31.44611321312191,5.607683408781376,3.1287641659379006,-10.127853514700666,10.127853514700666,-1.8060672788411898,15.0
15,0,1020,1012,34,2804c287af05fc398cade6e7bb0acda3974d96daaddc091513090d703157cf21,0.028992153047320557,15.455078740849363,34.40031870292646,5.865178488582122,23.652435572624206,8.197356831774844,8.197356831774844,1.3976312652262548,15.0
15,0,1022,1012,34,a0aa4be32738b0f28bd09ef8ea7f78b08d5f70fbd8c86b59353b66fc8bc5b89c,0.027771807034607937,14.55131782217667,29.98818287231113,5.4761467175662055,10.902114218831063,-3.649203603345608,3.649203603345608,-0.6663816350354185,15.0
15,0,1024,1012,34,dff46fbc9ff6850fad646f2ae417bee8ff235f20981a747cb3a232195a1ec943,0.026417453270931507,16.67969950678886,39.24551484152783,6.264624078229102,2.9534235400557516,-13.726275966733109,13.726275966733109,-2.1910773568097777,15.0
15,0,1026,1012,34,7974dc72e33227965f733a91226a4b54b0bf564bd2f6a78d36d06c623c853bc1,0.01039248888597212,15.568149775313161,26.99671128997272,5.195835956799706,5.095224920272827,-10.472924855040334,10.472924855040334,-2.015638088291565,15.0
15,0,1028,1012,34,0e2460a3802feb15ac8f8dd68de73c76d2b016e2aee8a1944a933a99265f10bd,0.009639351398672669,16.507219053638742,30.040253370414565,5.480898956413498,14.675296307325363,-1.8319227463133796,1.8319227463133796,-0.33423764256222005,15.0
15,0,1030,1029,35,b3079b7405d4b3c55546cd68ef2a2995e65a6c9893c9cb02a3312fe7f5159112,0.1348092872169897,15.579278294991479,57.67860598533632,7.594643242795301,12.63548556113243,-2.9437927338590484,2.9437927338590484,-0.3876143539265907,15.0
15,0,1032,1029,35,179ea85f256361c43b98b221f5600b813c6a0442486df5c3917efa3243078602,0.06577317309197689,12.815293168072358,30.040544083863107,5.480925476948497,17.78743483567238,4.97214166760002,4.97214166760002,0.9071719162232176,15.0
15,0,1034,1029,35,c57ea925da81c711bd26569a28da8c3fbebfb02f96f8ae25d9eff8def4b25415,0.056278684161667536,14.758891664984988,38.1156791396688,6.173789690268757,17.726375371217728,2.9674837062327395,2.9674837062327395,0.4806583727512038,15.0
15,0,1036,1029,35,4db235b567b9468fd04a2f1a6f94eaccb5d7485639221ef2b852a2f2dd47a539,0.05293717080473098,14.028840807339723,33.6908547504938,5.804382374593683,18.893822103500366,4.864981296160643,4.864981296160643,0.8381565827666894,15.0
15,0,1038,1029,35,a94811ecd77fae3fecc64ee384da099f05c60a9450119655502be020efb46054,0.049767438231479555,15.125912740657306,38.54752976146266,6.208665698961626,21.39821102309227,6.272298282434964,6.272298282434964,1.010248994962634,15.0
15,0,1040,1029,35,c3e78bf99e7588b6436b5b9a6177b0e306e9720d8f463c52a978c19929d6313e,0.04099422078330689,13.897668596980088,30.507909653812263,5.52339656858099,6.013459729552269,-7.884208867427819,7.884208867427819,-1.4274203869908515,15.0
15,0,1042,1029,35,4cfbf7e776361e9ce16ba430051d470da459af65fb222cc407c4ad8cae692d17,0.02900988725936804,15.23500812083719,33.39741528680196,5.779049687171928,18.21638258266449,2.9813744618273006,2.9813744618273006,0.5158935505339607,15.0
15,0,1044,1029,35,ec511a920dfeeb7ef9cb0d13cda5734fe7192cafe693ff470a108b072e82bf6c,0.010289144716408474,15.35209560438548,26.145294804172412,5.1132469922909465,24.288828367710114,8.936732763324633,8.936732763324633,1.7477608214111726,15.0
15,0,1046,1045,36,ec065d4d2668fa128196516a0eae0466ab8d2bf504544459281fbb6c5799a7f6,0.18236598539252957,19.970167588055617,103.65823361338184,10.181268762456957,26.909210326194763,6.939042738139147,6.939042738139147,0.6815499030657755,15.0
15,0,1048,1045,36,d24995e239aeca78029952d104d2292b8c2f16fdf6555652cedc825409bec05b,0.09205852282711813,16.3514064007476,55.12276875516307,7.424470941094932,18.38601763355732,2.03461123280972,2.03461123280972,0.2740412413156625,15.0
15,0,1050,1045,36,77697c9134d01ca3efb2d766bcc2162ad848e8889951181e335e5eee7f80a00d,0.05502927837713861,12.716423862526144,27.8316679922553,5.2755727643787935,11.714751283168793,-1.0016725793573507,1.0016725793573507,-0.18986992011952641,15.0
15,0,1052,1045,36,50d135d57c57cf44f913459b938df5dc2a4df322f4db333433e8260e7cf12251,0.05476138771452693,14.4936573578857,36.413557938363994,6.034364750192351,15.178609914183617,0.6849525562979171,0.6849525562979171,0.11350864335406367,15.0
15,0,1054,1045,36,16cb9606c7ea64217ed67bd10f6f889fa442a97f658f04f77ec0664fc1bcdd79,0.045855891472094096,12.408830340689965,24.90622928704342,4.990614119228557,2.3797974063158036,-10.029032934374161,10.029032934374161,-2.0095789205045644,15.0
15,0,1349,1045,36,1a39de5ea3a668facc267850cea344f02e59cab20590e363c976be5d65170ee9,0.03931731547179443,14.215654565223824,31.57769210191618,5.619403180224407,19.910958265542984,5.69530370031916,5.69530370031916,1.0135068649926844,15.0
15,0,1351,1045,36,b313ebc0e8f28b6892c75514459825259c008da55757351309b80fbdaa212850,0.018527233620456773,16.34159748941453,34.32474611441206,5.858732466533359,24.701507593393327,8.359910103978798,8.359910103978798,1.426914465156556,15.0
15,0,1353,1045,36,f822b00b1d6dbcf6bdf3abfbf9d82f659b2a39d745da4d99344f1a2ee9f2a698,0.012860151541154385,17.669297729448978,36.96633674024962,6.079994797715671,25.22261186361313,7.55331413416415,7.55331413416415,1.2423224666248107,15.0
15,0,1355,1354,37,92b9bc082b332ae0bf4cfaa6e1b2285a1f73c9b78c0dde2599333d95cbd2119a,0.38114718212709664,47.39950367102723,641.3990479093122,25.32585729860516,59.604716806411744,12.205213135384511,12.205213135384511,0.4819269488680536,15.0
15,0,1357,1354,37,2b02f794d5fd7227042bf580241f2a3599631d2677778668840ae2b2823f5588,0.3101018739705288,41.288809896524775,468.75116909289216,21.650662093637973,62.547350160598754,21.25854026407398,21.25854026407398,0.9818886910770632,15.0
15,0,1359,1354,37,46ead47fad723686d7f1b82a6613d8fd9888b650d1d79df9863b24dab855829e,0.28844789923599357,14.077436937392855,68.09454986122705,8.251942187220354,4.075459298849106,-10.00197763854375,10.00197763854375,-1.212075583131647,15.0
15,0,1361,1354,37,0b1a8d0f073180214889cbcbaa4836eb043ff918f6d07c561d74c43c08f52bfe,0.2653424768019601,42.610752115721006,468.62691661125876,21.64779241888786,49.261311975479124,6.650559859758118,6.650559859758118,0.3072165388076918,15.0
15,0,1363,1354,37,4b5e9ff7c78535952aebbf38b29002d151453a3f4145d8265c0e56762666a42f,0.2582544289048512,41.12085475250503,436.19322956942864,20.885239514294028,56.5628262424469,15.44197148994187,15.44197148994187,0.7393724874150119,15.0
15,0,1365,1354,37,d6c288cc116a3814b5de0956fe46ecf224ae429fda0a718eec81ef3c929014e9,0.22667818538143347,42.10161386930054,434.8500424649067,20.853058347995546,60.652164169311526,18.550550300010983,18.550550300010983,0.8895841554960264,15.0
15,0,1367,1354,37,1f50c7101bec0c98c1bae1599b71f60804534e284a407d97c82b4d13918f55eb,0.2221103126059054,42.750400766650344,443.70864272038636,21.064392768850148,58.4199702129364,15.669569446286054,15.669569446286054,0.7438889702749032,15.0
15,0,1369,1354,37,d15530577b0f6eb6ca242481c8d9d24a6e955149112b4fb0cb0f9f406caeae96,0.20901766811397227,13.837566547137223,56.83785476558478,7.539088457206533,16.11634317803383,2.2787766308966066,2.2787766308966066,0.30226155905072966,15.0
15,0,1371,1370,38,f45f2555c1825260cf16d2ad2c3063b78a9b240f4808e85a6d23b99453dc2b25,0.43857662779220585,16.107938178465794,106.66554473231218,10.32790127433024,27.5325471200943,11.424608941628506,11.424608941628506,1.1061888217332314,15.0
15,0,1373,1370,38,c2f104055e0ea5a60657d2bb969ae483b754f15b4aa0000bb5608bf4dfd25c5e,0.1690959555199597,50.449477410467026,545.8008976743081,23.36238210616178,50.835651475906374,0.3861740654393486,0.3861740654393486,0.01652973843525554,15.0
15,0,1375,1370,38,03fcd6227d0516700649e88af000a0b63634ff448999402f25bd9d23ec480f73,0.10411503477783546,52.51846345900055,510.5066640716197,22.594394527661496,50.91049536895752,-1.6079680900430304,1.6079680900430304,-0.07116668198718286,15.0
15,0,1377,1370,38,3ba76f2c30ee2be5e79a5a249ab996a5f2f10ce410ae44c558620782d4f2062a,0.08349892619850102,14.597284593447148,43.900207022170704,6.625723132018927,9.39195812344551,-5.205326470001637,5.205326470001637,-0.7856239034267524,15.0
15,0,1379,1370,38,b7987baa5a1a62c0c1341fe893e5b99c38bb0f64bc7b79e21d8a5d5d5490408c,0.08223515153215977,54.90263998189771,519.8407933922507,22.800017398946228,49.78860551071167,-5.114034471186038,5.114034471186038,-0.22429958634252614,15.0
15,0,1381,1370,38,4577b2dc626706757fa7860f7044d57afd7e9bd6dbb21b38210835252d1703ac,0.07250677823515778,17.79904670785562,61.63305524249983,7.850672279652223,22.95498724514246,5.155940537286838,5.155940537286838,0.6567514670877641,15.0
15,0,1383,1370,38,1fb7ef8564841bb72c3960c1adb3a02da4cc6c2c31fce1331027e64e58df0bbc,0.06663628420241241,14.104058617784158,37.964130269354534,6.161503896724771,22.217539028167725,8.113480410383566,8.113480410383566,1.316801960426641,15.0
15,0,1385,1370,38,b5a61865e24bd08b6cba2ca5575f9dbd9f46483ca94df572849e05ffdc83adb1,0.05517989208795049,19.582112256242898,68.142881202231,8.254870150537258,26.576535738945008,6.994423482702111,6.994423482702111,0.8473087226268347,15.0
15,0,1387,1386,39,22e4d0ac3e896cb13636e1fbd570d8ab848c4015668135e3286ee4408752c284,0.2304271025243383,13.280656737301056,55.044800939528166,7.419218350980659,14.743400107502938,1.4627433702018813,1.4627433702018813,0.19715599420369379,15.0
15,0,1389,1386,39,f288c105576feefae04ead308a5cd652a6377400822fc1fc1bbb771abe8d406c,0.18033999620427987,15.87947172944996,69.06729803944968,8.310673741607818,21.669204201340676,5.789732471890716,5.789732471890716,0.6966622264214417,15.0
15,0,1391,1386,39,b8810177591c3d90ce28955e0c8e4765a6801cdc135f9161193e524d0db52e57,0.17136623539769325,16.315948772165573,71.16186276316097,8.435749093184373,15.555424262046815,-0.7605245101187581,0.7605245101187581,-0.0901549467294162,15.0
15,0,1393,1386,39,a98bd6ff9afb10ecb2ca28958524e46e594d296dbbafbc675b5260d665d3ac14,0.09845687109933104,15.027370380500892,49.28365960524027,7.020232161776437,9.554836650848388,-5.472533729652504,5.472533729652504,-0.7795374288971813,15.0
15,0,1395,1386,39,333f26f144a67dd2c1e3699fc988208444cc77a99ee3b53815423f4f6f4636c8,0.09701273393588467,19.852566120852547,83.55835743615961,9.141026060358849,27.5435515666008,7.690985445748254,7.690985445748254,0.841370038217168,15.0
15,0,1397,1386,39,3638cc334582d386a938ce5ea66ec1ab9e2b9980f13dcd1e3f8e8087e89f6f04,0.038572645272979544,17.359274537297583,48.52728087068726,6.966152515606248,23.97457053089142,6.615295993593836,6.615295993593836,0.94963410272365,15.0
20,0,3,2,0,3b66a40c01031616e6192664d07a5d2f1ee26689ced6c8b0abd559051fb37c05,1.090511378582061,82.95517541683338,7.472058634900834,2.7335066553606255,80.79681925582885,-2.1583561610045336,2.1583561610045336,-0.7895924294794835,0.48
20,0,5,2,0,3d1430dfa0b29d8f774760f9cf93251ae02893d1623cf85a53a80da05126c562,1.090511378582061,82.95517541683338,7.472058634900834,2.7335066553606255,105.12153301811219,22.166357601278804,22.166357601278804,8.109128820962919,0.48
20,0,7,2,0,08d63fabc1ab71731dc9d4417641ad25cbc263d80942fb311a689e1cae40fcf8,1.090511378582061,82.95517541683338,7.472058634900834,2.7335066553606255,104.39297006607056,21.437794649237176,21.437794649237176,7.842598300317266,0.48
20,0,9,2,0,11c2d268a22864b9b7698bacdde3f8f367ec6aa8b52d27fc2bd88d317773c20c,1.090511378582061,82.95517541683338,7.472058634900834,2.7335066553606255,104.87138712882995,21.916211711996567,21.916211711996567,8.017617834958301,0.48
20,0,11,2,0,1c5f266ef831c03278bb5ccf9e0cd683650810ed846479ecab86c5892ae777f0,1.090511378582061,82.95517541683338,7.472058634900834,2.7335066553606255,80.4868258228302,-2.468349594003186,2.468349594003186,-0.9029974699942854,0.48
20,0,18,2,0,b66b554dce1952458f969a2d221a59918ca65e81c082fa03873a753556495289,1.090511378582061,82.95517541683338,7.472058634900834,2.7335066553606255,81.57145996665955,-1.3837154501738382,1.3837154501738382,-0.5062052610921073,0.48
20,0,20,2,0,5ab405451036ef8dfb0a4759f5cba3487b67a48681782fb634c22aac2fb611d2,1.090511378582061,82.95517541683338,7.472058634900834,2.7335066553606255,104.23079085731506,21.275615440481673,21.275615440481673,7.783268205606336,0.48
20,0,22,2,0,0312598235dc91749c3e441993b8f9a26014d9bd30aa17e6165bfb1c30e4712c,1.090511378582061,82.95517541683338,7.472058634900834,2.7335066553606255,34.86720773601532,-48.08796768081807,48.08796768081807,-17.59204338738803,0.48
20,0,32,31,1,0ff3115f913523bfa42c56254db59e9fcbcb93adbf8f4d49751cbccab0befe30,5.867046914694676,43.86710727894822,579.7601330353418,24.078208675799406,75.79932287025451,31.932215591306296,31.932215591306296,1.3261873431390607,7.5
20,0,34,31,1,433118ec266b7150c23987966b267e4c155e6780825a38e2968a84bc50ea24d5,5.748559779885703,44.78756847571402,606.8322396706043,24.633965163379692,71.63985676574707,26.85228829003305,26.85228829003305,1.090051403090846,7.5
20,0,36,31,1,7dcd6f65fb12847a396466390c2e6a2a2c0d4d840ffa4c16ec87db1522de9c8d,5.7322326803571215,43.63237346184734,551.876953732437,23.4920615045261,104.19908767032624,60.5667142084789,60.5667142084789,2.5781779175407746,7.5
20,0,38,31,1,d21c5bc39ef7b782e27ce8514cb02e938313f655b227f9cff8ab389186eb3fbb,5.647742039115961,43.45325863864943,533.330307177241,23.093945249290798,103.30426405143737,59.85100541278794,59.85100541278794,2.591631909001167,7.5
20,0,40,31,1,0c9f4c32ca4e04f0d9999b8ef751d465d3bbeb1f0db9c906894494b29660f35f,5.629386305870212,42.2966301000791,480.5133056423583,21.92061371500256,104.37396253204346,62.077332431964365,62.077332431964365,2.831915804869933,7.5
20,0,42,31,1,402f1f5424224fe83c6ec64f9aac175be81b1aee943d5105fcc0d1eb04625bc9,5.627744892094213,42.68974197514574,497.34972358101237,22.301339053541433,67.3262822189331,24.63654024378736,24.63654024378736,1.1047112545412423,7.5
20,0,44,31,1,441f2775cd6924974c2bfe58195a5c11315cecab00ba72dc291b7352c0d45039,5.612005715002496,42.13406510984484,471.5215804990453,21.71454766968553,64.76931137466431,22.63524626481947,22.63524626481947,1.0424000816935863,7.5
20,0,46,31,1,7930a43faf2227448286425687c51fe9c2aef4205aeedbada20e5e81677ba2c6,5.590237358995638,45.67110678704279,626.3141970955536,25.02627013950648,104.72771581459045,59.056609027547665,59.056609027547665,2.359784686185453,7.5
20,0,48,47,2,43f275c2b4a3871405b500a5d438966244c585f3a7f183300a72f04a90c3f850,3.8350453011191314,54.56390650559483,759.6139362354235,27.561094612431912,32.46351486587525,-22.100391639719582,22.100391639719582,-0.8018691547087834,8.59
20,0,67,47,2,786919d3bf96d78d38483e498e8ab34c54d41003d50970608a3b3a46b7402a43,3.7662171772929245,49.09570494477317,530.3652807586058,23.02966089109012,77.99839016914368,28.902685224370508,28.902685224370508,1.2550200092417594,8.59
20,0,69,47,2,dea8b8fbe4abd764f64d4b0d5cae6a21dac9b5b0014c4cf0764a1bbcd9c76c04,3.6715600251811438,56.03683055034676,792.0290173008511,28.143010096662564,31.563670106887816,-24.47316044345894,24.47316044345894,-0.8695999596134592,8.59
20,0,78,47,2,f6ec30406409649c9cf485278b567e061107963fe8fe77dc1a4b5477521f5055,3.6154508880141414,59.7605386176113,942.5978130838932,30.701755863205825,34.55683033084869,-25.203708286762613,25.203708286762613,-0.8209207446981139,8.59
20,0,80,47,2,2a810c0ebee2be861a20cfd0e1fd50589441abd0b0793157040efb558e99b1df,3.604422844062025,59.733298943081415,939.0260777994903,30.643532397546636,32.720669298172,-27.012629644909417,27.012629644909417,-0.8815116121231534,8.59
20,0,97,47,2,1091bf4b5f2c779dd1495a43ea23cf4f560a97863e635e6250994f53d7473d59,3.5489891755173595,54.6402056149488,712.0463246029706,26.684196158081484,34.88285779953003,-19.75734781541877,19.75734781541877,-0.7404138276593776,8.59
20,0,99,47,2,a31df7e67d23d60ba85170ae3258cd294fce85e39d7f2f75338e116212e5c959,3.469914444067215,55.84557097994841,746.6477722232964,27.324856307459267,32.41447392463684,-23.431097055311575,23.431097055311575,-0.8575011993353189,8.59
20,0,124,47,2,be8b45274cc91df6906bacc508d79b4a0332fbbb868511b3c4b9d6053d4af251,3.434127950938236,60.19275397768055,922.7019782978056,30.376009914039162,31.554338722229005,-28.638415255451548,28.638415255451548,-0.9427971394694425,8.59
20,0,150,149,3,0bc2557805bf1de74771999e5d6fd1241f84d7eb80a85b29815d52b13d548b07,5.238355777885712,50.07763723777467,928.1050403312216,30.464816433571723,32.375499584197996,-17.70213765357667,17.70213765357667,-0.5810682526899853,13.71
20,0,153,149,3,26991bb2ea9b11e46a91562745f144a4e3f58cb1dc2fdf7ac4fa9b2c4e022fd9,4.907922750776883,53.97554689128069,1063.2024178505208,32.60678484381005,34.617203795671465,-19.35834309560923,19.35834309560923,-0.5936906440894968,13.71
20,0,156,149,3,14bb6f360b0a717e18c1473be0778d3a2fe485c355c415080658544a49d7bdfc,4.81800788586414,52.05508918006021,948.6905202583939,30.80082012314597,32.29682630252838,-19.758262877531827,19.758262877531827,-0.641484960417792,13.71
20,0,158,149,3,0b3d55f1417140bde8eaf506ffc937e246586beae5e4b8de998a513d84aa3d4e,4.7660417197351395,47.54207593117392,726.3627777199582,26.951118301843398,31.927837908744813,-15.614238022429106,15.614238022429106,-0.5793539936842297,13.71
20,0,160,149,3,dfa12ea251a56456fdfa7ad29afc1808664e879d9e1508f3db427b4b42d19ead,4.669216455826334,53.44931864232513,988.598843553167,31.441991723699168,31.16154788017273,-22.2877707621524,22.2877707621524,-0.7088536552648845,13.71
20,0,162,149,3,244209b3be81360da82bffeaf977facf55b4405bacc9dd60e688c7f25e2f4661,4.561312691407498,54.21192935841563,1004.5965425817392,31.695370996120857,35.835971587896346,-18.375957770519285,18.375957770519285,-0.5797678712379889,13.71
20,0,165,149,3,12d8727e7a887007f47270b578f0cc091eb30c68f4bb9333d4121b0aa3a80f7b,4.4778066900936055,48.985620773210556,744.3077859930968,27.282004801573816,31.448294312000275,-17.53732646121028,17.53732646121028,-0.6428166327497533,13.71
20,0,198,149,3,e28349a657c475704e472b815924818d046f3b8aa135ddc31d349cdb890928e2,4.422528539137822,52.991269856309664,918.2668692606827,30.302918494110145,36.419312066078184,-16.57195779023148,16.57195779023148,-0.5468766248852401,13.71
20,0,201,200,4,23f0e93a0321a476cb08d47e299d1dd3dd1e6e8c33af3992e3588b951c7afb89,4.181040004738935,58.06827218085362,1162.3914553797904,34.09386242976572,35.89490408563614,-22.173368095217477,22.173368095217477,-0.650362455732178,15.42
20,0,204,200,4,639112a1ec5606a5ba132941bd61322f89b7454c5ff787e0f2cbebff8a4df99a,4.110643069167379,39.36582999633813,353.7831470782488,18.809124038036668,34.935648352622984,-4.4301816437151444,4.4301816437151444,-0.23553365030483234,15.42
20,0,206,200,4,14ee465b69d773281acfed76d298fa761a8055564ffdbbd2918cada240350d51,3.9948812679654373,41.70634127179162,423.1244188673396,20.569988304987916,32.37087565231323,-9.335465619478391,9.335465619478391,-0.45383913111971386,15.42
20,0,208,200,4,07dd72be65dc0c27b5c5acd564ddf8771b4b7ae103784904d22ffe9a5511734f,3.985707994409118,42.58466246380064,453.76809340268983,21.301833099587693,32.165776609420774,-10.418885854379866,10.418885854379866,-0.48910747754293166,15.42
20,0,210,200,4,e656417c85f1987fd72afba0b1cef9c47d583a9fb3bd8686d0c527ec1e0ce86f,3.974899411715948,60.41561868598242,1230.7332147996594,35.08180746198319,30.006781853675843,-30.40883683230658,30.40883683230658,-0.8667978941865944,15.42
20,0,215,200,4,164ed086d9855e9fd4967fce04f6198f868372b652323c0b44124adb9caa6c82,3.9607910696814095,53.56408050110859,899.8637447738595,29.99772899360649,33.03197138023376,-20.53210912087483,20.53210912087483,-0.6844554507859879,15.42
20,0,217,200,4,7bfdd8eef19a4c44873247e4250c791e53cfb9d7f98df343198a031fa082ac77,3.882793401278203,43.294477443304224,466.7947518133583,21.605433386381268,36.859516589164734,-6.43496085413949,6.43496085413949,-0.29783993401380654,15.42
20,0,219,200,4,90932d29d1d391d7cd0ad81f4692b7dfa8745662ceb341b650aa1810c8fde3ca,3.8652671223513106,59.40615619445853,1153.8474023007195,33.96832940108653,31.320456434249877,-28.085699760208655,28.085699760208655,-0.82682016617839,15.42
20,0,261,260,5,199ee0d078ea87e2d7907ee5e577af2a6c99dcb7a3dbe59835b9f3369b9edf60,4.672953096811297,49.789191719956676,865.2840655175397,29.41571120196722,25.054323812484743,-24.734867907471934,24.734867907471934,-0.840872679828926,16.43
20,0,263,260,5,efa2ed9135968bf1785b49bc497234776d7fea70a000faa48b5b39c55fd1dadf,4.581545816522257,46.38139864941672,694.4072981838327,26.35160902457064,19.498169199466705,-26.88322944995001,26.88322944995001,-1.0201741163085594,16.43
20,0,307,260,5,b9340b64de2c52cfbc2b1e64fa169dca15843463258b7419503314446e759f1a,4.557807965748214,48.90260860000649,803.6054554503,28.34793564706785,29.233779109954835,-19.668829490051653,19.668829490051653,-0.6938363955290722,16.43
20,0,309,260,5,eddea7929bdf4d53dc3f4458efdb8679d7c86747ecf7b1a57c390242f0c72941,4.545409185243404,50.43984588615296,872.7532825491658,29.54239805007653,12.549500564455986,-37.89034532169697,37.89034532169697,-1.2825751402262624,16.43
20,0,355,260,5,2158dc2a64eed238928b0a35bb721bf48ff27a5d93991d5678ea99308d124327,4.523196956656281,47.91467480465559,752.9723219389646,27.44034114108213,31.008494740486146,-16.906180064169444,16.906180064169444,-0.6161067742287819,16.43
20,0,357,260,5,4cf38799aa7a56604f4584c665b46d2bcf5d0f11fb3955168cd2471cda04425c,4.414144087545645,42.547347077628054,510.8147287330076,22.60121078024378,27.45343147969246,-15.093915597935595,15.093915597935595,-0.6678365926806683,16.43
20,0,359,260,5,e51bf57d20bf3a8f8247a22e203b26f63590909c1b4fd303d6234b7000b05e0b,4.412203599788441,44.070269338787384,571.5957536434529,23.908068797865145,25.97307821559906,-18.097191123188324,18.097191123188324,-0.7569490984903097,16.43
20,0,361,260,5,768920f3008f1f102a466b1b9100b79d44cdc2dbad89e7ffe02045a26fa62706,4.380855714242523,48.638646943053566,761.3769526627963,27.5930598640817,28.538016430854796,-20.10063051219877,20.10063051219877,-0.7284668902691747,16.43
20,0,363,362,6,3b9bbda7d3758bce760092b22ed515281a94f8679fe4b749e8899837315b0203,4.247647755747382,30.427251963212534,752.3809942305601,27.42956423697905,26.10567764377594,-4.321574319436593,4.321574319436593,-0.1575516942996302,17.43
20,0,365,362,6,7bbe46bd8570a069fa3ee15b5669c34c988a11002437369841ff8a4fc1cebe6a,3.9469662605896616,29.376634640421948,658.405116009271,25.659405994864162,18.90403806400299,-10.472596576418958,10.472596576418958,-0.40813869886602566,17.43
20,0,367,362,6,9c433c6a170faee5d7804c1a48267be7b2550aacee66d0d0265206dc9055e6c6,3.9320327701295223,29.94497685921198,679.2964858613419,26.06331686223651,26.895725772857666,-3.049251086354314,3.049251086354314,-0.11699397672490469,17.43
20,0,369,362,6,953cf3f7310d3a0bc29ab55b9fb3cb187de621f3711f2467ce9ecb22123105be,3.838383153114097,21.612790649516633,355.22825614208625,18.847499997137188,24.56795089006424,2.955160240547606,2.955160240547606,0.15679322143501662,17.43
20,0,371,362,6,c9cd8d6ac4235292bd507c96795a435667cdfa4699140aeb3a0453ec1b4f3f19,3.8200460593865753,25.221455809128326,479.3348043600641,21.8937160929812,28.614719145774842,3.393263336646516,3.393263336646516,0.15498800305236193,17.43
20,0,373,362,6,24420c779bf7792fdfc3a0f69f1814e9c30199560b11f76ebe65c72783b64d89,3.8012002978948836,28.4288953214212,597.8961172661199,24.45191438857334,27.018892778396605,-1.4100025430245964,1.4100025430245964,-0.05766430066038129,17.43
20,0,375,362,6,92483be8bf800ef5420f4e35279b3bda43ee72a5392f52bb268085c7e43e93de,3.716429007301531,25.382824928345762,471.7380867915116,21.719532379669495,24.5085504693985,-0.8742744589472622,0.8742744589472622,-0.04025291353720047,17.43
20,0,377,362,6,f29eba17ea392a8a6cbe4cf65884cd810e03042cf244dcfa48df65516013231a,3.654271146044681,26.15995580136306,491.5634095488933,22.1712293197489,13.25852574968338,-12.90143005167968,12.90143005167968,-0.581899626115355,17.43
20,0,394,393,7,b45a9dbb0b655e17d2aa6e30b3f639c3854a3578c837ede699e4b5de659ca16f,4.4666727191809,22.267045264587296,467.9773893116064,21.632785056751395,25.20123305273056,2.934187788143266,2.934187788143266,0.13563615505103596,17.22
20,0,396,393,7,00605606e51d903c1b3f52197064e5fe354940084847b24112f7fb97336f9722,4.4161292299785195,26.301880442681313,623.5927016972048,24.971838172173165,9.455176362156868,-16.846704080524447,16.846704080524447,-0.6746281136523307,17.22
20,0,456,393,7,9a8357ceafb5d6edeef48700a45999c90f085191a1fb4d6dd65a2e1a8018d76b,4.282642598882099,26.889552761309186,628.2485564174077,25.064886922094974,25.94282826900482,-0.9467244923043658,0.9467244923043658,-0.03777094607475838,17.22
20,0,458,393,7,014d25b1c49eea16c3b12ba94186bfacf0daf7493b1a04b12cfeb435c063fc1f,4.252726044843998,21.050396177148833,397.7380822128952,19.943371886742103,25.338679636001586,4.288283458852753,4.288283458852753,0.21502299025489796,17.22
20,0,460,393,7,a0c91c302f3c3bdc2cef0889210d9256a7494d6453914633e6c7a3a6e5884110,4.214995304632236,22.216276785535815,435.97325377351103,20.87997255202964,21.11176916694641,-1.1045076185894054,1.1045076185894054,-0.05289794399092932,17.22
20,0,462,393,7,821f1fc4264ad5b2d9b365a17bc5500751b383a83f8b17879abcac9851d46fab,4.1382672208673466,21.32552734469893,394.9034692193663,19.872178270621625,24.278360872745512,2.9528335280465825,2.9528335280465825,0.14859133648231984,17.22
20,0,464,393,7,f04f2f85486ed5c6a5bfe2e8e5ddad413340b02f54ef47b6113e68d9375b66f4,3.828515452133914,24.195225826926183,461.07150766982124,21.472575711120946,27.02061722755432,2.8253914006281384,2.8253914006281384,0.13158139194101567,17.22
20,0,466,393,7,6023daa326c2e7e41fc2cbc8652da5195fa77c26d81f32bc749b12b0b154645b,3.821270156833618,23.546526851999758,436.9486628826921,20.90331703062201,15.6768230022192,-7.869703849780558,7.869703849780558,-0.3764811028915626,17.22
20,0,468,467,8,5ed1734cb01d442a5f75ca55a69590ba9560f4506800ee285dd4ee7fd83dcc98,3.646672283098246,19.07063198247106,369.18328447721234,19.214142824420048,28.62418852710724,9.55355654463618,9.55355654463618,0.49721481889341274,17.91
20,0,470,467,8,96175e8a871fc7ef5e4a341f3bd21923e4c0edae1a680cf3bf1cabf1c1999281,2.7391928422705556,22.849215181155188,381.6463899927817,19.535772060320056,15.24010379076004,-7.609111390395148,7.609111390395148,-0.3894963233037685,17.91
20,0,472,467,8,29de8e8982d583a1d44796bd41119217c8e68483d6dcbf8c15925ae911ff1f1c,2.5188684734696016,45.253996517522324,1165.6878105463088,34.142170559973316,76.27929414749146,31.02529762996913,31.02529762996913,0.9087089989041803,17.91
20,0,474,467,8,2368ac06ca1c2861108dbca1a0951f870a5f016a989355d3cf3819facb486705,2.4609037803556966,48.28178056457652,1280.5782156531177,35.78516753702737,74.43886046218871,26.157079897612192,26.157079897612192,0.7309475321178007,17.91
20,0,476,467,8,c64dba7afba58c6273ecf00726658c78e55c0e51aea3fc35c47bc7cb6bc4e5cf,2.399488739391101,47.5170990725358,1226.8952375717288,35.02706435846043,59.433282356262204,11.916183283726404,11.916183283726404,0.34019931450087887,17.91
20,0,478,467,8,4026c4537dfed9e9dc171f361fc9d5768dfd7cb77c8db85f61ef5487a0298358,2.3357863627991717,49.40458504754933,1288.621487969459,35.89737438823986,77.48399357891083,28.079408531361494,28.079408531361494,0.7822134351018283,17.91
20,0,480,467,8,db29e041609f42c1d143141b3ff65b361823eaad1042bf151875371ef7c36fc0,2.2589584349620218,25.331568280043044,390.6347106063726,19.76448103559445,18.974087141275405,-6.357481138767639,6.357481138767639,-0.3216619311844444,17.91
20,0,482,467,8,06e47c6fcdd3d29ae90b471584a6a1c68067f33f1ebf8f08628b8c658589c880,2.048145930378282,49.70803943703888,1202.984363285393,34.684064976374856,76.80476803016663,27.09672859312775,27.09672859312775,0.7812443152665283,17.91
20,0,484,483,9,fd55d92566e3845e4425e55f9672c94f12e93f2ca85739ee209e8163bd07e50b,1.760278548400053,16.82180479975477,141.3001626866146,11.886974496759661,23.401877026796342,6.580072227041573,6.580072227041573,0.5535531542391441,17.95
20,0,486,483,9,2b5293b84297080fa7070eae2d19e96e1cca2b2f0e4153a47c3c94d51e87a69a,0.9001654306314806,18.29468835438937,99.34315271793457,9.967103526999937,22.95429746770859,4.65960911331922,4.65960911331922,0.46749881755484746,17.95
20,0,488,483,9,c5ec01050c9b67fd1ba7c275efec2ba4f2c4c4fd0e0a706410300771dd5f818e,0.8063757654727255,18.41856982854745,93.50768030443857,9.669936933839773,29.281826046943664,10.863256218396213,10.863256218396213,1.123405074171729,17.95
20,0,490,483,9,b6bd5bfe4eb8bff4d7c7025fd08df8f323a5abd57054354a2358b7cb8ff722f1,0.6440678828470516,72.19893983832168,1362.0164706045348,36.90550732078526,25.53038680934906,-46.66855302897262,46.66855302897262,-1.264541701684962,17.95
20,0,492,483,9,2b6367038f723d5903e372a7dace90a58227cd2fdacbc44b72b924feac502a1d,0.6413629138845751,18.479664417376355,80.99039574367829,8.999466414386927,23.453359294652937,4.973694877276582,4.973694877276582,0.5526655301835922,17.95
20,0,494,483,9,e7f720332a06b0d284d9bc0153346ef2614478e54b3e41e07777a957a83ea83f,0.6233295494696818,67.56148608814061,1189.8225725014856,34.49380484234069,30.557788727760315,-37.0036973603803,37.0036973603803,-1.0727635739087489,17.95
20,0,496,483,9,c906ce6fb957003cc00a8f7adc24ae0cbe9b129c957e9f6cf63a36a7a1b164d4,0.5895995832751888,71.28445908212558,1286.4206477905973,35.86670667611674,46.880854787826536,-24.403604294299043,24.403604294299043,-0.6803971302597778,17.95
20,0,498,483,9,4b87683bc8c584f6b3091a3842a560ad5c4fbaf7390f5e4dfbe4162b43ea9390,0.5595604046365685,68.51019136883092,1171.7534286174214,34.230884134322636,20.724863317251206,-47.78532805157971,47.78532805157971,-1.3959711897615377,17.95
20,0,500,499,10,78efbb9fb38a9a92dd522569ed0c3e1449df4037442dd8db03d0f90a233d69d9,3.100671479249553,38.33205603262686,1033.1759295958386,32.143054142315705,64.73333174324036,26.401275710613497,26.401275710613497,0.8213679880486755,18.43
20,0,502,499,10,1b05b55aa44afd1a9378f8a80264cacd38ca4de9f726c37a661ac7e298e8e4c5,2.9090651696769934,32.47334778211578,748.8152348893843,27.36448857350315,38.5615689496994,6.088221167583619,6.088221167583619,0.2224862032860648,18.43
20,0,504,499,10,9c63aa6fd480eee8e551faa895e5cda3502d8e407ea936316943c616efaf67d6,2.541454968923788,35.983798917936824,804.9559755693248,28.371746078966037,63.54415581703186,27.560356899095034,27.560356899095034,0.971401507062248,18.43
20,0,506,499,10,4564aef9285e8a9dab7dee49eb834425e6c5d4f52c81f50488653b5be3e96ecb,2.474822242801407,28.085856016357088,514.7091269726475,22.687201832148617,24.345019786834715,-3.7408362295223725,3.7408362295223725,-0.1648875104651058,18.43
20,0,508,499,10,795bcc4f5ef1c8fe553d9c90f7a0ba5b293ab1e474eb65d74c95610153d44fb3,2.460218905006613,32.55372799350527,662.4195792275557,25.737513073868573,46.84970141792297,14.295973424417703,14.295973424417703,0.5554527892181035,18.43
20,0,510,499,10,73fefe4f1013c8db952b4e7090c4cf2c76d52c4886078e6517cba359acf8681a,2.423346778954765,41.17479513918825,978.8177451701123,31.286063113950792,65.8574583568573,24.682663217669045,24.682663217669045,0.788934776733311,18.43
20,0,512,499,10,f11b225677548cb63ccfd8cd4d75147556959a9381e088e477cb9e68ff87a347,2.389782292224182,30.746727919211548,587.1336898019438,24.230841706427448,36.96996990203857,6.223241982827023,6.223241982827023,0.25683144061711455,18.43
20,0,514,499,10,cece1ef404addfbc7bfb6554a6cd41364f8669aefa5eca9e3fe5bb0656d50204,2.30665895219805,41.42437500960458,957.2371099889772,30.93924869787528,59.59933338737488,18.174958377770295,18.174958377770295,0.58744019789396,18.43
20,0,516,515,11,84d73b57d3d6d9c93495782f10e954eefc9f833c0463fb4444f1b5ed9a330565,0.7657067074325536,24.155579759607445,171.6045535018848,13.099792116743105,26.165998873233796,2.0104191136263516,2.0104191136263516,0.1534695433110572,18.96
20,0,518,515,11,76d099caf7314be1a4c82878a9bc18f8ba493040eee39fde5a8472ef7b2c4ad0,0.663749585455693,22.59534595778671,135.7814033607992,11.652527767003999,23.038799934864045,0.44345397707733625,0.44345397707733625,0.038056461734684494,18.96
20,0,520,515,11,6e26830484da4e7eaed498a8096b62fd171fd07cb960016f4f91c26393f882f0,0.5499736668984225,21.78218730335844,111.89418562993451,10.578004803833968,27.83187044620514,6.0496831428467,6.0496831428467,0.5719115518508754,18.96
20,0,522,515,11,f3f48d305005c785b9c1f33606a59f199cff80b3ce81aefec8336e776c8180fd,0.5332230123072366,23.767523050173722,135.10133198647017,11.623309855048612,27.492536378383637,3.725013328209915,3.725013328209915,0.32047784793347367,18.96
20,0,524,515,11,f38ad1c0633a47d5cc0d5df42fcef69cb4b77b38b33734fbf035ea57b48946b6,0.515621569399745,27.539088381643428,185.06428327979492,13.603833403853303,24.830442085504533,-2.7086462961388946,2.7086462961388946,-0.19910904637891752,18.96
20,0,526,515,11,4f25a46759d9c7cec80c00895d82ee80f75009f2e57c5ea428cf66e0bdaf725c,0.5123315011799727,25.022629796779352,148.88541490777172,12.20186112475354,25.017901618480682,-0.004728178298670116,0.004728178298670116,-0.0003874964851942304,18.96
20,0,528,515,11,94018b5d67f0815b98c695ef21f3d440e142481d2b820e03da61e6e29dfb9309,0.4899652110722583,24.47060531252994,138.25615957411662,11.758237945122417,14.55867527794838,-9.91193003458156,9.91193003458156,-0.8429775006120924,18.96
20,0,530,515,11,b63a0ab8e8440d4b75feb046aae5c29d59f87b48cf2bd0125f9025a52cf44e58,0.4695196770374559,24.411388988745742,134.5227338046407,11.598393587244773,19.112404484033586,-5.2989845047121555,5.2989845047121555,-0.4568722784627403,18.96
20,0,532,531,12,bc13706875992759f081ba0233d28ca4a2a1238388467c9813a27c9c9f665270,0.8160007678702157,25.221890807527704,194.88277540880236,13.96004209910566,30.063071997642517,4.841181190114813,4.841181190114813,0.3467884377243361,19.24
20,0,534,531,12,0ce22bbd48c1abe13abdc4e58055a9dd5d9f95989a16722f8d251bf3d647d9df,0.8135878426323708,19.100426757168584,102.95685830500761,10.146765903725562,7.894178384065628,-11.206248373102955,11.206248373102955,-1.104415779316283,19.24
20,0,536,531,12,c8344a0ea0e6febfcd5b00dc84cfc45207f794b1ab84514e64800b8bcf7ae239,0.8103202955617668,24.159176736512016,176.69458556419283,13.292651562581216,21.81334200334549,-2.3458347331665266,2.3458347331665266,-0.1764760568741639,19.24
20,0,538,531,12,d9896f1988e1da8faf80fca45fc8e76972ef8f253c78f9d8cbd1e5ea37574135,0.7311327445756994,21.365360803925892,125.6308416280903,11.208516477575893,24.87621458864212,3.510853784716229,3.510853784716229,0.3132309072070467,19.24
20,0,540,531,12,3e784aba4186ebed1f4a30e865b13c39eaaba4fde638895d9a85e81a03b90276,0.6000496483271847,17.312113388939576,65.28036422553727,8.079626490472023,5.1494563149213795,-12.162657074018195,12.162657074018195,-1.5053489277457472,19.24
20,0,542,531,12,06fa111c0a4ba5b0719960b22a2d201f8c0202dcc484903690077bdd6038697f,0.5416492840321974,25.708474121564645,162.14392292301918,12.733574632561714,34.30939453792572,8.600920416361074,8.600920416361074,0.6754521542102714,19.24
20,0,544,531,12,b69b20a83735e0efa1a918b34b3b7c9be2f797b26020554b6a8ca1d6a59b0012,0.5389041920739401,28.21119410472927,198.61523848734822,14.093091871102956,50.15556747627258,21.94437337154331,21.94437337154331,1.5571014204866527,19.24
20,0,546,531,12,70cb1b18db2c50bc63d94ff8421c11b69621dc484d30df830a4a3b7bed9602f7,0.3915220701012385,26.059369110712602,142.4700709983763,11.936082732554105,15.05454553937912,-11.004823571333482,11.004823571333482,-0.9219794984596801,19.24
20,0,548,547,13,26ca559555292d390692d0614509cc68db62e39dfc07b823b8259004f51de097,1.1298320692559223,17.19926398103544,102.87132483533026,10.14255021359669,16.67873940205574,-0.5205245789796997,0.5205245789796997,-0.05132087769029781,19.06
20,0,550,547,13,09e5c3448a6ae7159d1549922744096add924ef474622e2829cec594b34f3525,1.048428114142891,20.412266654676046,144.9944406443459,12.041363736900646,25.878102896094322,5.465836241418277,5.465836241418277,0.4539216953199639,19.06
20,0,552,547,13,a3e522a31c21f6b034a6712a612c56a1529c5f4ce7eeaafc351f70110b1ea607,0.6665351368598567,19.39831858033102,95.11164657425277,9.752520011476664,26.82311143732071,7.42479285698969,7.42479285698969,0.7613204431523618,19.06
20,0,554,547,13,cb8a9867c63f7dc01a2c9fb6ef8e71db14224ae1f0ddc59b72f872e59146500e,0.6457394921744275,17.396354796414947,70.48912147691617,8.395779980258903,16.430747139096262,-0.9656076573186851,0.9656076573186851,-0.115011072180206,19.06
20,0,556,547,13,0f98fbc9113296d01378a3a744260096cc9cf8d9297925a68b2fbbd011eaeaf8,0.5344521353670844,20.62996725465845,97.01350389628507,9.849543334403128,25.15622148513794,4.526254230479491,4.526254230479491,0.4595395011533068,19.06
20,0,558,547,13,ef194f4b60426ba821dca4ab4e0d07ee282fa717436b0b9bfa95e9d7d33dcb17,0.4655751309624043,23.20161074722062,119.48360349784707,10.930855570258307,23.20218187689781,0.0005711296771906405,0.0005711296771906405,5.224931145779873e-05,19.06
20,0,560,547,13,22389b0d58036a150feca619f34000a35d418991a587075484f22d3d00dfe219,0.4421135409983581,20.83664805763952,89.54059187302227,9.462589068168514,23.20482881164551,2.3681807540059907,2.3681807540059907,0.2502677371854163,19.06
20,0,562,547,13,beacc4ed44430f509d81375efa824900ddd49c0768b61e3f1f73c8d5c59e4fa8,0.4241354526515444,18.84132411808498,67.5070432845747,8.216266992045396,25.490868515014647,6.649544396929667,6.649544396929667,0.8093145467847433,19.06
20,0,564,563,14,8b1b9e370446551a20bcaf34b33e00adc26e6a19b41e16cf85a36239537f7fa2,0.5875767265050871,27.09299377342659,188.74456578338697,13.738433891218714,26.532399923324586,-0.560593850102002,0.560593850102002,-0.0408047856503004,19.21
20,0,566,563,14,c861adfeeb8fc3200271acd78fd79818072d217e249975a69aa0548321d13057,0.5672305617655526,20.866723032867473,101.06262411970977,10.052990804716265,25.095370656967162,4.22864762409969,4.22864762409969,0.42063577956480974,19.21
20,0,568,563,14,2099a1a3309e9b09da17ac4fffb083b3ad0994598b22b5c632a5d57690754d17,0.4632205902033786,52.30567887909833,651.5623752734147,25.52571987767269,62.32138925743103,10.015710378332699,10.015710378332699,0.39237719548483435,19.21
20,0,570,563,14,56fac6b8d9e9c397f6d20cf37ea9bfdb6e643e0db9da8761083678b16483e46c,0.38134344720573643,24.791076073167172,124.31334155912413,11.149589300020164,26.673077241420746,1.8820011682535736,1.8820011682535736,0.16879555987323855,19.21
20,0,572,563,14,e201c7e66f5d1786fcdd3712cf485f43d53236301b1f135c9fbcb76983a9cefc,0.3522098378150067,26.367917915596458,138.4060634988686,11.76461063949286,29.93128431892395,3.5633664033274925,3.5633664033274925,0.30288859636081417,19.21
20,0,574,563,14,938224e13a6fae7e479411cdc0e40053359d207bad6b1791b4e45abca5aceef3,0.341338905514027,28.29876841055898,160.4985108150122,12.668800685740234,36.34987821006775,8.051109799508769,8.051109799508769,0.635506864400428,19.21
20,0,576,563,14,0f68d966eb7242fa07b4a6ef37fbd918ac4908a4a8d827ea4a65ade0df75b0a2,0.33914405356645116,25.88681038573455,130.32235005936704,11.41588148411532,28.24552029109001,2.358709905355461,2.358709905355461,0.2066165375523124,19.21
20,0,578,563,14,45f68d88f76810f4b73cd52c193e40936422e2a8fe6f4ed0f1e547c7d93d4cd3,0.3307409865174433,33.88247434307704,235.63497499038883,15.350406346100055,53.02923156929016,19.14675722621312,19.14675722621312,1.247312728700343,19.21
20,0,580,579,15,de68ca4f396519146b928908aa5ef9d5c5f9673a5e9f2db183301161bc192b7d,0.6911290992337569,22.429386353593795,134.54878913426043,11.599516762963034,26.702675424575805,4.27328907098201,4.27328907098201,0.36840233591683014,19.38
20,0,582,579,15,8e1b33403a8c3c1cff7dd9affabde248dd1e386f6e7f0ff17d8ad4ff131a5720,0.5216131516126423,21.950436035782445,108.8287182849724,10.432100377439454,20.60978185582161,-1.3406541799608362,1.3406541799608362,-0.12851239265873496,19.38
20,0,584,579,15,2dde84a033c5678a0a10ffe8789efadea716aafd2df011bc291176155b642f53,0.40340569166899964,28.729832263570056,178.67062431954898,13.366773145361186,28.95086404323578,0.22103177966572218,0.22103177966572218,0.016535911641653706,19.38
20,0,586,579,15,6d07997b7c4913477bf47a5501b8b868819aba683a28bca8f90725229c027708,0.3482027748405203,24.160860539896714,111.73353088202971,10.570408264680685,26.468705637931823,2.3078450980351093,2.3078450980351093,0.2183307437373447,19.38
20,0,588,579,15,913819fe794243f73219b714db9c41aa616b795d167d99143d02d838fa14b921,0.33207448910648596,29.415379446525705,172.77423646430972,13.144361394313142,27.593285313606263,-1.8220941329194424,1.8220941329194424,-0.13862173127009156,19.38
20,0,590,579,15,ba4508da41b97ba04f94798e508126eea4764793b93b58f0106bc5d6c55a3987,0.2992197468079927,23.381622686018964,96.1028381892994,9.803205505817951,2.62651836681366,-20.755104319205305,20.755104319205305,-2.117175275667503,19.38
20,0,718,579,15,826d5bde3a0e489fdfd5ebdf9a0c2b47ddd20ea492a59625c911c84322fe6298,0.2713398027395266,64.55037057340513,810.3989121325754,28.46750625068124,77.31947965621949,12.769109082814353,12.769109082814353,0.4485503215621067,19.38
20,0,720,579,15,6c31509979b07fce1fa987c70e12a5e20811d597fd368916bda9e204adbfa415,0.2633095550473712,56.965665088290024,628.2487631580769,25.06489104620399,73.90251734924317,16.936852260953145,16.936852260953145,0.6757201629056427,19.38
20,0,722,721,16,ed91004598144009beefb2c2f3eb0503aa43b78e661571b5dda9cb922d7db27e,0.6265995296419038,69.89004899304904,1482.7297787381267,38.50623038857643,15.667772910594941,-54.222276082454094,54.222276082454094,-1.4081429299955603,19.44
20,0,724,721,16,f600bfe4df97064376f7f56cbceaaf6823de8135707d998a8231fbdf1ba2549f,0.5957006681015558,69.74403651092585,1449.8598803097477,38.07702562319893,38.573120739936826,-31.170915770989026,31.170915770989026,-0.8186279064822158,19.44
20,0,726,721,16,3f39d4e355d7cb3dbda510519510621a04ed036aa3d906728495719354e6aa83,0.559098154225468,66.5851564645259,1309.2410874270388,36.183436644783185,18.273937734603884,-48.31121872992201,48.31121872992201,-1.3351749642854163,19.44
20,0,728,721,16,ff820738b3dad752b015810fe4449bb0286d1a9087a27adfd08a1f1f160797f5,0.5432270704999738,61.01935702727221,1116.9783260424776,33.42122568133128,32.26269969558716,-28.756657331685048,28.756657331685048,-0.860430961026908,19.44
20,0,730,721,16,618c59460da5128d70901824e48cb059774dd50697f25cd21badd2326670a715,0.525174021702425,69.61155128325036,1380.0641154926736,37.14921419751263,32.040010816574096,-37.57154046667627,37.57154046667627,-1.011368376916891,19.44
20,0,732,721,16,f5e855c6224a6877b1e82c626389188664c8062c5697e0f0cc2cd80fffb92a81,0.48951111923933466,65.21853671662791,1203.9602529834278,34.69813039608082,36.68954695415497,-28.52898976247294,28.52898976247294,-0.8222053879218607,19.44
20,0,734,721,16,84215c163024ab740ff1d035f8a84c96b018a9c9c38ba71f20e5f797b2a9219c,0.48935917336571855,66.05304025999347,1230.2504516971526,35.074926253623865,17.192028824329377,-48.86101143566409,48.86101143566409,-1.3930467332234484,19.44
20,0,736,721,16,8a1397ddc5c4df0f05ed8fb7c209a824aefdcdb65484453263028fb7d90d9749,0.4876834052817296,64.06295026243207,1166.1851055041773,34.149452492011896,18.032385220766066,-46.030565041666,46.030565041666,-1.3479151694286544,19.44
20,0,738,737,17,ccd2e9237db3b0ff6a74c7b52713c834d70cae506f486a78219a70e9d7895e7c,1.4506906338167043,35.73446976007417,734.4825447063329,27.1013384301649,35.96025729084015,0.22578753076597735,0.22578753076597735,0.008331231734100135,19.13
20,0,740,737,17,62bfa0d9598f04b8cabc575f82956971210910e9f666156c378ed3cdd01cef46,1.4190104175110965,17.401706557279333,241.9483881255544,15.554690229173785,27.48564100599289,10.083934448713556,10.083934448713556,0.6482889919466549,19.13
20,0,742,737,17,79639a30c134bf141f3736014517947af426ba8a9645908818e91b5b27684639,1.3633790463437334,35.699663950875625,708.2423494787337,26.61282302723132,34.813329856872556,-0.8863340940030682,0.8863340940030682,-0.03330477541206865,19.13
20,0,744,737,17,0241432a23527429b0770a3990f61d0f9bd1216e603b22aa5e5008fa8589b45d,1.2865212647882651,15.010731912634379,180.07639348775388,13.419254580182681,26.244225824832917,11.233493912198538,11.233493912198538,0.8371175794509453,19.13
20,0,746,737,17,48e976dff5d7ad6df2580adc8c812f1f3be6704ebf79896060dceaa87cd0e766,1.223976242011374,35.49955840265175,661.6998684635374,25.723527527606656,25.638220028877257,-9.861338373774494,9.861338373774494,-0.3833587117160056,19.13
20,0,748,737,17,ae9780f82fe0f8303aac295f411172c68bf709b0a876e3d1f2aac8860b815383,1.212265643560209,35.900965800358264,670.0465381604783,25.885257158476875,12.569273286581039,-23.331692513777227,23.331692513777227,-0.9013506171074136,19.13
20,0,750,737,17,ded6de37ccd52329831efa321758ac53dcc27ef0e6e431e801ffb3fe26f77928,1.1769044584805308,35.8803048606029,658.9185541030139,25.66940891612064,29.65698845767975,-6.22331640292315,6.22331640292315,-0.24244097023265876,19.13
20,0,752,737,17,6784ff17c39d8591fac405ae1111893fb908171652511cf9c2e61c483c789449,1.1717857070908417,37.30593513731512,699.224610440026,26.442855565162134,45.692630752563474,8.386695615248357,8.386695615248357,0.31716300815474857,19.13
20,0,754,753,18,99fc41ea245e9814b46e85f7b5dbc8d852e31420910e11bae439e81cc6654a33,0.4439788958073414,26.081344668838504,241.4817803828704,15.539684050291061,8.536738011837006,-17.5446066570015,17.5446066570015,-1.1290195219041719,19.13
20,0,756,753,18,29c2cd487d9d2b12059976d0289a0fe2bdc1b7e5201b635968a25074a8da9f04,0.43179196926963237,57.402832352781545,924.79971833301,30.410519862919312,44.4901097984314,-12.912722554350147,12.912722554350147,-0.42461367357600205,19.13
20,0,758,753,18,78405117a4c706a6327e2cb0244d1395e4e178f7c82f3f2bd15504c2a243e543,0.4178152951831535,34.41288301256026,379.21190494891,19.47336398645365,51.91972151565552,17.50683850309526,17.50683850309526,0.8990145983649064,19.13
20,0,760,753,18,684be01929eb6af9e839609fb4f24c5c28ad6cf94f5e5f8ebc3ff17fccad3c96,0.4082504143393677,31.42681854501789,321.2026877647668,17.922128438463073,65.7911071395874,34.3642885945695,34.3642885945695,1.9174222923667676,19.13
20,0,762,753,18,0c1b963ae5eb0d1b271d9b7219d351f42e0b0df8474b438abea73dc65ba7f1f2,0.3857458978319448,27.271922882177186,245.3098360004476,15.662370063322077,36.33859464931488,9.066671767137692,9.066671767137692,0.5788824890793443,19.13
20,0,764,753,18,ced55004d4909c4db33914fdd3a693872950464e25476a0c2e568c102bfb5651,0.3851231966603039,49.071757546646175,677.3162814685825,26.025300794968395,55.01979844093323,5.948040894287054,5.948040894287054,0.2285484014631262,19.13
20,0,766,753,18,b4aa29df57144746238cacf7792c0323ce174cacf950e4e0e5a879736b9b4333,0.3832206826975544,58.50066610228318,915.7980547406598,30.26215548735185,57.47772456932068,-1.0229415329625056,1.0229415329625056,-0.03380266595319183,19.13
20,0,768,753,18,8087313c5c9f33ab159657be668e4a66c016aaf966efad0ac2331760d85feb21,0.3775565496006632,37.68759459790251,426.0688931977476,20.641436316248626,77.10947071456908,39.421876116666574,39.421876116666574,1.9098417141463295,19.13
20,0,770,769,19,d68fdb27abe4c8438e24afd12467b25a9eb4c9cc16049f4b7bdb98dcad6293e3,0.3289221439220431,29.752461873380156,267.4033465727532,16.352472185353296,33.46565694332123,3.7131950699410723,3.7131950699410723,0.22707239785229139,19.18
20,0,772,769,19,447466e3609d5cf92f874a02b6d8a28baa44ebc78bbabb482ed983c622354fcc,0.2701903187258071,17.821331138546277,98.68969546915385,9.934268743553995,24.76360074520111,6.942269606654833,6.942269606654833,0.6988203949243302,19.18
20,0,774,769,19,da029d477ec74c656efde22f2f38694d5063047cadec8e05f2cc7721ee3c52cc,0.2694418279760895,50.32438116946239,624.6632880652904,24.99326485406199,52.37900458908081,2.054623419618416,2.054623419618416,0.08220708385301216,19.18
20,0,776,769,19,de166d3434214e2b4581a97199f41341d1f6382a7daed390a3a3c44685206c63,0.25387713797621325,51.14277375337624,630.0676031500411,25.101147446880614,60.24539353942871,9.102619786052472,9.102619786052472,0.3626375967598915,19.18
20,0,778,769,19,435fd0dbb997fd17ca740e75d90d7d3da538684158fb88f8f466201e2e5ce3a4,0.2533073112024231,49.15301709419211,587.1121805781678,24.23039786256445,51.563269973754885,2.4102528795627762,2.4102528795627762,0.09947227830239536,19.18
20,0,780,769,19,2f2945ab21ac7c51839a85f9114923e5af5d8105fdc582b00edb8799415c8a9a,0.2430890513009485,34.21690075189137,305.15621998338617,17.46872118912504,49.10061953353882,14.883718781647445,14.883718781647445,0.8520210850301475,19.18
20,0,782,769,19,ea12e3bcc7cf1c704a203362453a25642c3a76489c304f29a63d1cfd43f9e504,0.23852230730462232,51.155535097437195,617.622523051362,24.852012454756295,47.181839696884154,-3.9736954005530407,3.9736954005530407,-0.15989431068358154,19.18
20,0,784,769,19,219a51ed6d8222816ce56be49ff5fa11c42a2eaf8a5cf6dabe3baa6b148b8bea,0.23635028683216186,50.23469391245849,596.3545272832413,24.420371153674985,56.88193764686584,6.647243734407354,6.647243734407354,0.27220076601526266,19.18
20,0,786,785,20,6a86412f0d05d91b838265be3ce8391e428e503ea523ff614f3a89302fe5a04f,0.6867674072035255,17.49789141775261,152.85651798633862,12.363515599793557,25.56593778467178,8.068046366919173,8.068046366919173,0.6525689478689938,19.2
20,0,788,785,20,bccb6804864d32c9312da8841f1a185f9eff6ad8824ca1a74caa8802df58a23a,0.5791370286039235,17.75203600397772,142.3675789694552,11.931788590544805,27.30669605255127,9.554660048573549,9.554660048573549,0.8007734947755459,19.2
20,0,790,785,20,a49e4d4a29af1734abb9c0cacc2ab7ee688823962e4172e0d1ca689bec3ce70b,0.1504207934171633,68.9525243674615,914.7162991828412,30.244277131101036,76.34215864562988,7.389634278168373,7.389634278168373,0.24433165475029342,19.2
20,0,792,785,20,4cf9abad221b598f7430418bd3cbc8070c141c30c52fa96c96d3cc2201be6eb9,0.13634446856587767,51.31793544131128,523.3440141883929,22.876713360716675,80.95995082473755,29.64201538342627,29.64201538342627,1.2957287577124956,19.2
20,0,794,785,20,00dd75cbc5c467db1192e0d4ef43e12652461a82b3ba317857966a709373fc0a,0.13572934007973025,51.1700442149035,519.9491271258375,22.802393013143107,80.94909609222412,29.779051877320626,29.779051877320626,1.3059616970971526,19.2
20,0,796,785,20,efd38b5e2e292aa5f7711221a10f6bc37c6bfd50c4755ba1866ec26936ce68c7,0.12497775118045418,51.39846447961235,511.9273217841768,22.625810964121857,80.06913031387329,28.670665834260937,28.670665834260937,1.2671663296278977,19.2
20,0,798,785,20,55faf3465be75864aadd8570e9b1926f1dc8b55f804f050ed8c776076f6dc4e8,0.12341823739841762,68.61632667907773,859.2966301697872,29.31376178810538,77.97242824363708,9.356101564559353,9.356101564559353,0.3191709625052548,19.2
20,0,800,785,20,80c194128378a43d4c1fc0ad0d8743564d2583cc72982f27bde724a572487b3e,0.12331456587801526,19.35971333828712,84.3785044842139,9.185777293414745,25.281429282546043,5.921715944258924,5.921715944258924,0.6446613884819724,19.2
20,0,802,801,21,af54196b37c2acf43921ee15abeb295fee02a6789147a4b97516bf52ceca7bb6,0.13282417654618117,20.548797795231618,96.9169561561369,9.844640986655476,25.094029019355773,4.545231224124155,4.545231224124155,0.46169598569264925,19.12
20,0,804,801,21,e75f67d42e27f91de7cc34ba10e016762f051e67fecb236e75ed3e954da020b5,0.1235594985351125,44.803402580836334,397.79399016395087,19.9447735049549,45.34550936126709,0.5421067804307569,0.5421067804307569,0.027180392913265263,19.12
20,0,806,801,21,12bf0eacb1f12fb2b160ec8cfdd13a69e747e07580af23c1686e43390727a5d1,0.10966404887461456,51.37545852410354,493.0309289768687,22.204299785781778,48.78641953659058,-2.5890389875129642,2.5890389875129642,-0.11660079410253775,19.12
20,0,808,801,21,8b493216b7388c24162f6ed9a8911c3f8740df736dbdc673a08cffbf3eb8eccd,0.10708390999384365,48.25159545929001,436.9974934282389,20.904485007486763,45.58402223396301,-2.667573225326997,2.667573225326997,-0.12760769874845654,19.12
20,0,810,801,21,60159cc4448d6568d6ff1c4f5b6d6adf693924f3f21c4642e66b0e566e7e86a0,0.10413349661924298,47.05761647758297,414.26850763786655,20.353587095101112,50.567196731567385,3.509580253984417,3.509580253984417,0.17243055180328068,19.12
20,0,812,801,21,4365b9b7993b8fa05193f48e9459be78c012a22af827afd4ffc62e07c58ad598,0.09704860469717302,47.381447302623236,411.39674192359485,20.28291749043009,46.3243144493103,-1.057132853312936,1.057132853312936,-0.05211936861704997,19.12
20,0,814,801,21,9f2c79113bfad4a80f16d033d70f3b7068ea37c7b60e766f8bcf77572de77ea2,0.09594288887835678,48.903899706573924,434.4919410018319,20.844470273955917,50.22838062095642,1.324480914382498,1.324480914382498,0.06354111651555704,19.12
20,0,816,801,21,d9b1d8bf4c338711f248515f6c5ce53ffe948b968a3acdfea22bf53fe97a90f9,0.09357012553761179,50.39538890680368,455.8905229883683,21.3515929847955,47.945315101623535,-2.4500738051801463,2.4500738051801463,-0.11474899352590917,19.12
20,0,818,817,22,0948fc956470b6b8c9b10e68b3fff3a4dbb6f79613d3e19b835661da7bd945d1,0.10232701706469383,24.579706665457582,124.36844902347224,11.15206030397398,27.70772705078125,3.128020385323669,3.128020385323669,0.28048811610254787,19.01
20,0,820,817,22,b246680488763b65747f9c8c6d71f7ea53b9d256c04415775709bcb6f52662e2,0.07235349909491234,35.531160017315614,223.3872293731638,14.946144297883778,16.46737099647522,-19.063789020840392,19.063789020840392,-1.2754987935945212,19.01
20,0,822,817,22,14b6555d162b24100714066ef004210bf274947091a05365bc4f767e900941d1,0.06747540996745616,32.39834600876266,184.4341232406436,13.580652533683482,24.373288223266602,-8.025057785496056,8.025057785496056,-0.5909184235140297,19.01
20,0,824,817,22,eb636db1364dd139f8899f477ebc3a0b6574ad3e8f3a8e21fc680605a6e7f87b,0.06710816644455159,33.154204765965126,192.28512028655885,13.866691035952263,34.11851166820526,0.964306902240132,0.964306902240132,0.06954124093051234,19.01
20,0,826,817,22,f2bc35f83f4815902f17dfb3e425e9d62dab846f1136495e699fcd10624f5912,0.06594880561754268,33.53300844096348,195.48188233033383,13.98148355255385,17.68366015768051,-15.849348283282968,15.849348283282968,-1.1335956033355226,19.01
20,0,828,817,22,fe04d886294d8c45facb070974248ee3ed931be07b5da34347667db6981ac5ce,0.059521336382393875,36.13678999683381,218.73559704418807,14.789712540958599,23.506804328918456,-12.629985667915356,12.629985667915356,-0.8539710040298553,19.01
20,0,830,817,22,9c13a8c10453f87ba5e9541ad16db4dec52540cfa3ce658b56162fa4224e8c23,0.05706206400934294,35.842759135023904,213.03766924835392,14.595809989457726,34.0191197977066,-1.823639337317303,1.823639337317303,-0.12494266084818059,19.01
20,0,832,817,22,777cf4339a468c703049ff722ffafa230f0b39a21ba839ec99dc003235846897,0.05691344479805155,33.67885715477966,189.41120120765547,13.762674202627027,28.045782609939575,-5.633074544840081,5.633074544840081,-0.40930087146616,19.01
20,0,834,833,23,d59b542493007c150c3fae9afc45eb95397c3c2a8fb23c4b582f1fbaac2c87e2,0.14574552637569071,25.87760307965383,154.0009944443167,12.409713713229516,17.959390816688536,-7.9182122629652945,7.9182122629652945,-0.6380656674234148,19.21
20,0,836,833,23,be27d3e40b522261ad8c9f7fe6ade03bcfe84bdf760865b667688ab4302db152,0.04707745637609251,26.63147784747603,115.3947542757585,10.742195039923567,29.13457598090172,2.503098133425688,2.503098133425688,0.23301551723115035,19.21
20,0,838,833,23,fffa595ec6783699b64217d800aa324ba05592dbac9e9f859ed4a4385346ca2d,0.04372730486598986,20.405771035317713,67.42798536583422,8.211454521936671,29.610189801216126,9.204418765898414,9.204418765898414,1.1209242822095726,19.21
20,0,840,833,23,93a2cfbee50e3f286b74d695294c68ff269dd5c432422573bf050ddad4b3c84c,0.041647286402326344,25.863866028320935,105.57710987449641,10.275072256412429,28.98724936294556,3.1233833346246236,3.1233833346246236,0.303976775703489,19.21
20,0,842,833,23,84b9c7699b338cfb1dfe3fe273a5e9a93b52e9999bc6cf7639b3e9dd30974628,0.034325321095463907,19.18288944968948,55.790312589398575,7.469291304360714,26.185474362373352,7.002584912683872,7.002584912683872,0.9375166434592839,19.21
20,0,844,833,23,233d4c7a0ff9b6cff6c944db48e09e23c0fe1a40ad91ddd2718c8a0d9be93784,0.029570034707546128,29.79319600817101,127.18235876046153,11.277515628916749,34.15016133403778,4.356965325866774,4.356965325866774,0.3863408812039286,19.21
20,0,846,833,23,11606e1a08dbfee9b382c8b8e60cca1112040582c5244d845b39addfd8b73009,0.02871967979112014,29.348602750759255,122.68331637512647,11.076250104395733,35.280794070243836,5.932191319484581,5.932191319484581,0.5355775884051521,19.21
20,0,848,833,23,34019d3bcf707f51c22484969bbf91844886299ccae9d5c9b635b2e9e4ca1426,0.02806318722700754,27.891465543170156,110.55936129143981,10.514721170408649,30.088467962265014,2.197002419094858,2.197002419094858,0.20894538081312455,19.21
20,0,850,849,24,42e8e2cb5ea3aacc80b00e4c4faac43bb841586906e7f2fb05602d3c1b6077a0,1.1272668476483614,15.670051673308128,175.06382970967437,13.231168871633162,19.539097115278246,3.8690454419701172,3.8690454419701172,0.292419020534544,19.24
20,0,852,849,24,443225f95f0357f88c3fdbcec64279d7e84d517878318b8f69551da72df8c40d,1.0181196040016154,14.44623785877389,143.4704410169063,11.977914719052992,24.283103934645652,9.836866075871763,9.836866075871763,0.8212503016259155,19.24
20,0,854,849,24,5bf96a2dc6389a01f8601f463c7dd3272995a57f4bd88ff4d81eb30e2926e9af,0.03452450296940868,17.35118413729891,45.642557707387816,6.755927597849745,8.553749302446843,-8.79743483485207,8.79743483485207,-1.3021801532704538,19.24
20,0,856,849,24,190bfcde035083386992cefbb11cb26142479d17f21f44d6391da1ebb1a762dd,0.03270918986916979,23.12171011185486,79.67253065631222,8.92594704534551,26.198570654153823,3.076860542298963,3.076860542298963,0.34470970157765063,19.24
20,0,858,849,24,25c07c5640b273b9836667c8afecdbddd30c14b52512b5a5cc8331b2bdaba942,0.024347646468075496,26.082693533239375,93.73910557486977,9.681895763478853,21.716916468381882,-4.365777064857493,4.365777064857493,-0.4509217173485457,19.24
20,0,860,849,24,3a5146960ca61b50e5f5715071f0746ce2ac1dd6f24fe12bdd5a2364110cfe49,0.02080855806357626,27.50562757088674,100.23207441054795,10.011596996011573,31.975972131729126,4.470344560842385,4.470344560842385,0.44651663092544414,19.24
20,0,862,849,24,1332d7a97feb1b624f4fbbaeea743f964480250c749e0a6aecf1919535c0eac3,0.01972787087207495,30.598398100690567,121.86066273623622,11.039051713631757,30.49308416175842,-0.10531393893214513,0.10531393893214513,-0.009540125516587304,19.24
20,0,864,849,24,e463c967089557644350c4458efc253017db1fdbdd284e61e7c9eda6f13986de,0.01727188702719143,35.60823585833587,158.71258992468293,12.598118507328106,40.333002996444705,4.724767138108838,4.724767138108838,0.3750375213061001,19.24
20,0,866,865,25,8ef0e05cac8af5b4e072fbefc9df8bbe9c1fa4f7606e49715d66b39acba2f55c,0.24868624025081665,21.48878696144693,133.85656905098907,11.569639970672773,28.83927169895172,7.3504847375047895,7.3504847375047895,0.6353252785857744,19.39
20,0,868,865,25,9b871a996dd4eb2d42e49d22f35e05e662a524c681a108351b06f66b2f4d1cb0,0.014928275664939622,59.69060380293062,412.70654722774947,20.31518021647235,74.26610234642028,14.575498543489665,14.575498543489665,0.7174683359033791,19.39
20,0,870,865,25,dc85d0d25c689e6438bd8fbccad4d1b4e09d7222e8d1b93b9df88845c86e75d9,0.012889399569717713,23.548551168479857,66.20328322020664,8.136540002986935,20.17482527422905,-3.373725894250807,3.373725894250807,-0.41463888741557314,19.39
20,0,872,865,25,f077aaf6f4c1955ebccc89cfb0c6be1a80611e9d30aa0980789d85abb654e238,0.012463256962078714,26.88101424398682,85.53085330354213,9.248289209553414,32.64704769611359,5.76603345212677,5.76603345212677,0.6234702788241635,19.39
20,0,874,865,25,48b3fc99dcdf34fedb2a73368f69561bcaf5d8428a0cc292c336c40281fc932f,0.01043828228936304,28.072451328344513,89.8108496647842,9.476858639063062,29.904628461837767,1.8321771334932535,1.8321771334932535,0.19333169389497123,19.39
20,0,876,865,25,223a2fa5133c2c8480e61377e54f0f9cf27af8961d75bf41beae830360114b50,0.0093446351137534,62.55104852936792,413.7457042389799,20.34074001207871,80.11274156761169,17.561693038243774,17.561693038243774,0.8633753259623451,19.39
20,0,878,865,25,40b6098797ea969b1a8061e1420c8916c57b7c3f04059559b1fc2b9bfba5ef2d,0.007830170253367796,32.24678519091523,111.51945786102529,10.560277357201622,27.48027960920334,-4.766505581711893,4.766505581711893,-0.4513617796658869,19.39
20,0,880,865,25,8e28daf779000b0fe818d4e90aa91b2825bcc8e7f3e01004ccc988a636115779,0.007587697579182318,63.700769465388774,413.04766200651926,20.32357404608056,79.44429954338074,15.743530077991963,15.743530077991963,0.7746437729060817,19.39
20,0,882,881,26,07b735527d6c52f531746c2eac5984591639a1e9577b0bcf2bf7735782733207,0.08039505693207466,19.60003572387853,74.79892987037154,8.648637457447938,16.770766850590707,-2.8292688732878233,2.8292688732878233,-0.3271346367804266,19.42
20,0,884,881,26,e69c5f3dd76dd53c4f4455487d81fb956c2901206e9c832c11b9e7685e8f54ed,0.05741756290669664,21.136860870030965,78.07003611347062,8.835724990823934,22.293448312044145,1.1565874420131799,1.1565874420131799,0.1308989860157845,19.42
20,0,886,881,26,294b5793ae4b547ba64ee45445b40156416456db8c443b357cfbd870608b8399,0.013325389495207701,22.438719339431827,60.53009995920545,7.780109251109875,27.95356885433197,5.514849514900142,5.514849514900142,0.708839598121764,19.42
20,0,888,881,26,2157c859c94ab7156ac01963462f1f37af4e764b7440c8534adc3e394bc801c0,0.009916821243661639,26.722685937138948,80.59492788986627,8.977467788294552,22.316327424049376,-4.406358513089572,4.406358513089572,-0.49082420756049816,19.42
20,0,890,881,26,f4b61f22764ec24f35de08b494ce83d0aa8343905ba6d49f4e326f6640f67058,0.009076284871580104,37.99546429972681,158.05425653424473,12.571963113779992,41.45616095542908,3.4606966557022645,3.4606966557022645,0.27527098388548665,19.42
20,0,892,881,26,bf5101d2b51ab6dd5de785b076840b60b41ebb4eb4a69a7f0956b85010b9aa06,0.007972893345675108,29.732663544411338,95.34822718438434,9.764641682334501,37.905661680221556,8.172998135810218,8.172998135810218,0.8369992880124038,19.42
20,0,894,881,26,d239db1f6ced2df532682c02425a8631020938c2d57a593810f3a798fb0c0e4e,0.0069173557066312535,32.18950694241782,108.54200855417858,10.418349607983915,33.714810348510746,1.5253034060929238,1.5253034060929238,0.14640547337018092,19.42
20,0,896,881,26,1135bbc39924e710f9012ff6d9893aa580181df5d44110d807c7bc95df214a4e,0.006829179247069425,33.06942457685503,114.18741723464068,10.685851263920936,45.03374350166321,11.964318924808182,11.964318924808182,1.1196411618795208,19.42
20,0,898,897,27,7cfdd911bcbf3e9b69490b036bd911d567769d0c1b54f279dbecdf44dec6c2af,0.34332839466934706,19.712868871283682,131.81252238537408,11.480963478095994,29.685187598228456,9.972318726944774,9.972318726944774,0.8685959802912452,19.32
20,0,900,897,27,76bd63fbd2d6c586a842defd0a81069fda0d8bb7ba707f27ec1558124fc443dd,0.019907355176275954,29.949906066592572,117.14221701480923,10.823225813721583,31.3323581905365,1.3824521239439278,1.3824521239439278,0.12773013773687214,19.32
20,0,902,897,27,4d96d6936a8238b66c88e32bfba95356740c38c6310afe81a2abd3f099d53514,0.012032985836362864,19.00157647080877,42.21559231163601,6.497352715655508,24.979298249959946,5.9777217791511745,5.9777217791511745,0.9200242068970225,19.32
20,0,904,897,27,4985dff1a6c11fe623c68e7c981208d67c2c93009e1d8045fccea1bdd71840fe,0.010166528786503759,20.584155988748392,47.91855756427559,6.922323133477343,23.072069892883302,2.48791390413491,2.48791390413491,0.35940447392624636,19.32
20,0,906,897,27,a3dc09c2ab143ed054a5fb8430dbc9e76acbae6e0b9a307085b204babc6efe3f,0.005772304414082045,29.493569270220107,88.26664876808528,9.395033196752701,28.114302584648133,-1.3792666855719737,1.3792666855719737,-0.14680806940083016,19.32
20,0,908,897,27,927bf14951b0ac300bb51627de7992edeb315e89258512bf6053fed0f7c42494,0.005386113670026817,30.969038085050848,96.02281733823021,9.799123294368236,29.525099400520325,-1.4439386845305222,1.4439386845305222,-0.1473538643360457,19.32
20,0,910,897,27,1e4069b7e853baa8a79032b401340ec5279d8d617b644cd77b324149c8a9a11e,0.004994703099375629,22.05622798529324,47.78836519385599,6.9129129311641115,26.373638800144196,4.317410814850955,4.317410814850955,0.6245429181362361,19.32
20,0,912,897,27,01ee7c60c5b349beb8828c6291e869c2420d0670438bfbe9666eea8c9daff4e2,0.004740883407140295,32.28021378559677,101.88028553043365,10.093576448931946,32.91779482746124,0.6375810418644718,0.6375810418644718,0.0631670097403322,19.32
20,0,914,913,28,24b316a865cf8434083ee00148a3e7521ed45c9d175ace388d1da6dc8824193b,0.09325519660514903,62.5181149821216,675.1888851652121,25.98439695596594,74.25944525146484,11.741330269343237,11.741330269343237,0.4518607951241086,19.28
20,0,916,913,28,5ea61bf6f091de4c136c81d75ea061ec79071f6e2dc7207854197d7daebe0e15,0.02215624443287409,18.277464635071546,45.18762748045028,6.722174311965607,15.553542029857635,-2.723922605213911,2.723922605213911,-0.40521451524475843,19.28
20,0,918,913,28,ba933d9092c3e3682eb0b347a29cdcbda5a2448e5fbee0edd874b73a5b25a3ea,0.014730492970021145,17.487290951844546,37.3472881004159,6.111242762353325,3.5748874594569204,-13.912403492387625,13.912403492387625,-2.276526073893065,19.28
20,0,920,913,28,40bc998c363f67b86e79f4b84b11ac452a3b37547cc2e8e2d85f65aef977a6a0,0.013333657633981102,20.065129544686503,48.38148287052286,6.955679899946723,4.217538177609444,-15.847591367077058,15.847591367077058,-2.2783669741901784,19.28
20,0,922,913,28,3409a6da5b15068f3d1bcdb28f3d0a5653eb6c8fe1761d710a08e10c6ff8af12,0.010180533437141426,20.505621176237995,47.64033358018333,6.902197735517531,23.96256023359299,3.456939057354994,3.456939057354994,0.5008461347848926,19.28
20,0,924,913,28,e85994e32e58b03427cf02e029286f3bc3820742c0be54e3de1034265642ee80,0.005125240787648297,62.90493908969359,377.8190426639548,19.437567817604002,40.63006231212616,-22.274876777567435,22.274876777567435,-1.1459703696773096,19.28
20,0,926,913,28,85fea7a6d3e7ff34e8a06083c65e5ff15506026c940e6138f24523b94981d553,0.0037098793066523486,23.05062709587873,49.57116237315853,7.040679113065623,27.995574565649033,4.944947469770302,4.944947469770302,0.7023395599145823,19.28
20,0,928,913,28,504c83596aecd6a21457ecbb9ca85d59d5940b04207d0bcc746fb0d90a00db28,0.003680065968331696,30.368424673090118,86.39919098008049,9.29511651245322,33.80740769767761,3.4389830245874933,3.4389830245874933,0.36997739834461285,19.28
20,0,930,929,29,fe57fa81ed99a86323d6c1731839b483b07a7fa3fcc4cbfcd2e5c376a8cb9cef,0.3792313069963609,19.85775216048955,140.0526186247491,11.834382900039575,16.415288376808167,-3.442463783681383,3.442463783681383,-0.29088663200764536,19.52
20,0,932,929,29,125e3f099d9a9077eb458fe701f596aa7083b1973a408421c0f49a4c1df297d0,0.21274572830668093,19.256206671898195,103.03790706796717,10.150758940491453,13.529115974903107,-5.727090696995088,5.727090696995088,-0.5642032020039093,19.52
20,0,934,929,29,a9339166603f05010c8b5bb33ba0dbd4183a28ad9b0091a539c938e970740e7c,0.16126391060864775,19.83381076024134,97.68129311059042,9.883384699109431,4.12268853199482,-15.711122228246522,15.711122228246522,-1.5896499738254866,19.52
20,0,936,929,29,2988e64ba036da620d014d2003c08a95bf928dd39ae2e232642d43f30b56e7a4,0.04861491326548595,24.08693514189256,96.0825684058858,9.802171616835006,25.87626713514328,1.7893319932507197,1.7893319932507197,0.18254444659768893,19.52
20,0,938,929,29,17e909709c6059a54f2c19985093914303513c648d6999a5e0aad7087b5ef339,0.03682984173806958,20.063883994040406,62.28884936846067,7.892328513718918,19.683926904678344,-0.37995708936206185,0.37995708936206185,-0.04814258411843826,19.52
20,0,940,929,29,774abc2e7123216a5ad8910bd2f1248201b62a47309ca776fed7e1883ff7c897,0.025619387060063586,21.17110341105129,63.016182150475714,7.938273247405617,18.94692378771305,-2.224179623338241,2.224179623338241,-0.28018431137592126,19.52
20,0,942,929,29,2d2e0211ee6a87e246431de538f948996f5c86234380eecf582de0a122057427,0.02091332803355142,27.57664105948676,101.00824063308777,10.050285599578142,8.522170061230659,-19.0544709982561,19.0544709982561,-1.895913385690841,19.52
20,0,944,929,29,c83eb358f5b3e84c3c470857b874e296575259302494ce910ceea49047a2100c,0.020296099834350934,19.714179865868125,51.55600317795539,7.18025091330069,20.918162727475167,1.2039828616070416,1.2039828616070416,0.16767977556004135,19.52
20,0,946,945,30,9072480c5a464eaae47c7c6a3fafee23fb0fac9039c58e860bdaf0ae4a3cbac4,0.05216762321014695,19.24549038153258,63.282427525227334,7.955025300099764,18.884858409643172,-0.36063197188940777,0.36063197188940777,-0.04533385605761494,19.43
20,0,948,945,30,38808f5c029f5593362b6176d50bd1874273eb775cf1bfcfda8d29911af933a3,0.018957091339109805,20.055115372379756,52.45906095619472,7.2428627597238595,27.312406646728515,7.257291274348759,7.257291274348759,1.00199210106605,19.43
20,0,950,945,30,8dc7ec4cc17302c38bf07387293cf287fa7993b2928a37ae40d0d0b5eee9e753,0.005285594154403321,28.46893116687707,81.0071925720832,9.00039957846779,34.29164914703369,5.822717980156618,5.822717980156618,0.6469399418762101,19.43
20,0,952,945,30,3d23c23ffc116115f5c2560eeb5a1475143dfb894c9307657a5760f01e609708,0.00527957443446838,28.8861048125996,83.37557434379949,9.131022634064571,37.24047599983216,8.354371187232555,8.354371187232555,0.9149436511158555,19.43
20,0,954,945,30,892de6a4478a90fa96634ff7dcdb9532b36e14a4568ab3e862d6c8e982c7e380,0.004260471919230978,62.30622234804573,360.01392119900737,18.974032813268963,76.4764142036438,14.17019185559807,14.17019185559807,0.7468202461254594,19.43
20,0,956,945,30,eda34359eb1e927d95f49e5b433a0b1f5ea8e783604412379207e9e99e253c38,0.004147610998349663,19.73376351790589,36.70557748660424,6.05851281145829,12.03457264995575,-7.699190867950138,7.699190867950138,-1.2708054117487184,19.43
20,0,958,945,30,993d3c7d8a62ee6812ccf74ef7c1f081ad485412bb6c97b08a0d98c98df0dfba,0.0038592079874356228,62.90066212905841,360.93634233509323,18.998324724435395,76.0039648513794,13.103302722320983,13.103302722320983,0.6897083249381293,19.43
20,0,960,945,30,909c90775b29ba453ad60eecce908765727a6bf01eaccce597b9b5890dfe99ea,0.003722771452119071,63.02523734885663,360.26952256460993,18.980767175343832,72.87609877777099,9.850861428914364,9.850861428914364,0.5189917424260233,19.43
20,0,962,961,31,3ed4c387fb0ac2a5d65591653ac8d2ac20e2e52e5c8fd1af0e054d47917d98f7,0.01092393798494598,27.089863418887216,84.54950231844212,9.195080332353934,29.115753353118897,2.0258899342316816,2.0258899342316816,0.22032324471417156,19.69
20,0,964,961,31,8d1037bf3d2e31f3b81ec07ffcbb2627c56758a5860153fffc2daf99447e32fc,0.009709810770381813,17.47697890666811,33.87387683232564,5.820126874246441,3.0213730488419532,-14.455605857826155,14.455605857826155,-2.483726930729116,19.69
20,0,966,961,31,b592e0a76663a39c4937418b25429b4587d959d345f80e3e38a968bb0da06fd2,0.008150448435135862,26.338588081152547,75.32660532174678,8.679090120614417,33.15262615203857,6.814038070886024,6.814038070886024,0.7851097265024873,19.69
20,0,968,961,31,c236975094048a3626381535f4fc7b5ad1bb2d7fe8fb6093c42a95801f4bebcf,0.006298298639938957,28.92835622295534,86.38020237244467,9.29409502708277,32.89398712444306,3.9656309014877174,3.9656309014877174,0.4266828443148003,19.69
20,0,970,961,31,41a8a885a87aad6c95b57d06d3c9bda5452d84b525eed12d2999cfc8dbb659cf,0.00374324016891725,24.72904404744421,57.26469766587428,7.56734416198142,26.37876743888855,1.6497233914443399,1.6497233914443399,0.2180055982827639,19.69
20,0,972,961,31,3a16358ee1dbe0a43d3f5adb3872380e5935886f8a820a4b5e603ba56888cc53,0.0029914627833572127,24.015668978855686,51.847376331868574,7.2005122270480575,18.061882387161255,-5.953786591694431,5.953786591694431,-0.8268559796801098,19.69
20,0,974,961,31,df74199905bc5d698aa7adfad7d186a5e230320d0329b9d80967699a3b08398e,0.0029320761051588318,27.17494124167526,66.42744745394785,8.150303519130306,22.712623000383378,-4.462318241291882,4.462318241291882,-0.5475033206822268,19.69
20,0,976,961,31,edb456b2786f8402ace98bd740dfee58fd49edd29c33ba21f6f131b3349a6e15,0.002537384850980571,19.87777772577027,34.05525040564541,5.835687654907981,21.31707133889198,1.4392936131217127,1.4392936131217127,0.24663650596707748,19.69
20,0,978,977,32,b1de2bdea91b256e7cbf743bc164fbd35026ce7997070f492b53f59de486a19d,0.741510773625178,16.790411616599673,149.5962807923993,12.230955841323249,27.47456027030945,10.684148653709777,10.684148653709777,0.8735334173648586,19.64
20,0,980,977,32,5375f1fcad63f30c158d3adcb98e4584aee3271a92cbdc444f1da569841c79bc,0.2554130810461507,19.8593889047955,117.49994491743786,10.839739153569973,27.874815432548523,8.015426527753021,8.015426527753021,0.7394482850736507,19.64
20,0,982,977,32,9b258c776c74e27b6f59750b396a132d26a70f6db6c2c11aa94ed1be95d04f8a,0.15947449972081829,22.02478630089728,118.1384261427385,10.869150203338737,26.655979961395264,4.631193660497985,4.631193660497985,0.42608608528341024,19.64
20,0,984,977,32,33abb32f575b8d8f035de373e46dc51388c1c9eef03537fbe713c5abdb43b4f4,0.06187572296997934,20.06272348272035,72.24879316230017,8.499929009250616,24.2099812438488,4.147257761128451,4.147257761128451,0.4879167527887492,19.64
20,0,986,977,32,60d317d01e5d07fbf48330bde60ab7831d3867c6011db268c7ac7f91f26c0d9f,0.02923907214659971,19.045514280197516,52.73993167952924,7.262226358323544,4.76704093503952,-14.278473345157995,14.278473345157995,-1.966128930805473,19.64
20,0,988,977,32,f31d2c63089ef6565754c825522b76de29826818b0c89de9af8105d64a174137,0.022809180497289056,17.295544463260427,40.659472216055896,6.376478041682249,15.784894726991654,-1.510649736268773,1.510649736268773,-0.2369097370670521,19.64
20,0,990,977,32,ada59b47fb20c72b157601e4e8591c3bb2b065566d05cdf785fad2f10d788b2f,0.008380606886139258,18.273552142827327,36.02634643655079,6.002195134827823,3.56962232786417,-14.703929814963157,14.703929814963157,-2.44975871071625,19.64
20,0,992,977,32,1db9e0572715607d90c920a460414f2c05c79638ab7f8cb58f7db258ecd8f824,0.006656880445412863,18.397522864335603,34.81547271152659,5.900463770885013,25.610224942922592,7.2127020785869895,7.2127020785869895,1.2223957910185004,19.64
20,0,994,993,33,369b24672adea34fa45d3024e556d5f10054708a11ee780e1bf241657fba5e79,0.09118941578859396,19.030201758432614,73.80043963743655,8.590718225936442,14.259096480846406,-4.771105277586209,4.771105277586209,-0.5553790907937884,19.73
20,0,996,993,33,760d0e593522c3747c2573c7a39d2ffecf45846333a6e10b4e1423b7ca4b4e84,0.06984595014304557,16.911838790748007,53.70053244035596,7.328064713166496,13.244545247077943,-3.6672935436700644,3.6672935436700644,-0.5004450270589119,19.73
20,0,998,993,33,71b0e3cac85a38d4d752611a140fbd3620e4e30c86fdeb11a66cde663796df5d,0.047250577041567876,13.884578726930132,31.821014147954465,5.641011801791809,6.467562363088131,-7.417016363842,7.417016363842,-1.3148379447612681,19.73
20,0,1000,993,33,d8bee14d63a8e4b6ec2adc438ec3a4c772473abd6cdf47df7f62218aa3ecafc5,0.04026637766604674,14.949677126729425,35.2971031070579,5.941136516446824,19.745266682624816,4.795589555895392,4.795589555895392,0.8071838683759884,19.73
20,0,1002,993,33,57025173e11af157e860c428f033ab300b4081394908087201e041a909d808b2,0.038871332316645774,15.757775434636084,38.911889056602874,6.237939488052355,20.435867996931076,4.678092562294992,4.678092562294992,0.7499419594010222,19.73
20,0,1004,993,33,10a89c0cda52c0261724edaa89cb5bb1d78acd0baa3376185d3eca0039f7b5e2,0.024274287385495086,17.926459519061947,44.476628697793814,6.669080048836857,12.615979586243629,-5.310479932818318,5.310479932818318,-0.7962837293795131,19.73
20,0,1006,993,33,81aa6c6acc8a702ccaa4f97fe6e3b05400919b458d69fd7e43f2b313fb71af8c,0.0220872711410188,17.36909397714088,40.70102347404039,6.379735376490187,4.35377967441082,-13.015314302730062,13.015314302730062,-2.040102533201062,19.73
20,0,1008,993,33,dab4dd0ae873a1906c00d0617d76db747f66016f93dc9da6d7b58005e123524f,0.00931003868257009,18.683937183382078,38.60886305020076,6.2136030650662555,27.378950812339784,8.695013628957707,8.695013628957707,1.3993513164434799,19.73
20,0,1010,1009,34,433943639fffa19a6dceba0ef78d5863aefc9dcd2dcf986950bf71842e0e833f,0.24612305794585554,15.365314525672327,72.18856193783965,8.496385227721237,6.7790284097194675,-8.58628611595286,8.58628611595286,-1.0105810748714996,19.68
20,0,1012,1009,34,0e2460a3802feb15ac8f8dd68de73c76d2b016e2aee8a1944a933a99265f10bd,0.08341834856813413,15.87551583707384,50.255075826298544,7.089081451520961,14.675296307325363,-1.2002195297484768,1.2002195297484768,-0.1693053659992819,19.68
20,0,1014,1009,34,2804c287af05fc398cade6e7bb0acda3974d96daaddc091513090d703157cf21,0.05699240100325226,15.241292191783186,40.8405264414296,6.390659311951279,23.652435572624206,8.41114338084102,8.41114338084102,1.3161620687729667,19.68
20,0,1016,1009,34,7974dc72e33227965f733a91226a4b54b0bf564bd2f6a78d36d06c623c853bc1,0.03999566767504126,17.19468073053429,46.811018287843225,6.841857809677371,5.095224920272827,-12.099455810261464,12.099455810261464,-1.7684459611463361,19.68
20,0,1018,1009,34,b4974288d851c4a2b9feb5107461bdcff5cfc41f5c611bcc4ee68bc50d926581,0.022352593435401635,18.18829294213306,44.83448784119112,6.695856020046363,3.1287641659379006,-15.05952877619516,15.05952877619516,-2.2490819293469344,19.68
20,0,1020,1009,34,dff46fbc9ff6850fad646f2ae417bee8ff235f20981a747cb3a232195a1ec943,0.01978092479681212,19.883693485767914,52.103018761033326,7.218242082462552,2.9534235400557516,-16.930269945712162,16.930269945712162,-2.3454838106422007,19.68
20,0,1022,1009,34,a0aa4be32738b0f28bd09ef8ea7f78b08d5f70fbd8c86b59353b66fc8bc5b89c,0.013467799517263068,18.169800269667483,39.57310440402514,6.29071573066413,10.902114218831063,-7.267686050836421,7.267686050836421,-1.1553035237961944,19.68
20,0,1024,1009,34,4888a46969c1fca28b9b08f7802a53fc43ad09f7fe1b53057269247d91657e80,0.013157373036837172,17.128296923580045,34.83214754885471,5.901876612472909,25.865023233413698,8.736726309833653,8.736726309833653,1.4803302209621985,19.68
20,0,1026,1025,35,b3079b7405d4b3c55546cd68ef2a2995e65a6c9893c9cb02a3312fe7f5159112,0.2453489505699471,14.376239986126382,63.63461810607837,7.97713094452375,12.63548556113243,-1.740754424993952,1.740754424993952,-0.21821810837754504,19.87
20,0,1028,1025,35,4db235b567b9468fd04a2f1a6f94eaccb5d7485639221ef2b852a2f2dd47a539,0.07719146958964584,15.679250115039364,47.73638172518704,6.909152026492617,18.893822103500366,3.2145719884610013,3.2145719884610013,0.46526288264246757,19.87
20,0,1030,1025,35,f6a937a613a6c55ec6b8560fd8348c2667b00b5b174aa1fb1ffda56cec6fd20f,0.0487294666793357,14.044501636767853,32.87056856254639,5.733286017856286,21.98912701869011,7.944625381922256,7.944625381922256,1.385701909372525,19.87
20,0,1032,1025,35,ec511a920dfeeb7ef9cb0d13cda5734fe7192cafe693ff470a108b072e82bf6c,0.042490516269658246,15.928852409742335,40.7995932354878,6.387455928261877,24.288828367710114,8.359975957967778,8.359975957967778,1.3088115286992914,19.87
20,0,1034,1025,35,fa59fa1c6a5818fb4478d108355ad25615040ae080efa8e8e66d04bf7397ec78,0.04149496316385751,14.396259944891344,32.92231357546846,5.737796926998067,12.743573056221008,-1.6526868886703365,1.6526868886703365,-0.28803509599545873,19.87
20,0,1036,1025,35,179ea85f256361c43b98b221f5600b813c6a0442486df5c3917efa3243078602,0.03863084115438273,15.852831171541958,39.29051458677997,6.2682146251368875,17.78743483567238,1.934603664130421,1.934603664130421,0.3086371127708749,19.87
20,0,1038,1025,35,c3e78bf99e7588b6436b5b9a6177b0e306e9720d8f463c52a978c19929d6313e,0.03796466480623706,15.67191279859097,38.18592970463267,6.179476491146533,6.013459729552269,-9.6584530690387,9.6584530690387,-1.5629888847180775,19.87
20,0,1040,1025,35,4cfbf7e776361e9ce16ba430051d470da459af65fb222cc407c4ad8cae692d17,0.025052556736625348,15.72009310720768,34.22376535368286,5.85010814888775,18.21638258266449,2.496289475456811,2.496289475456811,0.4267082610996546,19.87
20,0,1042,1041,36,b313ebc0e8f28b6892c75514459825259c008da55757351309b80fbdaa212850,0.13440071770661977,13.290194406705185,42.20526298897019,6.496557780007055,24.701507593393327,11.411313186688142,11.411313186688142,1.7565168467840135,19.87
20,0,1044,1041,36,ec065d4d2668fa128196516a0eae0466ab8d2bf504544459281fbb6c5799a7f6,0.11713272777848938,21.183719982413226,98.5022787930213,9.924831423909492,26.909210326194763,5.725490343781537,5.725490343781537,0.5768853997850785,19.87
20,0,1046,1041,36,d24995e239aeca78029952d104d2292b8c2f16fdf6555652cedc825409bec05b,0.10942445959475611,17.950018004296066,70.17362510884584,8.376969924074327,18.38601763355732,0.4359996292612536,0.4359996292612536,0.05204741490216493,19.87
20,0,1048,1041,36,16cb9606c7ea64217ed67bd10f6f889fa442a97f658f04f77ec0664fc1bcdd79,0.08962498107464395,14.498967423451418,43.02935337637573,6.559676316433284,2.3797974063158036,-12.119170017135614,12.119170017135614,-1.8475256144536738,19.87
20,0,1342,1041,36,50d135d57c57cf44f913459b938df5dc2a4df322f4db333433e8260e7cf12251,0.0758484801550986,14.613799664403706,41.234755808864485,6.421429420998449,15.178609914183617,0.5648102497799119,0.5648102497799119,0.08795709066472791,19.87
20,0,1344,1041,36,30c1ffcb780a7ad28a3bde1a26c76376db7fdb3668b8aa322a93031df1fcb644,0.04311413233067682,16.27200232345931,42.80075927616667,6.542228922635363,24.24837477362156,7.976372450162248,7.976372450162248,1.2192132902235984,19.87
20,0,1346,1041,36,0d8d3ea4da5e42e8497b628a992ecf9954c38e55988e752b14659787cc6cf616,0.03257882713051302,16.759239684357993,41.94133305703966,6.476212863783869,4.4726662852764125,-12.28657339908158,12.28657339908158,-1.897184922347176,19.87
20,0,1348,1041,36,f822b00b1d6dbcf6bdf3abfbf9d82f659b2a39d745da4d99344f1a2ee9f2a698,0.02496172832181326,17.522652463392628,42.751558313115986,6.538467581407435,25.22261186361313,7.6999594002205,7.6999594002205,1.1776397610528564,19.87
20,0,1350,1349,37,92b9bc082b332ae0bf4cfaa6e1b2285a1f73c9b78c0dde2599333d95cbd2119a,0.5350436276888724,38.30300875811425,510.0433926943138,22.584140291237873,59.604716806411744,21.301708048297492,21.301708048297492,0.9432153614703707,19.97
20,0,1352,1349,37,2b02f794d5fd7227042bf580241f2a3599631d2677778668840ae2b2823f5588,0.3166222003820738,40.69058023779986,460.3802452263715,21.456473270935547,62.547350160598754,21.856769922798897,21.856769922798897,1.0186562184199015,19.97
20,0,1354,1349,37,c0f0b0d1d46772ff28838252248412c252d9cd83963949c4a41b30bf66ab93b0,0.26587233061172466,17.358354021777743,95.80551484206444,9.78802916025818,24.722152451515196,7.363798429737454,7.363798429737454,0.7523269811696411,19.97
20,0,1356,1349,37,4b5e9ff7c78535952aebbf38b29002d151453a3f4145d8265c0e56762666a42f,0.24619228595893428,40.50977565534082,417.8005329691482,20.44016959247521,56.5628262424469,16.053050587106085,16.053050587106085,0.7853677786027672,19.97
20,0,1358,1349,37,d15530577b0f6eb6ca242481c8d9d24a6e955149112b4fb0cb0f9f406caeae96,0.24151189907036064,12.677869485153051,51.510384380153965,7.177073524783898,16.11634317803383,3.4384736928807786,3.4384736928807786,0.4790913289388813,19.97
20,0,1360,1349,37,1eb84f38ac3b7135a2a7f82751095d6d3572ec17a1ffcb008a756ff2adf07932,0.23510958757918243,40.205556398092796,405.826839331518,20.145144311508865,55.656658782958985,15.45110238486619,15.45110238486619,0.7669889153407066,19.97
20,0,1362,1349,37,87fc2879bf924b3f58147c1632ea0ae808a0641a591ad40af5f343799e93e2bb,0.19929629897018586,43.18641539209482,435.841864993315,20.876826027758984,43.782170011520385,0.5957546194255627,0.5957546194255627,0.028536647219908545,19.97
20,0,1364,1349,37,46ead47fad723686d7f1b82a6613d8fd9888b650d1d79df9863b24dab855829e,0.18724744199557575,18.336672302457597,91.42203347338453,9.561486990703095,4.075459298849106,-14.261213003608491,14.261213003608491,-1.4915266859093228,19.97
20,0,1366,1365,38,03fcd6227d0516700649e88af000a0b63634ff448999402f25bd9d23ec480f73,0.6033391201823597,41.332973556422246,609.6927373335877,24.69195693608726,50.91049536895752,9.577521812535274,9.577521812535274,0.38788022501925473,19.95
20,0,1368,1365,38,c2f104055e0ea5a60657d2bb969ae483b754f15b4aa0000bb5608bf4dfd25c5e,0.41883708374057393,42.84331711728802,558.7771400931553,23.638467380377165,50.835651475906374,7.992334358618358,7.992334358618358,0.33810712979019014,19.95
20,0,1370,1365,38,b7987baa5a1a62c0c1341fe893e5b99c38bb0f64bc7b79e21d8a5d5d5490408c,0.23766946520619636,44.80709898419742,492.8801224602524,22.200903640623558,49.78860551071167,4.981506526514252,4.981506526514252,0.22438305247174778,19.95
20,0,1372,1365,38,f45f2555c1825260cf16d2ad2c3063b78a9b240f4808e85a6d23b99453dc2b25,0.14617259498392354,18.84525649833729,87.44823877185522,9.351376303617304,27.5325471200943,8.687290621757011,8.687290621757011,0.9289852466311926,19.95
20,0,1374,1365,38,3ba76f2c30ee2be5e79a5a249ab996a5f2f10ce410ae44c558620782d4f2062a,0.11877258634013954,16.24152116447815,61.20315876799007,7.823244772342871,9.39195812344551,-6.84956304103264,6.84956304103264,-0.8755399121918772,19.95
20,0,1376,1365,38,1fb7ef8564841bb72c3960c1adb3a02da4cc6c2c31fce1331027e64e58df0bbc,0.10401465441323543,15.243555690949337,51.61593326406839,7.184422959714189,22.217539028167725,6.973983337218387,6.973983337218387,0.9707089040169521,19.95
20,0,1378,1365,38,1d641adeeba005ed499e9022c366e536f08da564809ade26ee9e97bcc2682678,0.08667054896764503,15.077612654603149,47.350787103413296,6.881190820157024,9.927437633156776,-5.150175021446373,5.150175021446373,-0.7484424071426709,19.95
20,0,1380,1365,38,1d25d62a5a46dcb6112f868392eb393c10bbb8387a62465045ff7c1351602803,0.05992702609717809,15.737792049083257,45.55499592790554,6.749444119918731,3.1016540163755417,-12.636138032707716,12.636138032707716,-1.8721746277469538,19.95
20,0,1382,1381,39,333f26f144a67dd2c1e3699fc988208444cc77a99ee3b53815423f4f6f4636c8,0.2880686198882746,17.04578819573909,96.1177580675201,9.80396644565454,27.5435515666008,10.497763370861712,10.497763370861712,1.0707669624384208,19.99
20,0,1384,1381,39,91d38fe73a95f587580f9292875344bff8ccf2636114f914c1a9f665abca4cd7,0.14397236467507557,19.3401352190097,91.26186798197801,9.553107765642446,26.124371110439302,6.784235891429603,6.784235891429603,0.7101600921774343,19.99
20,0,1386,1381,39,22e4d0ac3e896cb13636e1fbd570d8ab848c4015668135e3286ee4408752c284,0.12871279047426087,13.904209654392695,46.82171384810175,6.842639391938008,14.743400107502938,0.839190453110243,0.839190453110243,0.12264133838456787,19.99
20,0,1388,1381,39,b8810177591c3d90ce28955e0c8e4765a6801cdc135f9161193e524d0db52e57,0.12725597829505209,15.938976568105504,60.58890112183187,7.783887275766002,15.555424262046815,-0.3835523060586894,0.3835523060586894,-0.04927516194290526,19.99
20,0,1390,1381,39,34eebd0d0120a54d03507e93211cfbdad9632f479f0c67dc980ad109fa752409,0.1213992761093392,23.916335862825754,127.40848793681602,11.28753684099485,34.413327187538144,10.49699132471239,10.49699132471239,0.9299629735505002,19.99
20,0,1392,1381,39,3af371793f732a1a31f97e49829432a8b3470d645796d59daab65fc58636ccba,0.10246530022523503,20.21805800310978,88.00246313566674,9.380962804300353,23.892547135353087,3.674489132243309,3.674489132243309,0.39169637583030137,19.99
20,0,1394,1381,39,161d319f5fe0e1f8bb05b947a809594c043c4967fc36b93c12e8b5563ae92d02,0.08916845092295583,14.670209882623515,45.333394049929694,6.733007801119029,15.728733023881912,1.0585231412583962,1.0585231412583962,0.15721400784393405,19.99
20,0,1396,1381,39,8ef9946734a85116206b1dec3b8a85d57d01bb014bdc8b80a8318ba0091274e7,0.07794017589001245,20.447525035184587,82.24327715742348,9.068807923725338,27.227746423721314,6.780221388536727,6.780221388536727,0.7476419663491459,19.99
20,0,1398,1397,40,900a81fbceb40f7a405de012035d590e020fa1024ecf7253909d8afbe4eba17c,0.32573729309826704,13.77254038100789,69.39129666077244,8.330143855947053,19.9587425904274,6.186202209419509,6.186202209419509,0.7426284967459544,19.99
30,0,3,2,0,3b66a40c01031616e6192664d07a5d2f1ee26689ced6c8b0abd559051fb37c05,1.090511378582061,82.95517541683338,7.472058634900834,2.7335066553606255,80.79681925582885,-2.1583561610045336,2.1583561610045336,-0.7895924294794835,0.48
30,0,5,2,0,3d1430dfa0b29d8f774760f9cf93251ae02893d1623cf85a53a80da05126c562,1.090511378582061,82.95517541683338,7.472058634900834,2.7335066553606255,105.12153301811219,22.166357601278804,22.166357601278804,8.109128820962919,0.48
30,0,7,2,0,08d63fabc1ab71731dc9d4417641ad25cbc263d80942fb311a689e1cae40fcf8,1.090511378582061,82.95517541683338,7.472058634900834,2.7335066553606255,104.39297006607056,21.437794649237176,21.437794649237176,7.842598300317266,0.48
30,0,9,2,0,11c2d268a22864b9b7698bacdde3f8f367ec6aa8b52d27fc2bd88d317773c20c,1.090511378582061,82.95517541683338,7.472058634900834,2.7335066553606255,104.87138712882995,21.916211711996567,21.916211711996567,8.017617834958301,0.48
30,0,11,2,0,1c5f266ef831c03278bb5ccf9e0cd683650810ed846479ecab86c5892ae777f0,1.090511378582061,82.95517541683338,7.472058634900834,2.7335066553606255,80.4868258228302,-2.468349594003186,2.468349594003186,-0.9029974699942854,0.48
30,0,18,2,0,b66b554dce1952458f969a2d221a59918ca65e81c082fa03873a753556495289,1.090511378582061,82.95517541683338,7.472058634900834,2.7335066553606255,81.57145996665955,-1.3837154501738382,1.3837154501738382,-0.5062052610921073,0.48
30,0,20,2,0,5ab405451036ef8dfb0a4759f5cba3487b67a48681782fb634c22aac2fb611d2,1.090511378582061,82.95517541683338,7.472058634900834,2.7335066553606255,104.23079085731506,21.275615440481673,21.275615440481673,7.783268205606336,0.48
30,0,22,2,0,0312598235dc91749c3e441993b8f9a26014d9bd30aa17e6165bfb1c30e4712c,1.090511378582061,82.95517541683338,7.472058634900834,2.7335066553606255,34.86720773601532,-48.08796768081807,48.08796768081807,-17.59204338738803,0.48
30,0,32,31,1,0ff3115f913523bfa42c56254db59e9fcbcb93adbf8f4d49751cbccab0befe30,5.867046914694676,43.86710727894822,579.7601330353418,24.078208675799406,75.79932287025451,31.932215591306296,31.932215591306296,1.3261873431390607,7.5
30,0,34,31,1,433118ec266b7150c23987966b267e4c155e6780825a38e2968a84bc50ea24d5,5.748559779885703,44.78756847571402,606.8322396706043,24.633965163379692,71.63985676574707,26.85228829003305,26.85228829003305,1.090051403090846,7.5
30,0,36,31,1,7dcd6f65fb12847a396466390c2e6a2a2c0d4d840ffa4c16ec87db1522de9c8d,5.7322326803571215,43.63237346184734,551.876953732437,23.4920615045261,104.19908767032624,60.5667142084789,60.5667142084789,2.5781779175407746,7.5
30,0,38,31,1,d21c5bc39ef7b782e27ce8514cb02e938313f655b227f9cff8ab389186eb3fbb,5.647742039115961,43.45325863864943,533.330307177241,23.093945249290798,103.30426405143737,59.85100541278794,59.85100541278794,2.591631909001167,7.5
30,0,40,31,1,0c9f4c32ca4e04f0d9999b8ef751d465d3bbeb1f0db9c906894494b29660f35f,5.629386305870212,42.2966301000791,480.5133056423583,21.92061371500256,104.37396253204346,62.077332431964365,62.077332431964365,2.831915804869933,7.5
30,0,42,31,1,402f1f5424224fe83c6ec64f9aac175be81b1aee943d5105fcc0d1eb04625bc9,5.627744892094213,42.68974197514574,497.34972358101237,22.301339053541433,67.3262822189331,24.63654024378736,24.63654024378736,1.1047112545412423,7.5
30,0,44,31,1,441f2775cd6924974c2bfe58195a5c11315cecab00ba72dc291b7352c0d45039,5.612005715002496,42.13406510984484,471.5215804990453,21.71454766968553,64.76931137466431,22.63524626481947,22.63524626481947,1.0424000816935863,7.5
30,0,46,31,1,7930a43faf2227448286425687c51fe9c2aef4205aeedbada20e5e81677ba2c6,5.590237358995638,45.67110678704279,626.3141970955536,25.02627013950648,104.72771581459045,59.056609027547665,59.056609027547665,2.359784686185453,7.5
30,0,48,47,2,43f275c2b4a3871405b500a5d438966244c585f3a7f183300a72f04a90c3f850,3.8350453011191314,54.56390650559483,759.6139362354235,27.561094612431912,32.46351486587525,-22.100391639719582,22.100391639719582,-0.8018691547087834,8.59
30,0,67,47,2,786919d3bf96d78d38483e498e8ab34c54d41003d50970608a3b3a46b7402a43,3.7662171772929245,49.09570494477317,530.3652807586058,23.02966089109012,77.99839016914368,28.902685224370508,28.902685224370508,1.2550200092417594,8.59
30,0,69,47,2,dea8b8fbe4abd764f64d4b0d5cae6a21dac9b5b0014c4cf0764a1bbcd9c76c04,3.6715600251811438,56.03683055034676,792.0290173008511,28.143010096662564,31.563670106887816,-24.47316044345894,24.47316044345894,-0.8695999596134592,8.59
30,0,78,47,2,f6ec30406409649c9cf485278b567e061107963fe8fe77dc1a4b5477521f5055,3.6154508880141414,59.7605386176113,942.5978130838932,30.701755863205825,34.55683033084869,-25.203708286762613,25.203708286762613,-0.8209207446981139,8.59
30,0,80,47,2,2a810c0ebee2be861a20cfd0e1fd50589441abd0b0793157040efb558e99b1df,3.604422844062025,59.733298943081415,939.0260777994903,30.643532397546636,32.720669298172,-27.012629644909417,27.012629644909417,-0.8815116121231534,8.59
30,0,97,47,2,1091bf4b5f2c779dd1495a43ea23cf4f560a97863e635e6250994f53d7473d59,3.5489891755173595,54.6402056149488,712.0463246029706,26.684196158081484,34.88285779953003,-19.75734781541877,19.75734781541877,-0.7404138276593776,8.59
30,0,99,47,2,a31df7e67d23d60ba85170ae3258cd294fce85e39d7f2f75338e116212e5c959,3.469914444067215,55.84557097994841,746.6477722232964,27.324856307459267,32.41447392463684,-23.431097055311575,23.431097055311575,-0.8575011993353189,8.59
30,0,124,47,2,be8b45274cc91df6906bacc508d79b4a0332fbbb868511b3c4b9d6053d4af251,3.434127950938236,60.19275397768055,922.7019782978056,30.376009914039162,31.554338722229005,-28.638415255451548,28.638415255451548,-0.9427971394694425,8.59
30,0,150,149,3,0bc2557805bf1de74771999e5d6fd1241f84d7eb80a85b29815d52b13d548b07,5.238355777885712,50.07763723777467,928.1050403312216,30.464816433571723,32.375499584197996,-17.70213765357667,17.70213765357667,-0.5810682526899853,13.71
30,0,153,149,3,26991bb2ea9b11e46a91562745f144a4e3f58cb1dc2fdf7ac4fa9b2c4e022fd9,4.907922750776883,53.97554689128069,1063.2024178505208,32.60678484381005,34.617203795671465,-19.35834309560923,19.35834309560923,-0.5936906440894968,13.71
30,0,156,149,3,14bb6f360b0a717e18c1473be0778d3a2fe485c355c415080658544a49d7bdfc,4.81800788586414,52.05508918006021,948.6905202583939,30.80082012314597,32.29682630252838,-19.758262877531827,19.758262877531827,-0.641484960417792,13.71
30,0,158,149,3,0b3d55f1417140bde8eaf506ffc937e246586beae5e4b8de998a513d84aa3d4e,4.7660417197351395,47.54207593117392,726.3627777199582,26.951118301843398,31.927837908744813,-15.614238022429106,15.614238022429106,-0.5793539936842297,13.71
30,0,160,149,3,dfa12ea251a56456fdfa7ad29afc1808664e879d9e1508f3db427b4b42d19ead,4.669216455826334,53.44931864232513,988.598843553167,31.441991723699168,31.16154788017273,-22.2877707621524,22.2877707621524,-0.7088536552648845,13.71
30,0,162,149,3,244209b3be81360da82bffeaf977facf55b4405bacc9dd60e688c7f25e2f4661,4.561312691407498,54.21192935841563,1004.5965425817392,31.695370996120857,35.835971587896346,-18.375957770519285,18.375957770519285,-0.5797678712379889,13.71
30,0,165,149,3,12d8727e7a887007f47270b578f0cc091eb30c68f4bb9333d4121b0aa3a80f7b,4.4778066900936055,48.985620773210556,744.3077859930968,27.282004801573816,31.448294312000275,-17.53732646121028,17.53732646121028,-0.6428166327497533,13.71
30,0,198,149,3,e28349a657c475704e472b815924818d046f3b8aa135ddc31d349cdb890928e2,4.422528539137822,52.991269856309664,918.2668692606827,30.302918494110145,36.419312066078184,-16.57195779023148,16.57195779023148,-0.5468766248852401,13.71
30,0,201,200,4,23f0e93a0321a476cb08d47e299d1dd3dd1e6e8c33af3992e3588b951c7afb89,4.181040004738935,58.06827218085362,1162.3914553797904,34.09386242976572,35.89490408563614,-22.173368095217477,22.173368095217477,-0.650362455732178,15.42
30,0,204,200,4,639112a1ec5606a5ba132941bd61322f89b7454c5ff787e0f2cbebff8a4df99a,4.110643069167379,39.36582999633813,353.7831470782488,18.809124038036668,34.935648352622984,-4.4301816437151444,4.4301816437151444,-0.23553365030483234,15.42
30,0,206,200,4,14ee465b69d773281acfed76d298fa761a8055564ffdbbd2918cada240350d51,3.9948812679654373,41.70634127179162,423.1244188673396,20.569988304987916,32.37087565231323,-9.335465619478391,9.335465619478391,-0.45383913111971386,15.42
30,0,208,200,4,07dd72be65dc0c27b5c5acd564ddf8771b4b7ae103784904d22ffe9a5511734f,3.985707994409118,42.58466246380064,453.76809340268983,21.301833099587693,32.165776609420774,-10.418885854379866,10.418885854379866,-0.48910747754293166,15.42
30,0,210,200,4,e656417c85f1987fd72afba0b1cef9c47d583a9fb3bd8686d0c527ec1e0ce86f,3.974899411715948,60.41561868598242,1230.7332147996594,35.08180746198319,30.006781853675843,-30.40883683230658,30.40883683230658,-0.8667978941865944,15.42
30,0,215,200,4,164ed086d9855e9fd4967fce04f6198f868372b652323c0b44124adb9caa6c82,3.9607910696814095,53.56408050110859,899.8637447738595,29.99772899360649,33.03197138023376,-20.53210912087483,20.53210912087483,-0.6844554507859879,15.42
30,0,217,200,4,7bfdd8eef19a4c44873247e4250c791e53cfb9d7f98df343198a031fa082ac77,3.882793401278203,43.294477443304224,466.7947518133583,21.605433386381268,36.859516589164734,-6.43496085413949,6.43496085413949,-0.29783993401380654,15.42
30,0,219,200,4,90932d29d1d391d7cd0ad81f4692b7dfa8745662ceb341b650aa1810c8fde3ca,3.8652671223513106,59.40615619445853,1153.8474023007195,33.96832940108653,31.320456434249877,-28.085699760208655,28.085699760208655,-0.82682016617839,15.42
30,0,261,260,5,199ee0d078ea87e2d7907ee5e577af2a6c99dcb7a3dbe59835b9f3369b9edf60,4.672945844724381,49.78920776306657,865.2835154980286,29.41570185288851,25.054323812484743,-24.73488395058183,24.73488395058183,-0.840873492472965,16.44
30,0,263,260,5,efa2ed9135968bf1785b49bc497234776d7fea70a000faa48b5b39c55fd1dadf,4.581545816522257,46.38139864941672,694.4072981838327,26.35160902457064,19.498169199466705,-26.88322944995001,26.88322944995001,-1.0201741163085594,16.44
30,0,307,260,5,b9340b64de2c52cfbc2b1e64fa169dca15843463258b7419503314446e759f1a,4.557807965748214,48.90260860000649,803.6054554503,28.34793564706785,29.233779109954835,-19.668829490051653,19.668829490051653,-0.6938363955290722,16.44
30,0,309,260,5,eddea7929bdf4d53dc3f4458efdb8679d7c86747ecf7b1a57c390242f0c72941,4.545409185243404,50.43984588615296,872.7532825491658,29.54239805007653,12.549500564455986,-37.89034532169697,37.89034532169697,-1.2825751402262624,16.44
30,0,355,260,5,2158dc2a64eed238928b0a35bb721bf48ff27a5d93991d5678ea99308d124327,4.52319738436849,47.914673907362484,752.9723528069255,27.440341703537978,31.008494740486146,-16.90617916687634,16.90617916687634,-0.6161067289004118,16.44
30,0,357,260,5,4cf38799aa7a56604f4584c665b46d2bcf5d0f11fb3955168cd2471cda04425c,4.4141445246186635,42.54734618033497,510.81474971848365,22.601211244499346,27.45343147969246,-15.093914700642511,15.093914700642511,-0.6678365392614101,16.44
30,0,359,260,5,e51bf57d20bf3a8f8247a22e203b26f63590909c1b4fd303d6234b7000b05e0b,4.412203599788441,44.070269338787384,571.5957536434529,23.908068797865145,25.97307821559906,-18.097191123188324,18.097191123188324,-0.7569490984903097,16.44
30,0,361,260,5,768920f3008f1f102a466b1b9100b79d44cdc2dbad89e7ffe02045a26fa62706,4.380855714242523,48.638646943053566,761.3769526627963,27.5930598640817,28.538016430854796,-20.10063051219877,20.10063051219877,-0.7284668902691747,16.44
30,0,363,362,6,3b9bbda7d3758bce760092b22ed515281a94f8679fe4b749e8899837315b0203,4.247650915511224,30.42723695969825,752.3815316390669,27.429574033131956,26.10567764377594,-4.321559315922308,4.321559315922308,-0.15755109104874657,17.46
30,0,365,362,6,7bbe46bd8570a069fa3ee15b5669c34c988a11002437369841ff8a4fc1cebe6a,3.9469596519778056,29.37664056256303,658.4049160083413,25.6594020976394,18.90403806400299,-10.47260249856004,10.47260249856004,-0.40813899165341394,17.46
30,0,367,362,6,9c433c6a170faee5d7804c1a48267be7b2550aacee66d0d0265206dc9055e6c6,3.932030509523141,29.944972814068855,679.2965679561945,26.0633184371483,26.895725772857666,-3.0492470412111885,3.0492470412111885,-0.11699381445092837,17.46
30,0,369,362,6,953cf3f7310d3a0bc29ab55b9fb3cb187de621f3711f2467ce9ecb22123105be,3.838375539276764,21.612796571657704,355.22814809831516,18.847497130874306,24.56795089006424,2.955154318406535,2.955154318406535,0.15679293106593248,17.46
30,0,371,362,6,c9cd8d6ac4235292bd507c96795a435667cdfa4699140aeb3a0453ec1b4f3f19,3.820063390175226,25.22138018525366,479.3348407490705,21.893716924018875,28.614719145774842,3.393338960521181,3.393338960521181,0.15499145130530395,17.46
30,0,373,362,6,24420c779bf7792fdfc3a0f69f1814e9c30199560b11f76ebe65c72783b64d89,3.801203451710667,28.42888031790691,597.8965947098822,24.45192415148309,27.018892778396605,-1.409987539510304,1.409987539510304,-0.05766366404440133,17.46
30,0,375,362,6,92483be8bf800ef5420f4e35279b3bda43ee72a5392f52bb268085c7e43e93de,3.716421828745249,25.38283141193398,471.7379283026546,21.719528731136286,24.5085504693985,-0.8742809425354814,0.8742809425354814,-0.040253218813267606,17.46
30,0,377,362,6,f29eba17ea392a8a6cbe4cf65884cd810e03042cf244dcfa48df65516013231a,3.654264098264412,26.159962284951284,491.5632409828431,22.17122551828931,13.25852574968338,-12.901436535267903,12.901436535267903,-0.5819000183199324,17.46
30,0,394,393,7,b45a9dbb0b655e17d2aa6e30b3f639c3854a3578c837ede699e4b5de659ca16f,4.466670270839855,22.267050433606993,467.97729197901884,21.632782807096707,25.20123305273056,2.9341826191235683,2.9341826191235683,0.1356359302124089,17.27
30,0,396,393,7,00605606e51d903c1b3f52197064e5fe354940084847b24112f7fb97336f9722,4.416142585015191,26.30184521271229,623.5931947443888,24.97184804423551,9.455176362156868,-16.846668850555425,16.846668850555425,-0.6746264361657567,17.27
30,0,456,393,7,9a8357ceafb5d6edeef48700a45999c90f085191a1fb4d6dd65a2e1a8018d76b,4.282641368907808,26.889555744793462,628.2484959533365,25.064885715944058,25.94282826900482,-0.9467274757886415,0.9467274757886415,-0.03777106692277545,17.27
30,0,458,393,7,014d25b1c49eea16c3b12ba94186bfacf0daf7493b1a04b12cfeb435c063fc1f,4.252723921029011,21.050400261354458,397.7379944455062,19.94336968632699,25.338679636001586,4.288279374647129,4.288279374647129,0.21502280918891745,17.27
30,0,460,393,7,a0c91c302f3c3bdc2cef0889210d9256a7494d6453914633e6c7a3a6e5884110,4.214994347483925,22.21627860942364,435.9732082865732,20.87997146278158,21.11176916694641,-1.1045094424772302,1.1045094424772302,-0.052898034101531766,17.27
30,0,462,393,7,821f1fc4264ad5b2d9b365a17bc5500751b383a83f8b17879abcac9851d46fab,4.138266309239283,21.32552966189387,394.90345040542707,19.872177797247765,24.278360872745512,2.9528312108516417,2.9528312108516417,0.1485912234169221,17.27
30,0,464,393,7,f04f2f85486ed5c6a5bfe2e8e5ddad413340b02f54ef47b6113e68d9375b66f4,3.8285139224978133,24.195229125509208,461.07143354158046,21.47257398500656,27.02061722755432,2.825388102045114,2.825388102045114,0.13158124890001402,17.27
30,0,466,393,7,6023daa326c2e7e41fc2cbc8652da5195fa77c26d81f32bc749b12b0b154645b,3.821267058504591,23.54653307519197,436.9485060664878,20.903313279633156,15.6768230022192,-7.8697100729727705,7.8697100729727705,-0.37648146816229894,17.27
30,0,468,467,8,5ed1734cb01d442a5f75ca55a69590ba9560f4506800ee285dd4ee7fd83dcc98,3.6466780269202808,19.070578985089377,369.18431868554285,19.214169737085776,28.62418852710724,9.553609542017863,9.553609542017863,0.4972168807053989,18.0
30,0,470,467,8,96175e8a871fc7ef5e4a341f3bd21923e4c0edae1a680cf3bf1cabf1c1999281,2.7391726950518516,22.84922604020594,381.6461321082789,19.535765460003837,15.24010379076004,-7.609122249445901,7.609122249445901,-0.38949701075313825,18.0
30,0,472,467,8,29de8e8982d583a1d44796bd41119217c8e68483d6dcbf8c15925ae911ff1f1c,2.5188740103995597,45.25395745556592,1165.690603701323,34.142211464715096,76.27929414749146,31.02533669192554,31.02533669192554,0.9087090543033292,18.0
30,0,474,467,8,2368ac06ca1c2861108dbca1a0951f870a5f016a989355d3cf3819facb486705,2.4608949413695793,48.28178056457652,1280.5782156531177,35.78516753702737,74.43886046218871,26.157079897612192,26.157079897612192,0.7309475321178007,18.0
30,0,476,467,8,c64dba7afba58c6273ecf00726658c78e55c0e51aea3fc35c47bc7cb6bc4e5cf,2.3994948993578165,47.51705830641108,1226.8982786868398,35.02710776936686,59.433282356262204,11.916224049851124,11.916224049851124,0.3402000567192853,18.0
30,0,478,467,8,4026c4537dfed9e9dc171f361fc9d5768dfd7cb77c8db85f61ef5487a0298358,2.335780035651422,49.4045788137618,1288.6219337456218,35.89738059727509,77.48399357891083,28.079414765149025,28.079414765149025,0.7822134734610828,18.0
30,0,480,467,8,db29e041609f42c1d143141b3ff65b361823eaad1042bf151875371ef7c36fc0,2.2589449204272563,25.33156917445604,390.6346988896109,19.7644807391849,18.974087141275405,-6.357482033180634,6.357482033180634,-0.3216619812619889,18.0
30,0,482,467,8,06e47c6fcdd3d29ae90b471584a6a1c68067f33f1ebf8f08628b8c658589c880,2.048134113797766,49.70805113044021,1202.9834591075105,34.68405194188693,76.80476803016663,27.096716899726417,27.096716899726417,0.7812442717225462,18.0
30,0,484,483,9,fd55d92566e3845e4425e55f9672c94f12e93f2ca85739ee209e8163bd07e50b,1.76026347683595,16.82189702445045,141.29977148914216,11.886958041868498,23.401877026796342,6.579980002345891,6.579980002345891,0.5535461620348743,18.03
30,0,486,483,9,2b5293b84297080fa7070eae2d19e96e1cca2b2f0e4153a47c3c94d51e87a69a,0.9001725186582998,18.294700456218422,99.34317161497252,9.967104474970277,22.95429746770859,4.659597011490167,4.659597011490167,0.4674975589140759,18.03
30,0,488,483,9,c5ec01050c9b67fd1ba7c275efec2ba4f2c4c4fd0e0a706410300771dd5f818e,0.8063750888920107,18.41864672985694,93.50793477059105,9.669950091421933,29.281826046943664,10.863179317086725,10.863179317086725,1.1233955929848374,18.03
30,0,490,483,9,b6bd5bfe4eb8bff4d7c7025fd08df8f323a5abd57054354a2358b7cb8ff722f1,0.6440706275908816,72.19893723612593,1362.0167814701758,36.905511532427994,25.53038680934906,-46.66855042677687,46.66855042677687,-1.2645414868662725,18.03
30,0,492,483,9,2b6367038f723d5903e372a7dace90a58227cd2fdacbc44b72b924feac502a1d,0.6413690349964063,18.479688018944103,80.99056301361229,8.999475707707216,23.453359294652937,4.973671275708835,4.973671275708835,0.5526623369236218,18.03
30,0,494,483,9,e7f720332a06b0d284d9bc0153346ef2614478e54b3e41e07777a957a83ea83f,0.6233323712495209,67.56148348594488,1189.8228594571708,34.4938090018654,30.557788727760315,-37.003694758184565,37.003694758184565,-1.072763369107292,18.03
30,0,496,483,9,c906ce6fb957003cc00a8f7adc24ae0cbe9b129c957e9f6cf63a36a7a1b164d4,0.5896017194483876,71.28445908212558,1286.4206477905973,35.86670667611674,46.880854787826536,-24.403604294299043,24.403604294299043,-0.6803971302597778,18.03
30,0,498,483,9,4b87683bc8c584f6b3091a3842a560ad5c4fbaf7390f5e4dfbe4162b43ea9390,0.5595630059658272,68.51018876663518,1171.7537202853716,34.23088839462645,20.724863317251206,-47.785325449383976,47.785325449383976,-1.3959709400029856,18.03
30,0,500,499,10,78efbb9fb38a9a92dd522569ed0c3e1449df4037442dd8db03d0f90a233d69d9,3.1006480155477814,38.331963066318266,1033.1732533086556,32.143012511409935,64.73333174324036,26.40136867692209,26.40136867692209,0.8213719441371679,18.57
30,0,502,499,10,1b05b55aa44afd1a9378f8a80264cacd38ca4de9f726c37a661ac7e298e8e4c5,2.908903081954456,32.473637635760156,748.8002698485521,27.364215133062963,38.5615689496994,6.087931313939244,6.087931313939244,0.22247783407401542,18.57
30,0,504,499,10,9c63aa6fd480eee8e551faa895e5cda3502d8e407ea936316943c616efaf67d6,2.5414379767566793,35.98367867341473,804.9537864337883,28.37170749944015,63.54415581703186,27.560477143617128,27.560477143617128,0.971407066147181,18.57
30,0,506,499,10,4564aef9285e8a9dab7dee49eb834425e6c5d4f52c81f50488653b5be3e96ecb,2.4748204184250007,28.085675754227783,514.708293914893,22.68718347250035,24.345019786834715,-3.7406559673930673,3.7406559673930673,-0.16487969835159139,18.57
30,0,508,499,10,795bcc4f5ef1c8fe553d9c90f7a0ba5b293ab1e474eb65d74c95610153d44fb3,2.4602123768745603,32.553673325887004,662.4221100026048,25.737562238926294,46.84970141792297,14.296028092035968,14.296028092035968,0.5554538522072696,18.57
30,0,510,499,10,73fefe4f1013c8db952b4e7090c4cf2c76d52c4886078e6517cba359acf8681a,2.4233075511484197,41.17477911762185,978.8131390275827,31.285989500534942,65.8574583568573,24.68267923923544,24.68267923923544,0.7889371451337157,18.57
30,0,512,499,10,f11b225677548cb63ccfd8cd4d75147556959a9381e088e477cb9e68ff87a347,2.389630486948879,30.7471134423186,587.1241043928603,24.230643912056077,36.96996990203857,6.222856459719971,6.222856459719971,0.25681762656846924,18.57
30,0,514,499,10,cece1ef404addfbc7bfb6554a6cd41364f8669aefa5eca9e3fe5bb0656d50204,2.3066276938850585,41.424326941672454,957.2331789177645,30.93918516893689,59.59933338737488,18.175006445702422,18.175006445702422,0.5874429577398899,18.57
30,0,516,515,11,84d73b57d3d6d9c93495782f10e954eefc9f833c0463fb4444f1b5ed9a330565,0.7651807975315428,24.15738570956482,171.56381246525444,13.09823699836182,26.165998873233796,2.0086131636689757,2.0086131636689757,0.1533498870054184,19.29
30,0,518,515,11,76d099caf7314be1a4c82878a9bc18f8ba493040eee39fde5a8472ef7b2c4ad0,0.6634035122740438,22.596460221461918,135.7558848254673,11.65143273702712,23.038799934864045,0.4423397134021272,0.4423397134021272,0.03796440518395773,19.29
30,0,520,515,11,6e26830484da4e7eaed498a8096b62fd171fd07cb960016f4f91c26393f882f0,0.5499756307817236,21.782160423246747,111.89426399208008,10.578008507846837,27.83187044620514,6.0497100229583936,6.0497100229583936,0.571913892720986,19.29
30,0,522,515,11,f3f48d305005c785b9c1f33606a59f199cff80b3ce81aefec8336e776c8180fd,0.5332193547082598,23.767537233518564,135.1012229186072,11.623305163274653,27.492536378383637,3.724999144865073,3.724999144865073,0.32047675704451895,19.29
30,0,524,515,11,f38ad1c0633a47d5cc0d5df42fcef69cb4b77b38b33734fbf035ea57b48946b6,0.51564384471087,27.538892370624676,185.0655733753482,13.60388082038902,24.830442085504533,-2.7084502851201435,2.7084502851201435,-0.1990939439178865,19.29
30,0,526,515,11,4f25a46759d9c7cec80c00895d82ee80f75009f2e57c5ea428cf66e0bdaf725c,0.5123168574566204,25.02267871087332,148.88408949685478,12.201806812798456,25.017901618480682,-0.004777092392636462,0.004777092392636462,-0.0003915069682652062,19.29
30,0,528,515,11,94018b5d67f0815b98c695ef21f3d440e142481d2b820e03da61e6e29dfb9309,0.48999562498479365,24.47041888394489,138.2583345859362,11.758330433609025,14.55867527794838,-9.911743605996511,9.911743605996511,-0.842955014911438,19.29
30,0,530,515,11,b63a0ab8e8440d4b75feb046aae5c29d59f87b48cf2bd0125f9025a52cf44e58,0.4695158966989641,24.41140406703287,134.52256864911476,11.598386467483948,19.112404484033586,-5.298999582999283,5.298999582999283,-0.45687385895055466,19.29
30,0,532,531,12,bc13706875992759f081ba0233d28ca4a2a1238388467c9813a27c9c9f665270,0.8159728572310421,25.22198996035974,194.8793266769609,13.959918577017593,30.063071997642517,4.841082037282778,4.841082037282778,0.34678440354607215,19.61
30,0,534,531,12,0ce22bbd48c1abe13abdc4e58055a9dd5d9f95989a16722f8d251bf3d647d9df,0.8136172804845878,19.100368700886385,102.95767769881314,10.14680628073746,7.894178384065628,-11.206190316820756,11.206190316820756,-1.1044056629024657,19.61
30,0,536,531,12,c8344a0ea0e6febfcd5b00dc84cfc45207f794b1ab84514e64800b8bcf7ae239,0.8103447619267117,24.159041815843405,176.69446727976865,13.292647113339338,21.81334200334549,-2.345699812497916,2.345699812497916,-0.17646596592066124,19.61
30,0,538,531,12,d9896f1988e1da8faf80fca45fc8e76972ef8f253c78f9d8cbd1e5ea37574135,0.7310975676827598,21.36482825237264,125.61879916840826,11.207979263382327,24.87621458864212,3.5113863362694815,3.5113863362694815,0.31329343619875866,19.61
30,0,540,531,12,3e784aba4186ebed1f4a30e865b13c39eaaba4fde638895d9a85e81a03b90276,0.6002444660067743,17.31146594440289,65.28681798519712,8.080025865379215,5.1494563149213795,-12.16200962948151,12.16200962948151,-1.5051943932002152,19.61
30,0,542,531,12,06fa111c0a4ba5b0719960b22a2d201f8c0202dcc484903690077bdd6038697f,0.5416802563852134,25.70838757942798,162.14648859493028,12.733675376533292,34.30939453792572,8.601006958497738,8.601006958497738,0.6754536066113646,19.61
30,0,544,531,12,b69b20a83735e0efa1a918b34b3b7c9be2f797b26020554b6a8ca1d6a59b0012,0.5389130206149457,28.211176681566812,198.6155000837532,14.093101152115286,50.15556747627258,21.944390794705768,21.944390794705768,1.5571016313476223,19.61
30,0,546,531,12,70cb1b18db2c50bc63d94ff8421c11b69621dc484d30df830a4a3b7bed9602f7,0.39152838028730264,26.05917935750103,142.46786855708046,11.935990472394005,15.05454553937912,-11.00463381812191,11.00463381812191,-0.9219707274041337,19.61
30,0,548,547,13,26ca559555292d390692d0614509cc68db62e39dfc07b823b8259004f51de097,1.1296956817791364,17.19965265486404,102.86644527673117,10.142309661843854,16.67873940205574,-0.5209132528082989,0.5209132528082989,-0.05136041692436334,19.42
30,0,550,547,13,09e5c3448a6ae7159d1549922744096add924ef474622e2829cec594b34f3525,1.0484434741576134,20.41224084162864,144.9948424801054,12.041380422530692,25.878102896094322,5.465862054465681,5.465862054465681,0.4539232100198809,19.42
30,0,552,547,13,a3e522a31c21f6b034a6712a612c56a1529c5f4ce7eeaafc351f70110b1ea607,0.6665366966742081,19.398398582754545,95.11224147135962,9.752550511089888,26.82311143732071,7.424712854566163,7.424712854566163,0.761309859007992,19.42
30,0,554,547,13,cb8a9867c63f7dc01a2c9fb6ef8e71db14224ae1f0ddc59b72f872e59146500e,0.6457335412241396,17.39636693668947,70.48836337202779,8.395734832164948,16.430747139096262,-0.9656197975932095,0.9656197975932095,-0.1150131366576536,19.42
30,0,556,547,13,0f98fbc9113296d01378a3a744260096cc9cf8d9297925a68b2fbbd011eaeaf8,0.5344523623323809,20.63025506614279,97.01636834172297,9.84968874339301,25.15622148513794,4.52596641899515,4.52596641899515,0.45950349669994245,19.42
30,0,558,547,13,ef194f4b60426ba821dca4ab4e0d07ee282fa717436b0b9bfa95e9d7d33dcb17,0.4655773938910135,23.20158918628465,119.4831244968341,10.930833659736757,23.20218187689781,0.0005926906131605847,0.0005926906131605847,5.42219039837496e-05,19.42
30,0,560,547,13,22389b0d58036a150feca619f34000a35d418991a587075484f22d3d00dfe219,0.44208264116386564,20.83679166910163,89.53831987098087,9.462469015588947,23.20482881164551,2.36803714254388,2.36803714254388,0.250255735436772,19.42
30,0,562,547,13,beacc4ed44430f509d81375efa824900ddd49c0768b61e3f1f73c8d5c59e4fa8,0.4241637600182624,18.841220565552785,67.50816455346953,8.216335226454039,25.490868515014647,6.649647949461862,6.649647949461862,0.8093204289002314,19.42
30,0,564,563,14,8b1b9e370446551a20bcaf34b33e00adc26e6a19b41e16cf85a36239537f7fa2,0.5876550676518193,27.09281410849052,188.7504852119546,13.738649322693792,26.532399923324586,-0.5604141851659321,0.5604141851659321,-0.040791068466987365,19.79
30,0,566,563,14,c861adfeeb8fc3200271acd78fd79818072d217e249975a69aa0548321d13057,0.567305891368791,20.866010816887577,101.05848461515005,10.052784918377098,25.095370656967162,4.229359840079585,4.229359840079585,0.42071524203686683,19.79
30,0,568,563,14,2099a1a3309e9b09da17ac4fffb083b3ad0994598b22b5c632a5d57690754d17,0.46316219334384434,52.306024554138816,651.531939428258,25.525123690753354,62.32138925743103,10.015364703292214,10.015364703292214,0.3923728176455555,19.79
30,0,570,563,14,56fac6b8d9e9c397f6d20cf37ea9bfdb6e643e0db9da8761083678b16483e46c,0.3810883686178299,24.798022713807672,124.35258597799418,11.151349065381918,26.673077241420746,1.8750545276130737,1.8750545276130737,0.16814598095883887,19.79
30,0,572,563,14,e201c7e66f5d1786fcdd3712cf485f43d53236301b1f135c9fbcb76983a9cefc,0.3522700679599333,26.367479365782234,138.40801919506666,11.764693756960554,29.93128431892395,3.563804953141716,3.563804953141716,0.3029237332279218,19.79
30,0,574,563,14,938224e13a6fae7e479411cdc0e40053359d207bad6b1791b4e45abca5aceef3,0.34125207653226686,28.299300884877724,160.48371784238446,12.668216837518392,36.34987821006775,8.050577325190027,8.050577325190027,0.6354941211100295,19.79
30,0,576,563,14,0f68d966eb7242fa07b4a6ef37fbd918ac4908a4a8d827ea4a65ade0df75b0a2,0.33894149143879226,25.89374732056987,130.36547881659973,11.417770308453386,28.24552029109001,2.351772970520141,2.351772970520141,0.20597480129539447,19.79
30,0,578,563,14,45f68d88f76810f4b73cd52c193e40936422e2a8fe6f4ed0f1e547c7d93d4cd3,0.3307554620275308,33.88247543070207,235.6349261478346,15.350404755179408,53.02923156929016,19.14675613858809,19.14675613858809,1.2473127871190333,19.79
30,0,580,579,15,de68ca4f396519146b928908aa5ef9d5c5f9673a5e9f2db183301161bc192b7d,0.6911344275698519,22.429411610196563,134.55000939244712,11.59956936237062,26.702675424575805,4.273263814379241,4.273263814379241,0.36839848798541164,20.05
30,0,582,579,15,8e1b33403a8c3c1cff7dd9affabde248dd1e386f6e7f0ff17d8ad4ff131a5720,0.5215828642306508,21.9505050115347,108.8262830477545,10.43198365833433,20.60978185582161,-1.3407231557130892,1.3407231557130892,-0.1285204424799839,20.05
30,0,584,579,15,2dde84a033c5678a0a10ffe8789efadea716aafd2df011bc291176155b642f53,0.4033433009679668,28.730103357007728,178.6620030665786,13.366450653280346,28.95086404323578,0.22076068622805067,0.22076068622805067,0.016516028970927476,20.05
30,0,586,579,15,6d07997b7c4913477bf47a5501b8b868819aba683a28bca8f90725229c027708,0.34815067979914405,24.1609382533934,111.72672148317199,10.570086162523557,26.468705637931823,2.3077673845384226,2.3077673845384226,0.21833004471814582,20.05
30,0,588,579,15,913819fe794243f73219b714db9c41aa616b795d167d99143d02d838fa14b921,0.3320486074206779,29.415503160352838,172.77030892215512,13.144211993198951,27.593285313606263,-1.8222178467465753,1.8222178467465753,-0.13863271892521387,20.05
30,0,590,579,15,ba4508da41b97ba04f94798e508126eea4764793b93b58f0106bc5d6c55a3987,0.2992218891881573,23.381568834974782,96.10279017207542,9.803203056760347,2.62651836681366,-20.755050468161123,20.755050468161123,-2.117170311375762,20.05
30,0,718,579,15,826d5bde3a0e489fdfd5ebdf9a0c2b47ddd20ea492a59625c911c84322fe6298,0.2713693956711387,64.55015501829992,810.4227341910707,28.467924655497296,77.31947965621949,12.769324637919567,12.769324637919567,0.4485513008920286,20.05
30,0,720,579,15,6c31509979b07fce1fa987c70e12a5e20811d597fd368916bda9e204adbfa415,0.2632832143604431,56.9658512333175,628.2323214854505,25.064563061929697,73.90251734924317,16.936666115925668,16.936666115925668,0.6757215784723012,20.05
30,0,722,721,16,ed91004598144009beefb2c2f3eb0503aa43b78e661571b5dda9cb922d7db27e,0.626598926798219,69.89002473435914,1482.7287515012324,38.506217049993786,15.667772910594941,-54.2222518237642,54.2222518237642,-1.408142787783225,20.08
30,0,724,721,16,f600bfe4df97064376f7f56cbceaaf6823de8135707d998a8231fbdf1ba2549f,0.5957216987095655,69.74295574104366,1449.8412464362727,38.076780935844255,38.573120739936826,-31.169835001106833,31.169835001106833,-0.8186047831518382,20.08
30,0,726,721,16,3f39d4e355d7cb3dbda510519510621a04ed036aa3d906728495719354e6aa83,0.5590982915143448,66.58505004320784,1309.2380080863977,36.18339409295924,18.273937734603884,-48.31111230860396,48.31111230860396,-1.3351735932921946,20.08
30,0,728,721,16,ff820738b3dad752b015810fe4449bb0286d1a9087a27adfd08a1f1f160797f5,0.5432147072966909,61.01767512164735,1116.9168682878021,33.42030622672093,32.26269969558716,-28.75497542606019,28.75497542606019,-0.8604043072193451,20.08
30,0,730,721,16,618c59460da5128d70901824e48cb059774dd50697f25cd21badd2326670a715,0.5251740833427143,69.61148678164056,1380.0623517090544,37.149190458327006,32.040010816574096,-37.57147596506647,37.57147596506647,-1.01136728691876,20.08
30,0,732,721,16,f5e855c6224a6877b1e82c626389188664c8062c5697e0f0cc2cd80fffb92a81,0.4895066339984808,65.21852044262532,1203.956095874299,34.698070492093635,36.68954695415497,-28.52897348847035,28.52897348847035,-0.822206338389076,20.08
30,0,734,721,16,84215c163024ab740ff1d035f8a84c96b018a9c9c38ba71f20e5f797b2a9219c,0.48938293420518164,66.04949833837787,1230.1595794807324,35.073630828312204,17.192028824329377,-48.857469514048496,48.857469514048496,-1.3929971993264432,20.08
30,0,736,721,16,8a1397ddc5c4df0f05ed8fb7c209a824aefdcdb65484453263028fb7d90d9749,0.4876942500840431,64.06006608125685,1166.105158807829,34.1482819305427,18.032385220766066,-46.02768086049078,46.02768086049078,-1.3478769138110864,20.08
30,0,738,737,17,ccd2e9237db3b0ff6a74c7b52713c834d70cae506f486a78219a70e9d7895e7c,1.450600377342667,35.73493882703338,734.4787160666211,27.10126779445237,35.96025729084015,0.22531846380676512,0.22531846380676512,0.00831394551412417,19.75
30,0,740,737,17,62bfa0d9598f04b8cabc575f82956971210910e9f666156c378ed3cdd01cef46,1.4189853772747183,17.401501126149906,241.94574119996525,15.554605144456906,27.48564100599289,10.084139879842983,10.084139879842983,0.6483057452240505,19.75
30,0,742,737,17,79639a30c134bf141f3736014517947af426ba8a9645908818e91b5b27684639,1.3633428415197901,35.699975878933394,708.2484796569195,26.612938200373883,34.813329856872556,-0.8866460220608374,0.8866460220608374,-0.03331635219625547,19.75
30,0,744,737,17,0241432a23527429b0770a3990f61d0f9bd1216e603b22aa5e5008fa8589b45d,1.28650674581194,15.010737881880267,180.07913801476786,13.419356840578011,26.244225824832917,11.23348794295265,11.23348794295265,0.8371107554860125,19.75
30,0,746,737,17,48e976dff5d7ad6df2580adc8c812f1f3be6704ebf79896060dceaa87cd0e766,1.2239529686339785,35.49956051580807,661.6997535330547,25.723525293650066,25.638220028877257,-9.861340486930814,9.861340486930814,-0.3833588271575326,19.75
30,0,748,737,17,ae9780f82fe0f8303aac295f411172c68bf709b0a876e3d1f2aac8860b815383,1.212329220875683,35.900447553383316,670.0568087530065,25.885455544629817,12.569273286581039,-23.33117426680228,23.33117426680228,-0.9013236883769099,19.75
30,0,750,737,17,ded6de37ccd52329831efa321758ac53dcc27ef0e6e431e801ffb3fe26f77928,1.1768691106110882,35.88037847350268,658.9167042140264,25.669372883146686,29.65698845767975,-6.2233900158229325,6.2233900158229325,-0.24244417828800643,19.75
30,0,752,737,17,6784ff17c39d8591fac405ae1111893fb908171652511cf9c2e61c483c789449,1.1717263666847875,37.306266948683586,699.2225481717111,26.44281657032229,45.692630752563474,8.386363803879888,8.386363803879888,0.3171509276092851,19.75
30,0,754,753,18,99fc41ea245e9814b46e85f7b5dbc8d852e31420910e11bae439e81cc6654a33,0.4439899513345653,26.081427765022678,241.48677034186602,15.539844604817192,8.536738011837006,-17.544689753185672,17.544689753185672,-1.1290132044014776,19.53
30,0,756,753,18,29c2cd487d9d2b12059976d0289a0fe2bdc1b7e5201b635968a25074a8da9f04,0.43179677744266254,57.402792586635606,924.8040124841616,30.410590465891346,44.4901097984314,-12.912682788204208,12.912682788204208,-0.42461138012716754,19.53
30,0,758,753,18,78405117a4c706a6327e2cb0244d1395e4e178f7c82f3f2bd15504c2a243e543,0.4178253936850018,34.41281422342626,379.2154938209428,19.473456134465263,51.91972151565552,17.506907292229258,17.506907292229258,0.8990138767018613,19.53
30,0,760,753,18,684be01929eb6af9e839609fb4f24c5c28ad6cf94f5e5f8ebc3ff17fccad3c96,0.40822740147691206,31.426904523034,321.19773471473377,17.921990255402267,65.7911071395874,34.3642026165534,34.3642026165534,1.9174322788282354,19.53
30,0,762,753,18,0c1b963ae5eb0d1b271d9b7219d351f42e0b0df8474b438abea73dc65ba7f1f2,0.38572620484787645,27.272045220566373,245.3073489835375,15.66229066846665,36.33859464931488,9.066549428748505,9.066549428748505,0.5788776125195055,19.53
30,0,764,753,18,ced55004d4909c4db33914fdd3a693872950464e25476a0c2e568c102bfb5651,0.3851209404711782,49.07175760811684,677.31627648595,26.02530069924169,55.01979844093323,5.948040832816389,5.948040832816389,0.2285483999418189,19.53
30,0,766,753,18,b4aa29df57144746238cacf7792c0323ce174cacf950e4e0e5a879736b9b4333,0.3832191789660342,58.50066326615411,915.7983594944758,30.26216052258126,57.47772456932068,-1.0229386968334353,1.0229386968334353,-0.033802566610210485,19.53
30,0,768,753,18,8087313c5c9f33ab159657be668e4a66c016aaf966efad0ac2331760d85feb21,0.3775489753157564,37.68764586102507,426.06775689970806,20.641408791545892,77.10947071456908,39.42182485354402,39.42182485354402,1.9098417773543648,19.53
30,0,770,769,19,d68fdb27abe4c8438e24afd12467b25a9eb4c9cc16049f4b7bdb98dcad6293e3,0.32894715236981953,29.75251507352969,267.4031076178854,16.352464878968107,33.46565694332123,3.7131418697915386,3.7131418697915386,0.22706924596836986,19.75
30,0,772,769,19,447466e3609d5cf92f874a02b6d8a28baa44ebc78bbabb482ed983c622354fcc,0.27022246065394684,17.821403265187552,98.68969184779701,9.934268561288093,24.76360074520111,6.942197480013558,6.942197480013558,0.6988131473580197,19.75
30,0,774,769,19,da029d477ec74c656efde22f2f38694d5063047cadec8e05f2cc7721ee3c52cc,0.26945826587469957,50.32438116946239,624.6632880652904,24.99326485406199,52.37900458908081,2.054623419618416,2.054623419618416,0.08220708385301216,19.75
30,0,776,769,19,de166d3434214e2b4581a97199f41341d1f6382a7daed390a3a3c44685206c63,0.25389267733967835,51.14277375337624,630.0676031500411,25.101147446880614,60.24539353942871,9.102619786052472,9.102619786052472,0.3626375967598915,19.75
30,0,778,769,19,435fd0dbb997fd17ca740e75d90d7d3da538684158fb88f8f466201e2e5ce3a4,0.25331368587804715,49.15308972421897,587.1063037883902,24.23027659331173,51.563269973754885,2.4101802495359124,2.4101802495359124,0.09946977865705393,19.75
30,0,780,769,19,2f2945ab21ac7c51839a85f9114923e5af5d8105fdc582b00edb8799415c8a9a,0.2431337959143436,34.216665696797314,305.16339516252077,17.46892656011012,49.10061953353882,14.883953836741505,14.883953836741505,0.8520245239755407,19.75
30,0,782,769,19,ea12e3bcc7cf1c704a203362453a25642c3a76489c304f29a63d1cfd43f9e504,0.23853714441226992,51.155535097437195,617.622523051362,24.852012454756295,47.181839696884154,-3.9736954005530407,3.9736954005530407,-0.15989431068358154,19.75
30,0,784,769,19,219a51ed6d8222816ce56be49ff5fa11c42a2eaf8a5cf6dabe3baa6b148b8bea,0.23636523403267007,50.23469391245849,596.3545272832413,24.420371153674985,56.88193764686584,6.647243734407354,6.647243734407354,0.27220076601526266,19.75
30,0,786,785,20,6a86412f0d05d91b838265be3ce8391e428e503ea523ff614f3a89302fe5a04f,0.6868309087055153,17.497910263393134,152.86001446541286,12.363657002093388,25.56593778467178,8.068027521278648,8.068027521278648,0.6525599602053491,19.63
30,0,788,785,20,bccb6804864d32c9312da8841f1a185f9eff6ad8824ca1a74caa8802df58a23a,0.5791847128503516,17.751995014408575,142.36881034969957,11.931840191257155,27.30669605255127,9.554701038142696,9.554701038142696,0.8007734670418846,19.63
30,0,790,785,20,a49e4d4a29af1734abb9c0cacc2ab7ee688823962e4172e0d1ca689bec3ce70b,0.15043327203557622,68.95243152729964,914.7271002003924,30.24445569357122,76.34215864562988,7.389727118330242,7.389727118330242,0.24433328188151218,19.63
30,0,792,785,20,4cf9abad221b598f7430418bd3cbc8070c141c30c52fa96c96d3cc2201be6eb9,0.13634700736994554,51.31811426199763,523.3439346975351,22.876711623341652,80.95995082473755,29.64183656273992,29.64183656273992,1.2957210394039171,19.63
30,0,794,785,20,00dd75cbc5c467db1192e0d4ef43e12652461a82b3ba317857966a709373fc0a,0.1357318721432036,51.170001943747195,519.9449923614277,22.802302347820664,80.94909609222412,29.77909414847693,29.77909414847693,1.3059687436046594,19.63
30,0,796,785,20,efd38b5e2e292aa5f7711221a10f6bc37c6bfd50c4755ba1866ec26936ce68c7,0.12498356041152459,51.39850999975585,511.9288328705149,22.625844357073504,80.06913031387329,28.670620314117436,28.670620314117436,1.2671624475819465,19.63
30,0,798,785,20,55faf3465be75864aadd8570e9b1926f1dc8b55f804f050ed8c776076f6dc4e8,0.12346738601152163,68.61558429704195,859.3634773829723,29.314901967821285,77.97242824363708,9.356843946595134,9.356843946595134,0.3191838729962686,19.63
30,0,800,785,20,80c194128378a43d4c1fc0ad0d8743564d2583cc72982f27bde724a572487b3e,0.12332333087608538,19.359736897207295,84.37804846724781,9.185752471477109,25.281429282546043,5.921692385338748,5.921692385338748,0.6446605657757849,19.63
30,0,802,801,21,af54196b37c2acf43921ee15abeb295fee02a6789147a4b97516bf52ceca7bb6,0.13284454878489982,20.548698641584295,96.91962285632148,9.844776424902776,25.094029019355773,4.545330377771478,4.545330377771478,0.46169970567070207,19.49
30,0,804,801,21,e75f67d42e27f91de7cc34ba10e016762f051e67fecb236e75ed3e954da020b5,0.12356291229366334,44.803401788714446,397.79401541548606,19.944774137991285,45.34550936126709,0.542107572552645,0.542107572552645,0.027180431766335496,19.49
30,0,806,801,21,12bf0eacb1f12fb2b160ec8cfdd13a69e747e07580af23c1686e43390727a5d1,0.10966680312541777,51.37545852410354,493.0309289768687,22.204299785781778,48.78641953659058,-2.5890389875129642,2.5890389875129642,-0.11660079410253775,19.49
30,0,808,801,21,8b493216b7388c24162f6ed9a8911c3f8740df736dbdc673a08cffbf3eb8eccd,0.10708675587702976,48.25159545929001,436.9974934282389,20.904485007486763,45.58402223396301,-2.667573225326997,2.667573225326997,-0.12760769874845654,19.49
30,0,810,801,21,60159cc4448d6568d6ff1c4f5b6d6adf693924f3f21c4642e66b0e566e7e86a0,0.10413107483821948,47.057480201123866,414.2604901627927,20.35339013930585,50.567196731567385,3.5097165304435194,3.5097165304435194,0.17243891589665256,19.49
30,0,812,801,21,4365b9b7993b8fa05193f48e9459be78c012a22af827afd4ffc62e07c58ad598,0.09705131064547456,47.381446589251,411.39676421465185,20.282918039933303,46.3243144493103,-1.0571321399406983,1.0571321399406983,-0.05211933203395099,19.49
30,0,814,801,21,9f2c79113bfad4a80f16d033d70f3b7068ea37c7b60e766f8bcf77572de77ea2,0.09594547436364509,48.903899706573924,434.4919410018319,20.844470273955917,50.22838062095642,1.324480914382498,1.324480914382498,0.06354111651555704,19.49
30,0,816,801,21,d9b1d8bf4c338711f248515f6c5ce53ffe948b968a3acdfea22bf53fe97a90f9,0.09358011875058236,50.39559091733988,455.90370881845524,21.351901761165333,47.945315101623535,-2.4502758157163456,2.4502758157163456,-0.1147567951147512,19.49
30,0,818,817,22,0948fc956470b6b8c9b10e68b3fff3a4dbb6f79613d3e19b835661da7bd945d1,0.10232776949350064,24.57967275864553,124.36761789434469,11.15202304043283,27.70772705078125,3.1280542921357224,3.1280542921357224,0.2804920937478907,19.4
30,0,820,817,22,b246680488763b65747f9c8c6d71f7ea53b9d256c04415775709bcb6f52662e2,0.07236047476617691,35.53154376212762,223.3966528498534,14.94645954230812,16.46737099647522,-19.064172765652398,19.064172765652398,-1.2754975659411845,19.4
30,0,822,817,22,14b6555d162b24100714066ef004210bf274947091a05365bc4f767e900941d1,0.0674792875027807,32.39829120265895,184.435568897143,13.580705758433286,24.373288223266602,-8.025002979392351,8.025002979392351,-0.590912072033445,19.4
30,0,824,817,22,eb636db1364dd139f8899f477ebc3a0b6574ad3e8f3a8e21fc680605a6e7f87b,0.0671179003544286,33.15456747762456,192.29580852569248,13.867076423157567,34.11851166820526,0.9639441905806976,0.9639441905806976,0.06951315195544333,19.4
30,0,826,817,22,f2bc35f83f4815902f17dfb3e425e9d62dab846f1136495e699fcd10624f5912,0.06594954247686174,33.532999714767186,195.48146261988563,13.9814685430353,17.68366015768051,-15.849339557086676,15.849339557086676,-1.1335961961579375,19.4
30,0,828,817,22,fe04d886294d8c45facb070974248ee3ed931be07b5da34347667db6981ac5ce,0.05952708009724672,36.137173741645825,218.74455570615243,14.790015405879481,23.506804328918456,-12.630369412727369,12.630369412727369,-0.8539794629089036,19.4
30,0,830,817,22,9c13a8c10453f87ba5e9541ad16db4dec52540cfa3ce658b56162fa4224e8c23,0.057067198603628466,35.843117378279516,213.04574478919068,14.596086625845665,34.0191197977066,-1.8239975805729145,1.8239975805729145,-0.12496483662566892,19.4
30,0,832,817,22,777cf4339a468c703049ff722ffafa230f0b39a21ba839ec99dc003235846897,0.05691516246794054,33.67887393013976,189.41200321383286,13.76270333959985,28.045782609939575,-5.633091320200183,5.633091320200183,-0.4093012238367382,19.4
30,0,834,833,23,d59b542493007c150c3fae9afc45eb95397c3c2a8fb23c4b582f1fbaac2c87e2,0.1457981045618001,25.877206182702647,154.00793080346799,12.409993183054855,17.959390816688536,-7.917815366014111,7.917815366014111,-0.6380193163059461,19.75
30,0,836,833,23,be27d3e40b522261ad8c9f7fe6ade03bcfe84bdf760865b667688ab4302db152,0.04708637090028428,26.631522536692646,115.39513340009192,10.742212686411117,29.13457598090172,2.5030534442090726,2.5030534442090726,0.23301097430098658,19.75
30,0,838,833,23,fffa595ec6783699b64217d800aa324ba05592dbac9e9f859ed4a4385346ca2d,0.04370338335771784,20.40685252710065,67.4200612963269,8.210972006792309,29.610189801216126,9.203337274115476,9.203337274115476,1.1208584399632906,19.75
30,0,840,833,23,93a2cfbee50e3f286b74d695294c68ff269dd5c432422573bf050ddad4b3c84c,0.041670763523876886,25.865614049351358,105.60104115904514,10.276236721633321,28.98724936294556,3.1216353135942008,3.1216353135942008,0.3037722269498326,19.75
30,0,842,833,23,84b9c7699b338cfb1dfe3fe273a5e9a93b52e9999bc6cf7639b3e9dd30974628,0.03432882577190291,19.184783353134755,55.79876298839943,7.469856959032042,26.185474362373352,7.000691009238597,7.000691009238597,0.9371921105897267,19.75
30,0,844,833,23,233d4c7a0ff9b6cff6c944db48e09e23c0fe1a40ad91ddd2718c8a0d9be93784,0.029582375394854254,29.791921647402223,127.17887073825277,11.277360982883042,34.15016133403778,4.35823968663556,4.35823968663556,0.3864591807649472,19.75
30,0,846,833,23,11606e1a08dbfee9b382c8b8e60cca1112040582c5244d845b39addfd8b73009,0.028724204233519984,29.348633247547284,122.68251678980816,11.076214009751173,35.280794070243836,5.932160822696552,5.932160822696552,0.5355765803616699,19.75
30,0,848,833,23,34019d3bcf707f51c22484969bbf91844886299ccae9d5c9b635b2e9e4ca1426,0.02806712588414098,27.89144981507558,110.55757170529492,10.514636070986715,30.088467962265014,2.1970181471894357,2.1970181471894357,0.20894856772567907,19.75
30,0,850,849,24,42e8e2cb5ea3aacc80b00e4c4faac43bb841586906e7f2fb05602d3c1b6077a0,1.1273020027658789,15.669630720758361,175.05621735555997,13.230881201022099,19.539097115278246,3.8694663945198844,3.8694663945198844,0.29245719432663064,19.8
30,0,852,849,24,443225f95f0357f88c3fdbcec64279d7e84d517878318b8f69551da72df8c40d,1.018135217906577,14.446166823531268,143.4671729423063,11.97777829742671,24.283103934645652,9.836937111114384,9.836937111114384,0.8212655858914786,19.8
30,0,854,849,24,5bf96a2dc6389a01f8601f463c7dd3272995a57f4bd88ff4d81eb30e2926e9af,0.03451468275290018,17.351126947929707,45.63740016501652,6.755545882089509,8.553749302446843,-8.797377645482864,8.797377645482864,-1.3022452661903632,19.8
30,0,856,849,24,190bfcde035083386992cefbb11cb26142479d17f21f44d6391da1ebb1a762dd,0.03270665930435929,23.122006531332723,79.67136734768751,8.925881880670811,26.198570654153823,3.0765641228211003,3.0765641228211003,0.34467900919498673,19.8
30,0,858,849,24,25c07c5640b273b9836667c8afecdbddd30c14b52512b5a5cc8331b2bdaba942,0.024353798907524066,26.082507988033306,93.74182982057296,9.68203645007459,21.716916468381882,-4.365591519651424,4.365591519651424,-0.45089600128677393,19.8
30,0,860,849,24,3a5146960ca61b50e5f5715071f0746ce2ac1dd6f24fe12bdd5a2364110cfe49,0.02080525317173834,27.505427567911273,100.22532700835109,10.01126001102514,31.975972131729126,4.470544563817853,4.470544563817853,0.4465516387442299,19.8
30,0,862,849,24,1332d7a97feb1b624f4fbbaeea743f964480250c749e0a6aecf1919535c0eac3,0.019726929203206123,30.59834488935401,121.85715127734903,11.038892665360462,30.49308416175842,-0.10526072759558858,0.10526072759558858,-0.009535442619701512,19.8
30,0,864,849,24,e463c967089557644350c4458efc253017db1fdbdd284e61e7c9eda6f13986de,0.01726961908060501,35.6081875931362,158.70573718460787,12.597846529649734,40.333002996444705,4.724815403308504,4.724815403308504,0.375049449299798,19.8
30,0,866,865,25,8ef0e05cac8af5b4e072fbefc9df8bbe9c1fa4f7606e49715d66b39acba2f55c,0.2487155159341523,21.488644110378097,133.8621249855411,11.56988007654103,28.83927169895172,7.350627588573623,7.350627588573623,0.6353244406981953,20.01
30,0,868,865,25,9b871a996dd4eb2d42e49d22f35e05e662a524c681a108351b06f66b2f4d1cb0,0.014929038204980927,59.69056026206138,412.71084930110845,20.315286099415594,74.26610234642028,14.5755420843589,14.5755420843589,0.7174667397265053,20.01
30,0,870,865,25,dc85d0d25c689e6438bd8fbccad4d1b4e09d7222e8d1b93b9df88845c86e75d9,0.012880736441816823,23.54664184713358,66.18316695128682,8.13530374056721,20.17482527422905,-3.371816572904528,3.371816572904528,-0.41446720127863823,20.01
30,0,872,865,25,f077aaf6f4c1955ebccc89cfb0c6be1a80611e9d30aa0980789d85abb654e238,0.01246054518600924,26.881162975554677,85.52824308887686,9.248148089692167,32.64704769611359,5.765884720558912,5.765884720558912,0.6234637102086926,20.01
30,0,874,865,25,48b3fc99dcdf34fedb2a73368f69561bcaf5d8428a0cc292c336c40281fc932f,0.010437946269855253,28.072469214935474,89.81077770737302,9.476854842582165,29.904628461837767,1.8321592469022931,1.8321592469022931,0.19332988394735012,20.01
30,0,876,865,25,223a2fa5133c2c8480e61377e54f0f9cf27af8961d75bf41beae830360114b50,0.009344616547138598,62.551077034769534,413.7467259254081,20.340765126351766,80.11274156761169,17.56166453284216,17.56166453284216,0.8633728585799735,20.01
30,0,878,865,25,40b6098797ea969b1a8061e1420c8916c57b7c3f04059559b1fc2b9bfba5ef2d,0.007830042844891624,32.24677873477853,111.51950397940527,10.560279540779462,27.48027960920334,-4.766499125575191,4.766499125575191,-0.45136107497618116,20.01
30,0,880,865,25,8e28daf779000b0fe818d4e90aa91b2825bcc8e7f3e01004ccc988a636115779,0.007587612620978262,63.700769465388774,413.04766200651926,20.32357404608056,79.44429954338074,15.743530077991963,15.743530077991963,0.7746437729060817,20.01
30,0,882,881,26,07b735527d6c52f531746c2eac5984591639a1e9577b0bcf2bf7735782733207,0.08039959317243173,19.599995923186924,74.79953186265112,8.648672260101613,16.770766850590707,-2.829229072596217,2.829229072596217,-0.32712871843324726,19.83
30,0,884,881,26,e69c5f3dd76dd53c4f4455487d81fb956c2901206e9c832c11b9e7685e8f54ed,0.057425947593225446,21.136835750705135,78.07276226855677,8.835879258373598,22.293448312044145,1.15661256133901,1.15661256133901,0.1308995434996364,19.83
30,0,886,881,26,294b5793ae4b547ba64ee45445b40156416456db8c443b357cfbd870608b8399,0.013323728580392213,22.438853259011804,60.52881190885579,7.780026472246466,27.95356885433197,5.514715595320165,5.514715595320165,0.7088299268637068,19.83
30,0,888,881,26,2157c859c94ab7156ac01963462f1f37af4e764b7440c8534adc3e394bc801c0,0.009917747850147304,26.722713258723772,80.59625899862498,8.97754192408061,22.316327424049376,-4.406385834674396,4.406385834674396,-0.49082319770126315,19.83
30,0,890,881,26,f4b61f22764ec24f35de08b494ce83d0aa8343905ba6d49f4e326f6640f67058,0.009076437426092723,37.99546429972681,158.05425653424473,12.571963113779992,41.45616095542908,3.4606966557022645,3.4606966557022645,0.27527098388548665,19.83
30,0,892,881,26,bf5101d2b51ab6dd5de785b076840b60b41ebb4eb4a69a7f0956b85010b9aa06,0.007973049374965152,29.732694451470056,95.34838864598727,9.764649949997557,37.905661680221556,8.1729672287515,8.1729672287515,0.8369954141319265,19.83
30,0,894,881,26,d239db1f6ced2df532682c02425a8631020938c2d57a593810f3a798fb0c0e4e,0.0069168266634325876,32.189716409476006,108.54142304302545,10.418321507950571,33.714810348510746,1.5250939390347398,1.5250939390347398,0.14638576260781444,19.83
30,0,896,881,26,1135bbc39924e710f9012ff6d9893aa580181df5d44110d807c7bc95df214a4e,0.006829197075362087,33.06944335523637,114.18717462574992,10.685839912040136,45.03374350166321,11.964300146426837,11.964300146426837,1.1196405939926362,19.83
30,0,898,897,27,7cfdd911bcbf3e9b69490b036bd911d567769d0c1b54f279dbecdf44dec6c2af,0.34333101191381776,19.712866102876397,131.8113422194524,11.480912081339723,29.685187598228456,9.972321495352059,9.972321495352059,0.8686001098780626,19.88
30,0,900,897,27,76bd63fbd2d6c586a842defd0a81069fda0d8bb7ba707f27ec1558124fc443dd,0.019907118541153568,29.949840750232802,117.14038126107482,10.823141007169538,31.3323581905365,1.3825174403036975,1.3825174403036975,0.12773717346820862,19.88
30,0,902,897,27,4d96d6936a8238b66c88e32bfba95356740c38c6310afe81a2abd3f099d53514,0.012025196704914407,19.001165651665104,42.20694422587897,6.496687173158253,24.979298249959946,5.978132598294842,5.978132598294842,0.9201816924469022,19.88
30,0,904,897,27,4985dff1a6c11fe623c68e7c981208d67c2c93009e1d8045fccea1bdd71840fe,0.010223567071149783,20.582160186846576,47.96630232773227,6.925770883283121,23.072069892883302,2.489909706036727,2.489909706036727,0.35951372749662774,19.88
30,0,906,897,27,a3dc09c2ab143ed054a5fb8430dbc9e76acbae6e0b9a307085b204babc6efe3f,0.005774302914622879,29.493423606100382,88.27065191975753,9.39524624050682,28.114302584648133,-1.3791210214522494,1.3791210214522494,-0.14678923640194594,19.88
30,0,908,897,27,927bf14951b0ac300bb51627de7992edeb315e89258512bf6053fed0f7c42494,0.005386142839597326,30.96895454329518,96.02156806345954,9.799059549949655,29.525099400520325,-1.4438551427748543,1.4438551427748543,-0.14734629740894598,19.88
30,0,910,897,27,1e4069b7e853baa8a79032b401340ec5279d8d617b644cd77b324149c8a9a11e,0.004994109197201627,22.05648019050774,47.78780247061985,6.912872230167418,26.373638800144196,4.317158609636454,4.317158609636454,0.6245101118456373,19.88
30,0,912,897,27,01ee7c60c5b349beb8828c6291e869c2420d0670438bfbe9666eea8c9daff4e2,0.004741035026044393,32.28022600535957,101.8800977316099,10.093567146039595,32.91779482746124,0.6375688221016702,0.6375688221016702,0.06316585731059733,19.88
30,0,914,913,28,24b316a865cf8434083ee00148a3e7521ed45c9d175ace388d1da6dc8824193b,0.09325619010322261,62.51811639178656,675.1887335908937,25.984394039324712,74.25944525146484,11.741328859678276,11.741328859678276,0.4518607915931763,19.72
30,0,916,913,28,5ea61bf6f091de4c136c81d75ea061ec79071f6e2dc7207854197d7daebe0e15,0.022152787879702762,18.277387965827256,45.18493948484371,6.721974374009745,15.553542029857635,-2.7238459359696208,2.7238459359696208,-0.4052151621555218,19.72
30,0,918,913,28,ba933d9092c3e3682eb0b347a29cdcbda5a2448e5fbee0edd874b73a5b25a3ea,0.014731724778975525,17.487312421710264,37.347666540805385,6.111273724912458,3.5748874594569204,-13.912424962253343,13.912424962253343,-2.27651805310891,19.72
30,0,920,913,28,40bc998c363f67b86e79f4b84b11ac452a3b37547cc2e8e2d85f65aef977a6a0,0.013337273207811223,20.06502526901526,48.3834379412661,6.9558204362437435,4.217538177609444,-15.847487091405814,15.847487091405814,-2.2783059506297025,19.72
30,0,922,913,28,3409a6da5b15068f3d1bcdb28f3d0a5653eb6c8fe1761d710a08e10c6ff8af12,0.010180750861967638,20.505648702211314,47.640193190922936,6.902187565614465,23.96256023359299,3.4569115313816745,3.4569115313816745,0.500842884740401,19.72
30,0,924,913,28,e85994e32e58b03427cf02e029286f3bc3820742c0be54e3de1034265642ee80,0.0051250935471110065,62.90496544686354,377.8163832491438,19.437499408338095,40.63006231212616,-22.274903134737386,22.274903134737386,-1.1459757588562103,19.72
30,0,926,913,28,85fea7a6d3e7ff34e8a06083c65e5ff15506026c940e6138f24523b94981d553,0.003710801608396347,23.050795815182422,49.57368269473101,7.040858093636813,27.995574565649033,4.944778750466611,4.944778750466611,0.7022977433582226,19.72
30,0,928,913,28,504c83596aecd6a21457ecbb9ca85d59d5940b04207d0bcc746fb0d90a00db28,0.0036775225684633275,30.368277495354405,86.38741223964423,9.294482892535992,33.80740769767761,3.4391302023232058,3.4391302023232058,0.370018455258552,19.72
30,0,930,929,29,fe57fa81ed99a86323d6c1731839b483b07a7fa3fcc4cbfcd2e5c376a8cb9cef,0.3792843762606024,19.8587773105789,140.06842699860988,11.835050781412384,16.415288376808167,-3.443488933770734,3.443488933770734,-0.2909568363812116,20.18
30,0,932,929,29,125e3f099d9a9077eb458fe701f596aa7083b1973a408421c0f49a4c1df297d0,0.2123306661835831,19.2584269219908,102.97339069454222,10.147580534025941,13.529115974903107,-5.7293109470876935,5.7293109470876935,-0.564598716696723,20.18
30,0,934,929,29,a9339166603f05010c8b5bb33ba0dbd4183a28ad9b0091a539c938e970740e7c,0.16127428299253088,19.833955292964287,97.68048817324706,9.883343977280516,4.12268853199482,-15.711266760969467,15.711266760969467,-1.5896711474462464,20.18
30,0,936,929,29,2988e64ba036da620d014d2003c08a95bf928dd39ae2e232642d43f30b56e7a4,0.04860318285259457,24.08732186131168,96.07537118344669,9.801804486085544,25.87626713514328,1.788945273831601,1.788945273831601,0.18251182997693474,20.18
30,0,938,929,29,17e909709c6059a54f2c19985093914303513c648d6999a5e0aad7087b5ef339,0.03684871928111272,20.064274741987703,62.29694871879133,7.892841612422697,19.683926904678344,-0.3803478373093583,0.3803478373093583,-0.04818896108477857,20.18
30,0,940,929,29,774abc2e7123216a5ad8910bd2f1248201b62a47309ca776fed7e1883ff7c897,0.02562345261493612,21.17107520357753,63.01563466332924,7.938238763310741,18.94692378771305,-2.2241514158644797,2.2241514158644797,-0.2801819751434221,20.18
30,0,942,929,29,2d2e0211ee6a87e246431de538f948996f5c86234380eecf582de0a122057427,0.02090304573166249,27.576976685481018,100.99570279586996,10.049661824950627,8.522170061230659,-19.05480662425036,19.05480662425036,-1.8960644602928194,20.18
30,0,944,929,29,c83eb358f5b3e84c3c470857b874e296575259302494ce910ceea49047a2100c,0.020223416266189842,19.714999610342872,51.51249155880409,7.177220322576429,20.918162727475167,1.203163117132295,1.203163117132295,0.16763636380893374,20.18
30,0,946,945,30,9072480c5a464eaae47c7c6a3fafee23fb0fac9039c58e860bdaf0ae4a3cbac4,0.052170394282318344,19.245577568113735,63.283553177908516,7.955096050828583,18.884858409643172,-0.36071915847056246,0.36071915847056246,-0.04534441270925834,19.99
30,0,948,945,30,38808f5c029f5593362b6176d50bd1874273eb775cf1bfcfda8d29911af933a3,0.01890872945173333,20.05627838034842,52.43256252319839,7.241033249695681,27.312406646728515,7.256128266380095,7.256128266380095,1.0020846495470863,19.99
30,0,950,945,30,3d23c23ffc116115f5c2560eeb5a1475143dfb894c9307657a5760f01e609708,0.005296751341177686,28.88817401572841,83.43693686403925,9.134382128203267,37.24047599983216,8.352301984103747,8.352301984103747,0.9143806189490612,19.99
30,0,952,945,30,8dc7ec4cc17302c38bf07387293cf287fa7993b2928a37ae40d0d0b5eee9e753,0.00527556584012686,28.472421734650666,80.9982879797913,8.999904887263604,34.29164914703369,5.819227412383022,5.819227412383022,0.6465876567893755,19.99
30,0,954,945,30,892de6a4478a90fa96634ff7dcdb9532b36e14a4568ab3e862d6c8e982c7e380,0.0042633543375167685,62.30734267252387,360.06447958213073,18.97536507111604,76.4764142036438,14.169071531119926,14.169071531119926,0.7467087709784215,19.99
30,0,956,945,30,eda34359eb1e927d95f49e5b433a0b1f5ea8e783604412379207e9e99e253c38,0.004148616969882404,19.73368773465794,36.706708248165654,6.05860613079986,12.03457264995575,-7.699115084702191,7.699115084702191,-1.2707733294565149,19.99
30,0,958,945,30,993d3c7d8a62ee6812ccf74ef7c1f081ad485412bb6c97b08a0d98c98df0dfba,0.0038593407626144605,62.900692241363096,360.937895261805,18.998365594487463,76.0039648513794,13.103272610016298,13.103272610016298,0.6897052562152148,19.99
30,0,960,945,30,909c90775b29ba453ad60eecce908765727a6bf01eaccce597b9b5890dfe99ea,0.0037224261609915058,63.025057831415836,360.2615852437995,18.98055808567808,72.87609877777099,9.851040946355155,9.851040946355155,0.5190069175989261,19.99
30,0,962,961,31,edb456b2786f8402ace98bd740dfee58fd49edd29c33ba21f6f131b3349a6e15,0.010222540974097333,20.2966932855831,46.6595228976025,6.8307776202715385,21.31707133889198,1.0203780533088818,1.0203780533088818,0.1493794864995648,20.42
30,0,964,961,31,3ed4c387fb0ac2a5d65591653ac8d2ac20e2e52e5c8fd1af0e054d47917d98f7,0.009325137129334082,27.199407298992277,82.5149298875303,9.083772888372447,29.115753353118897,1.9163460541266204,1.9163460541266204,0.21096366869537345,20.42
30,0,966,961,31,8d1037bf3d2e31f3b81ec07ffcbb2627c56758a5860153fffc2daf99447e32fc,0.007764883148140736,17.986428464666645,34.275063260176346,5.854490862592267,3.0213730488419532,-14.965055415824692,14.965055415824692,-2.5561668413294654,20.42
30,0,968,961,31,b592e0a76663a39c4937418b25429b4587d959d345f80e3e38a968bb0da06fd2,0.005660888695779853,25.511701156456844,65.8311558527781,8.113640111120167,33.15262615203857,7.640924995581727,7.640924995581727,0.9417382199525267,20.42
30,0,970,961,31,c236975094048a3626381535f4fc7b5ad1bb2d7fe8fb6093c42a95801f4bebcf,0.005341870698791766,29.69937390893335,88.27971009746445,9.39572828989134,32.89398712444306,3.1946132155097082,3.1946132155097082,0.3400069815712661,20.42
30,0,972,961,31,df74199905bc5d698aa7adfad7d186a5e230320d0329b9d80967699a3b08398e,0.0026519358220937136,27.200787975874714,65.43481881892724,8.089179118979084,22.712623000383378,-4.488164975491337,4.488164975491337,-0.5548356526017658,20.42
30,0,974,961,31,7b4314f38056260d4d5127f0c15c6137899efd50e30a7b8989dd81cf12493a51,0.00259424070050936,19.92395032747537,34.358268719573815,5.861592677726235,21.548184005737305,1.624233678261934,1.624233678261934,0.2770976708146136,20.42
30,0,976,961,31,3f2bafcd0658fa248f67005be40dfcd45fc1715bbce73d42ccfbd8a3cf7d9041,0.002506948038982104,19.166418270090062,31.479770592475155,5.6106836118671986,16.59032248044014,-2.576095789649923,2.576095789649923,-0.45914116137313526,20.42
30,0,978,977,32,b1de2bdea91b256e7cbf743bc164fbd35026ce7997070f492b53f59de486a19d,0.637593162375415,17.10810140921123,141.37335318132716,11.890052698845668,27.47456027030945,10.36645886109822,10.36645886109822,0.8718597910087174,20.41
30,0,980,977,32,5375f1fcad63f30c158d3adcb98e4584aee3271a92cbdc444f1da569841c79bc,0.22977850717327797,20.213124081897842,116.13188204628807,10.776450345372917,27.874815432548523,7.661691350650681,7.661691350650681,0.7109661442406572,20.41
30,0,982,977,32,9b258c776c74e27b6f59750b396a132d26a70f6db6c2c11aa94ed1be95d04f8a,0.20555579562560145,22.76276249000297,138.0105081567999,11.747787372811949,26.655979961395264,3.893217471392294,3.893217471392294,0.3314000626537058,20.41
30,0,984,977,32,33abb32f575b8d8f035de373e46dc51388c1c9eef03537fbe713c5abdb43b4f4,0.06324143707965774,20.534730323105165,76.0895630994364,8.722933170639129,24.2099812438488,3.675250920743636,3.675250920743636,0.4213320048254308,20.41
30,0,986,977,32,f31d2c63089ef6565754c825522b76de29826818b0c89de9af8105d64a174137,0.03446057071977368,15.577866498420043,36.684984683027395,6.056813079749729,15.784894726991654,0.20702822857161074,0.20702822857161074,0.03418104964536321,20.41
30,0,988,977,32,60d317d01e5d07fbf48330bde60ab7831d3867c6011db268c7ac7f91f26c0d9f,0.022942803991684357,17.524321582470584,41.82883539657734,6.467521580681223,4.76704093503952,-12.757280647431063,12.757280647431063,-1.9725145851136598,20.41
30,0,990,977,32,1c65d97213e77bedba5e5b2e6e2cc5fb48453ff4761c3583d8f65e49ee23bf49,0.013797673453231657,27.181761803205475,89.46380620786678,9.45853086942506,30.483305118083955,3.3015433148784794,3.3015433148784794,0.3490545583089232,20.41
30,0,992,977,32,61fb0de8edb77caf590f9d414f88c1c07ce2373dbbe1d4b70b23a0075e3f2ad2,0.013166221890441351,20.580668485355787,50.78075811294173,7.126061893706911,26.11442685842514,5.533758373069354,5.533758373069354,0.7765521062841547,20.41
30,0,994,993,33,d8bee14d63a8e4b6ec2adc438ec3a4c772473abd6cdf47df7f62218aa3ecafc5,0.04292122773357224,14.30683648751262,32.86028153189191,5.73238881548451,19.745266682624816,5.438430195112197,5.438430195112197,0.9487196996166305,20.66
30,0,996,993,33,760d0e593522c3747c2573c7a39d2ffecf45846333a6e10b4e1423b7ca4b4e84,0.03992474530437759,15.59923999242658,38.41106109826748,6.197665778199683,13.244545247077943,-2.354694745348638,2.354694745348638,-0.3799325148560426,20.66
30,0,998,993,33,369b24672adea34fa45d3024e556d5f10054708a11ee780e1bf241657fba5e79,0.029776100234833208,20.125245847940285,59.19726054382457,7.693975600677752,14.259096480846406,-5.866149367093879,5.866149367093879,-0.7624341005938643,20.66
30,0,1000,993,33,57025173e11af157e860c428f033ab300b4081394908087201e041a909d808b2,0.024720557635357715,16.16088614605821,36.13385122487222,6.011143919826925,20.435867996931076,4.274981850872866,4.274981850872866,0.7111760935838569,20.66
30,0,1002,993,33,81aa6c6acc8a702ccaa4f97fe6e3b05400919b458d69fd7e43f2b313fb71af8c,0.019564195320174282,17.717340885435384,41.10919630687594,6.411645366586953,4.35377967441082,-13.363561211024564,13.363561211024564,-2.0842639364719346,20.66
30,0,1004,993,33,71b0e3cac85a38d4d752611a140fbd3620e4e30c86fdeb11a66cde663796df5d,0.017618039147433096,14.69326205016532,27.12195919735751,5.207874729422503,6.467562363088131,-8.225699687077189,8.225699687077189,-1.579473415634429,20.66
30,0,1007,993,33,10a89c0cda52c0261724edaa89cb5bb1d78acd0baa3376185d3eca0039f7b5e2,0.008308206927868753,18.112495568013728,35.31896828948193,5.942976383049316,12.615979586243629,-5.496515981770099,5.496515981770099,-0.9248759590307946,20.66
30,0,1009,993,33,dab4dd0ae873a1906c00d0617d76db747f66016f93dc9da6d7b58005e123524f,0.006272980393882507,17.917161189801647,32.55668369752445,5.705846448821108,27.378950812339784,9.461789622538138,9.461789622538138,1.6582622240900033,20.66
30,0,1011,1010,34,433943639fffa19a6dceba0ef78d5863aefc9dcd2dcf986950bf71842e0e833f,0.2789402607971979,14.82571742715244,71.54470861268041,8.458410525192095,6.7790284097194675,-8.046689017432973,8.046689017432973,-0.9513240098085957,20.69
30,0,1013,1010,34,2804c287af05fc398cade6e7bb0acda3974d96daaddc091513090d703157cf21,0.05800599599749873,15.419535122012638,42.03341664573157,6.483318335985945,23.652435572624206,8.232900450611568,8.232900450611568,1.2698590480918528,20.69
30,0,1015,1010,34,7974dc72e33227965f733a91226a4b54b0bf564bd2f6a78d36d06c623c853bc1,0.04173502675270152,15.242228446048138,37.09359413318967,6.090451061554445,5.095224920272827,-10.147003525775311,10.147003525775311,-1.6660512371288188,20.69
30,0,1017,1010,34,0e2460a3802feb15ac8f8dd68de73c76d2b016e2aee8a1944a933a99265f10bd,0.03979421616633211,16.314516957924127,42.017191200946954,6.482066892662166,14.675296307325363,-1.639220650598764,1.639220650598764,-0.2528854881850102,20.69
30,0,1019,1010,34,dff46fbc9ff6850fad646f2ae417bee8ff235f20981a747cb3a232195a1ec943,0.020472927374424577,19.358744220783986,49.76497645101941,7.054429562411082,2.9534235400557516,-16.405320680728234,16.405320680728234,-2.325534692151803,20.69
30,0,1021,1010,34,b4974288d851c4a2b9feb5107461bdcff5cfc41f5c611bcc4ee68bc50d926581,0.014184787279410152,17.565101198311766,37.34101983877762,6.110729894110655,3.1287641659379006,-14.436337032373865,14.436337032373865,-2.362457068555295,20.69
30,0,1023,1010,34,043bebb94a40b123be1faa4b5ef058a63e684c30394f1e7b0d9acd2143c9a825,0.014074992604832567,23.335648847706402,66.3758557577494,8.147137887488428,21.05753560781479,-2.2781132398916135,2.2781132398916135,-0.2796212941713084,20.69
30,0,1025,1010,34,75e7c03b21083ffb9f22e804a46df1462823006f9a3c864a6a95e34c20aef43f,0.009740977522272959,17.74349758766875,35.00540437080921,5.916536518167467,26.46001462173462,8.71651703406587,8.71651703406587,1.4732465535031707,20.69
30,0,1027,1026,35,b3079b7405d4b3c55546cd68ef2a2995e65a6c9893c9cb02a3312fe7f5159112,0.24392870024936886,15.060090426847257,69.2512532336516,8.321733787718253,12.63548556113243,-2.4246048657148265,2.4246048657148265,-0.2913581385279608,21.06
30,0,1029,1026,35,4db235b567b9468fd04a2f1a6f94eaccb5d7485639221ef2b852a2f2dd47a539,0.09537706929601081,15.182272118242999,48.210933673869214,6.943409369601451,18.893822103500366,3.711549985257367,3.711549985257367,0.5345428719076676,21.06
30,0,1031,1026,35,06dada72b4d6f434d84dd2418cee84932875a310e4f1b689e4cdfdb9ea049df5,0.04942010639204686,23.140444851038925,89.28867837567513,9.449268668826976,29.649552908897398,6.509108057858473,6.509108057858473,0.6888478130939321,21.06
30,0,1033,1026,35,2b210e07ae4a2b44d1530f4f07d5677ff1106100023620b9e6648e1c5a34fe92,0.0457956307432445,27.353831579326584,120.67014754917163,10.98499647470001,22.28787143230438,-5.065960147022203,5.065960147022203,-0.4611708486834585,21.06
30,0,1035,1026,35,c3e78bf99e7588b6436b5b9a6177b0e306e9720d8f463c52a978c19929d6313e,0.026936512664680223,16.726782354829265,39.66414074597764,6.297947343855586,6.013459729552269,-10.713322625276994,10.713322625276994,-1.701081644597925,21.06
30,0,1037,1026,35,fa59fa1c6a5818fb4478d108355ad25615040ae080efa8e8e66d04bf7397ec78,0.026829722674711592,14.386454178915983,28.98924344510775,5.384165993457831,12.743573056221008,-1.642881122694975,1.642881122694975,-0.3051319600270868,21.06
30,0,1039,1026,35,f6a937a613a6c55ec6b8560fd8348c2667b00b5b174aa1fb1ffda56cec6fd20f,0.022504676855276934,14.562461747202674,28.353160604324398,5.324768596317064,21.98912701869011,7.426665271487435,7.426665271487435,1.3947395341506805,21.06
30,0,1041,1026,35,ec511a920dfeeb7ef9cb0d13cda5734fe7192cafe693ff470a108b072e82bf6c,0.011529988265339547,17.51120299483354,35.37521812222056,5.9477069633784545,24.288828367710114,6.7776253728765745,6.7776253728765745,1.1395358605607402,21.06
30,0,1043,1042,36,a7c450086a8c1243e6d3ca2c9fe3f61eb728d69a434af9e6a5d016c36aa5b681,0.12791501267503946,18.10238822173513,75.3964080919026,8.683110507871163,23.81339704847336,5.7110088267382295,5.7110088267382295,0.6577146313594938,21.12
30,0,1045,1042,36,ec065d4d2668fa128196516a0eae0466ab8d2bf504544459281fbb6c5799a7f6,0.12134442054880323,20.698611746835518,95.41275792265543,9.767945429958925,26.909210326194763,6.210598579359246,6.210598579359246,0.6358142174208853,21.12
30,0,1047,1042,36,b313ebc0e8f28b6892c75514459825259c008da55757351309b80fbdaa212850,0.06781715674404792,15.474827510891993,44.52764739529939,6.67290397018415,24.701507593393327,9.226680082501334,9.226680082501334,1.3827083566207394,21.12
30,0,1049,1042,36,50d135d57c57cf44f913459b938df5dc2a4df322f4db333433e8260e7cf12251,0.03555336451588975,15.98367658650525,39.00516278324276,6.245411338194047,15.178609914183617,-0.8050666723216331,0.8050666723216331,-0.1289053080296277,21.12
30,0,1051,1042,36,16cb9606c7ea64217ed67bd10f6f889fa442a97f658f04f77ec0664fc1bcdd79,0.023032400094484123,14.627044303377165,28.782613002910253,5.364942963621352,2.3797974063158036,-12.24724689706136,12.24724689706136,-2.2828289098519017,21.12
30,0,1346,1042,36,d33849961f7c829bd29381c0f5abb14022958e938b28152890039a918abbfdaa,0.01846775520650601,56.579358103391506,389.0089635318185,19.723310156558874,35.0241652917862,-21.55519281160531,21.55519281160531,-1.0928790674843822,21.12
30,0,1348,1042,36,f822b00b1d6dbcf6bdf3abfbf9d82f659b2a39d745da4d99344f1a2ee9f2a698,0.015738664092781574,17.569806760860708,38.28866736942089,6.187783720317064,25.22261186361313,7.652805102752421,7.652805102752421,1.2367602761591494,21.12
30,0,1350,1042,36,8ac75b053bdad31f900c9c3ab43571f48dd784384df9166a83b5768dcf3cdc02,0.012874507138927155,17.256283693591822,35.17976273970345,5.931253049710782,25.39338474392891,8.137101050337087,8.137101050337087,1.371902527533177,21.12
30,0,1352,1351,37,92b9bc082b332ae0bf4cfaa6e1b2285a1f73c9b78c0dde2599333d95cbd2119a,0.5502940019781459,35.06547204517307,445.16585303563573,21.098953837468713,59.604716806411744,24.539244761238677,24.539244761238677,1.1630550476706814,22.41
30,0,1354,1351,37,d15530577b0f6eb6ca242481c8d9d24a6e955149112b4fb0cb0f9f406caeae96,0.35566086637294647,12.938358567846343,64.91805729974081,8.057174275125295,16.11634317803383,3.1779846101874867,3.1779846101874867,0.39442917599521166,22.41
30,0,1356,1351,37,87fc2879bf924b3f58147c1632ea0ae808a0641a591ad40af5f343799e93e2bb,0.27097403368749684,38.75522953763952,399.8941250801687,19.997352951832617,43.782170011520385,5.026940473880863,5.026940473880863,0.25138029448143434,22.41
30,0,1358,1351,37,2b02f794d5fd7227042bf580241f2a3599631d2677778668840ae2b2823f5588,0.2458689684502584,39.80580151406653,405.02675768108594,20.12527658644934,62.547350160598754,22.741548646532223,22.741548646532223,1.1299993095172893,22.41
30,0,1360,1351,37,4b5e9ff7c78535952aebbf38b29002d151453a3f4145d8265c0e56762666a42f,0.23229205178067303,38.91916263677632,381.72999842600274,19.537911823580398,56.5628262424469,17.643663605670582,17.643663605670582,0.9030475603015242,22.41
30,0,1362,1351,37,1eb84f38ac3b7135a2a7f82751095d6d3572ec17a1ffcb008a756ff2adf07932,0.16342060347137477,39.45481204407222,348.25414923077807,18.661568777323573,55.656658782958985,16.201846738886765,16.201846738886765,0.8681931799096271,22.41
30,0,1364,1351,37,a858b8091a4180c773ff34939c22b2f0afe4eba8d78b0b3e264cb2bd7e32c457,0.1204827819076616,40.98074334318678,339.6859661722116,18.430571509646995,55.876257022857665,14.895513679670884,14.895513679670884,0.8081959732976387,22.41
30,0,1366,1351,37,d6c288cc116a3814b5de0956fe46ecf224ae429fda0a718eec81ef3c929014e9,0.11584264666193556,40.91474790693492,334.81157531942864,18.297857123702453,60.652164169311526,19.737416262376605,19.737416262376605,1.0786736462604352,22.41
30,0,1368,1367,38,03fcd6227d0516700649e88af000a0b63634ff448999402f25bd9d23ec480f73,0.8204569595755631,38.629726945233585,625.8469328080358,25.01693292168398,50.91049536895752,12.280768423723934,12.280768423723934,0.490898243288621,22.58
30,0,1370,1367,38,c2f104055e0ea5a60657d2bb969ae483b754f15b4aa0000bb5608bf4dfd25c5e,0.451783349899479,38.94343625386126,489.3050462018989,22.1202406452077,50.835651475906374,11.892215222045117,11.892215222045117,0.5376169008641205,22.58
30,0,1372,1367,38,f45f2555c1825260cf16d2ad2c3063b78a9b240f4808e85a6d23b99453dc2b25,0.26069906547147337,18.656531357034968,108.18543905881214,10.401222959768344,27.5325471200943,8.876015763059332,8.876015763059332,0.8533627052695175,22.58
30,0,1374,1367,38,1d641adeeba005ed499e9022c366e536f08da564809ade26ee9e97bcc2682678,0.21352316183849862,13.25514317746029,52.910688466845684,7.273973361708557,9.927437633156776,-3.327705544303514,3.327705544303514,-0.4574811287900952,22.58
30,0,1376,1367,38,b7987baa5a1a62c0c1341fe893e5b99c38bb0f64bc7b79e21d8a5d5d5490408c,0.2041463972402957,43.90207937073801,452.2779091245825,21.266826493969017,49.78860551071167,5.886526139973661,5.886526139973661,0.27679381978514755,22.58
30,0,1378,1367,38,1d25d62a5a46dcb6112f868392eb393c10bbb8387a62465045ff7c1351602803,0.17263817834975603,14.220552544541608,55.07490157394775,7.421246632065785,3.1016540163755417,-11.118898528166067,11.118898528166067,-1.4982521238579294,22.58
30,0,1380,1367,38,90a96e8aa5ec43877b047c7156d1d38be6a7a17f30469485b7a64cc39e80c0c6,0.115787210859439,54.445083911066156,560.8211101396134,23.681661895644346,50.9991277885437,-3.4459561225224533,3.4459561225224533,-0.14551158350741641,22.58
30,0,1382,1367,38,3ba76f2c30ee2be5e79a5a249ab996a5f2f10ce410ae44c558620782d4f2062a,0.08517395405904554,16.155685129333147,53.86171434617405,7.339054049819639,9.39195812344551,-6.763727005887636,6.763727005887636,-0.9216074660267501,22.58
30,0,1384,1383,39,b8810177591c3d90ce28955e0c8e4765a6801cdc135f9161193e524d0db52e57,0.3145555416965857,17.721727278458342,107.3145465071086,10.359273454596543,15.555424262046815,-2.1663030164115273,2.1663030164115273,-0.20911727312790557,23.0
30,0,1386,1383,39,333f26f144a67dd2c1e3699fc988208444cc77a99ee3b53815423f4f6f4636c8,0.2153133244077281,17.824032314679982,91.92396542999106,9.587698651396542,27.5435515666008,9.719519251920818,9.719519251920818,1.013748930303006,23.0
30,0,1388,1383,39,34eebd0d0120a54d03507e93211cfbdad9632f479f0c67dc980ad109fa752409,0.11288511481298702,23.390812830479096,119.41402498510472,10.927672441334646,34.413327187538144,11.022514357059048,11.022514357059048,1.008679059171435,23.0
30,0,1390,1383,39,3af371793f732a1a31f97e49829432a8b3470d645796d59daab65fc58636ccba,0.11088301365253261,21.411439190668037,100.69158109187757,10.034519474886556,23.892547135353087,2.48110794468505,2.48110794468505,0.24725727533785066,23.0
30,0,1392,1383,39,00b666627e8500b28e57fab516358a9330591265bf03c5748f0f34a29b9e3c61,0.10877659323060407,19.05186530162093,80.34929848191902,8.963777020983901,27.39903454685211,8.347169245231182,8.347169245231182,0.9312111653035031,23.0
30,0,1394,1383,39,218951bce759f4f2e40c4942c5dd044c606495cf71be79a49b4275153ef96460,0.10653521420272116,20.871299537216117,94.70791956650706,9.731799400239765,34.32375564670563,13.45245610948951,13.45245610948951,1.382319502923383,23.0
30,0,1396,1383,39,c286a6c067a75987e1036ae3580cc286facfc9a939d89e4ca119539609fdc855,0.09467740133045183,21.225054634410803,94.00096660171852,9.695409563381968,22.419399535894392,1.1943449014835892,1.1943449014835892,0.12318663731282084,23.0
30,0,1398,1383,39,161d319f5fe0e1f8bb05b947a809594c043c4967fc36b93c12e8b5563ae92d02,0.08689236476399098,13.9896917697501,40.94910973760081,6.399149141690699,15.728733023881912,1.739041254131811,1.739041254131811,0.2717613257053022,23.0
