{
  "seed": 0,
  "depths": [
    2,
    5,
    10,
    15,
    20
  ],
  "trials_per_block": 100,
  "n_blocks": 5,
  "selected_depths": [
    5,
    20,
    20,
    10,
    20
  ],
  "selected_trials": 500,
  "actual_evaluations": 2500,
  "final_incumbent_cost": -3.2028371568572642,
  "final_incumbent": {
    "x1": 0.4039351318247,
    "x2": 0.882194735391,
    "x3": 0.8354379946752,
    "x4": 0.5757356368322,
    "x5": 0.1181390729725,
    "x6": 0.0393653486083
  },
  "blocks": [
    {
      "block": 1,
      "start_trial": 1,
      "end_trial": 100,
      "branches": [
        {
          "seed": 0,
          "block": 1,
          "depth": 2,
          "branch_dir": "/home/io632776/experiments/adaptive-smac/experiments/hartmann/04_force_variable_policy/hartmann_6d_branch_select_policy/seed_0/block_01/depth_2/0",
          "n_trials": 100,
          "incumbent_cost": -2.888908717961401,
          "incumbent": {
            "x1": 0.4413012106389,
            "x2": 0.8630294844829,
            "x3": 0.6840690966945,
            "x4": 0.611383925048,
            "x5": 0.7611677881351,
            "x6": 0.0751375330524
          }
        },
        {
          "seed": 0,
          "block": 1,
          "depth": 5,
          "branch_dir": "/home/io632776/experiments/adaptive-smac/experiments/hartmann/04_force_variable_policy/hartmann_6d_branch_select_policy/seed_0/block_01/depth_5/0",
          "n_trials": 100,
          "incumbent_cost": -3.0646277993219266,
          "incumbent": {
            "x1": 0.3861857556425,
            "x2": 0.8695424074254,
            "x3": 0.6497035345441,
            "x4": 0.5519015016999,
            "x5": 0.0141139456116,
            "x6": 0.083681591448
          }
        },
        {
          "seed": 0,
          "block": 1,
          "depth": 10,
          "branch_dir": "/home/io632776/experiments/adaptive-smac/experiments/hartmann/04_force_variable_policy/hartmann_6d_branch_select_policy/seed_0/block_01/depth_10/0",
          "n_trials": 100,
          "incumbent_cost": -3.0002063957439202,
          "incumbent": {
            "x1": 0.3949388516277,
            "x2": 0.9563374048586,
            "x3": 0.8112993720554,
            "x4": 0.5877973918553,
            "x5": 0.0509329585205,
            "x6": 0.0026815372778
          }
        },
        {
          "seed": 0,
          "block": 1,
          "depth": 15,
          "branch_dir": "/home/io632776/experiments/adaptive-smac/experiments/hartmann/04_force_variable_policy/hartmann_6d_branch_select_policy/seed_0/block_01/depth_15/0",
          "n_trials": 100,
          "incumbent_cost": -2.9978887272394332,
          "incumbent": {
            "x1": 0.3983004971443,
            "x2": 0.9551318095266,
            "x3": 0.8613882052603,
            "x4": 0.5977380194603,
            "x5": 0.0026090297226,
            "x6": 0.0040442781886
          }
        },
        {
          "seed": 0,
          "block": 1,
          "depth": 20,
          "branch_dir": "/home/io632776/experiments/adaptive-smac/experiments/hartmann/04_force_variable_policy/hartmann_6d_branch_select_policy/seed_0/block_01/depth_20/0",
          "n_trials": 100,
          "incumbent_cost": -2.9978887272394332,
          "incumbent": {
            "x1": 0.3983004971443,
            "x2": 0.9551318095266,
            "x3": 0.8613882052603,
            "x4": 0.5977380194603,
            "x5": 0.0026090297226,
            "x6": 0.0040442781886
          }
        }
      ],
      "selected": {
        "seed": 0,
        "block": 1,
        "depth": 5,
        "branch_dir": "/home/io632776/experiments/adaptive-smac/experiments/hartmann/04_force_variable_policy/hartmann_6d_branch_select_policy/seed_0/block_01/depth_5/0",
        "n_trials": 100,
        "incumbent_cost": -3.0646277993219266,
        "incumbent": {
          "x1": 0.3861857556425,
          "x2": 0.8695424074254,
          "x3": 0.6497035345441,
          "x4": 0.5519015016999,
          "x5": 0.0141139456116,
          "x6": 0.083681591448
        }
      }
    },
    {
      "block": 2,
      "start_trial": 101,
      "end_trial": 200,
      "branches": [
        {
          "seed": 0,
          "block": 2,
          "depth": 2,
          "branch_dir": "/home/io632776/experiments/adaptive-smac/experiments/hartmann/04_force_variable_policy/hartmann_6d_branch_select_policy/seed_0/block_02/depth_2/0",
          "n_trials": 200,
          "incumbent_cost": -3.1669265620065534,
          "incumbent": {
            "x1": 0.3936186874555,
            "x2": 0.8632824270531,
            "x3": 0.5854641763814,
            "x4": 0.5596847466077,
            "x5": 0.0548647570161,
            "x6": 0.0403324447555
          }
        },
        {
          "seed": 0,
          "block": 2,
          "depth": 5,
          "branch_dir": "/home/io632776/experiments/adaptive-smac/experiments/hartmann/04_force_variable_policy/hartmann_6d_branch_select_policy/seed_0/block_02/depth_5/0",
          "n_trials": 200,
          "incumbent_cost": -3.0867675431481523,
          "incumbent": {
            "x1": 0.4080889464986,
            "x2": 0.8649617563262,
            "x3": 0.9281018484035,
            "x4": 0.5669849708451,
            "x5": 0.4109482358151,
            "x6": 0.0808965629815
          }
        },
        {
          "seed": 0,
          "block": 2,
          "depth": 10,
          "branch_dir": "/home/io632776/experiments/adaptive-smac/experiments/hartmann/04_force_variable_policy/hartmann_6d_branch_select_policy/seed_0/block_02/depth_10/0",
          "n_trials": 200,
          "incumbent_cost": -3.1910792091392315,
          "incumbent": {
            "x1": 0.4101146918924,
            "x2": 0.8773111088306,
            "x3": 0.9924263985106,
            "x4": 0.5774101004839,
            "x5": 0.0011160389123,
            "x6": 0.0431650586797
          }
        },
        {
          "seed": 0,
          "block": 2,
          "depth": 15,
          "branch_dir": "/home/io632776/experiments/adaptive-smac/experiments/hartmann/04_force_variable_policy/hartmann_6d_branch_select_policy/seed_0/block_02/depth_15/0",
          "n_trials": 200,
          "incumbent_cost": -3.1808840487194083,
          "incumbent": {
            "x1": 0.4157565891082,
            "x2": 0.8721186722685,
            "x3": 0.6697544698825,
            "x4": 0.5782219341896,
            "x5": 0.0015263662694,
            "x6": 0.0429202921792
          }
        },
        {
          "seed": 0,
          "block": 2,
          "depth": 20,
          "branch_dir": "/home/io632776/experiments/adaptive-smac/experiments/hartmann/04_force_variable_policy/hartmann_6d_branch_select_policy/seed_0/block_02/depth_20/0",
          "n_trials": 200,
          "incumbent_cost": -3.192397246024042,
          "incumbent": {
            "x1": 0.4053909295893,
            "x2": 0.8736127207868,
            "x3": 0.8940164062988,
            "x4": 0.5687118382263,
            "x5": 0.0072675709124,
            "x6": 0.0310318982755
          }
        }
      ],
      "selected": {
        "seed": 0,
        "block": 2,
        "depth": 20,
        "branch_dir": "/home/io632776/experiments/adaptive-smac/experiments/hartmann/04_force_variable_policy/hartmann_6d_branch_select_policy/seed_0/block_02/depth_20/0",
        "n_trials": 200,
        "incumbent_cost": -3.192397246024042,
        "incumbent": {
          "x1": 0.4053909295893,
          "x2": 0.8736127207868,
          "x3": 0.8940164062988,
          "x4": 0.5687118382263,
          "x5": 0.0072675709124,
          "x6": 0.0310318982755
        }
      }
    },
    {
      "block": 3,
      "start_trial": 201,
      "end_trial": 300,
      "branches": [
        {
          "seed": 0,
          "block": 3,
          "depth": 2,
          "branch_dir": "/home/io632776/experiments/adaptive-smac/experiments/hartmann/04_force_variable_policy/hartmann_6d_branch_select_policy/seed_0/block_03/depth_2/0",