{
  "seed": 0,
  "depths": [
    2,
    5,
    10,
    15,
    20
  ],
  "trials_per_block": 100,
  "n_blocks": 5,
  "selected_depths": [
    10,
    15,
    20,
    15,
    20
  ],
  "selected_trials": 500,
  "actual_evaluations": 2500,
  "final_incumbent_cost": -3.198356547979977,
  "final_incumbent": {
    "x1": 0.4068949396406,
    "x2": 0.889329862139,
    "x3": 0.9249103685527,
    "x4": 0.5795269479392,
    "x5": 0.093091182696,
    "x6": 0.0429975691468
  },
  "blocks": [
    {
      "block": 1,
      "start_trial": 1,
      "end_trial": 100,
      "branches": [
        {
          "seed": 0,
          "block": 1,
          "depth": 2,
          "branch_dir": "/home/io632776/experiments/adaptive-smac/experiments/hartmann/04_force_variable_policy/hartmann_6d_branch_select_policy/seed_0/block_01/depth_2/0",
          "n_trials": 100,
          "incumbent_cost": -2.8940924520510705,
          "incumbent": {
            "x1": 0.3994808702654,
            "x2": 0.9826328083873,
            "x3": 0.7410912071424,
            "x4": 0.5738774516248,
            "x5": 0.5565018546803,
            "x6": 0.0415429280223
          }
        },
        {
          "seed": 0,
          "block": 1,
          "depth": 5,
          "branch_dir": "/home/io632776/experiments/adaptive-smac/experiments/hartmann/04_force_variable_policy/hartmann_6d_branch_select_policy/seed_0/block_01/depth_5/0",
          "n_trials": 100,
          "incumbent_cost": -2.9767629050491125,
          "incumbent": {
            "x1": 0.3873093316933,
            "x2": 0.9720574551711,
            "x3": 0.7858066366461,
            "x4": 0.5745231299824,
            "x5": 0.1188330453479,
            "x6": 0.021808584432
          }
        },
        {
          "seed": 0,
          "block": 1,
          "depth": 10,
          "branch_dir": "/home/io632776/experiments/adaptive-smac/experiments/hartmann/04_force_variable_policy/hartmann_6d_branch_select_policy/seed_0/block_01/depth_10/0",
          "n_trials": 100,
          "incumbent_cost": -2.988438161772009,
          "incumbent": {
            "x1": 0.367483894849,
            "x2": 0.9242969094936,
            "x3": 0.2515436945914,
            "x4": 0.5843337442953,
            "x5": 0.3069094154523,
            "x6": 0.0134635201465
          }
        },
        {
          "seed": 0,
          "block": 1,
          "depth": 15,
          "branch_dir": "/home/io632776/experiments/adaptive-smac/experiments/hartmann/04_force_variable_policy/hartmann_6d_branch_select_policy/seed_0/block_01/depth_15/0",
          "n_trials": 100,
          "incumbent_cost": -2.988438161772009,
          "incumbent": {
            "x1": 0.367483894849,
            "x2": 0.9242969094936,
            "x3": 0.2515436945914,
            "x4": 0.5843337442953,
            "x5": 0.3069094154523,
            "x6": 0.0134635201465
          }
        },
        {
          "seed": 0,
          "block": 1,
          "depth": 20,
          "branch_dir": "/home/io632776/experiments/adaptive-smac/experiments/hartmann/04_force_variable_policy/hartmann_6d_branch_select_policy/seed_0/block_01/depth_20/0",
          "n_trials": 100,
          "incumbent_cost": -2.988438161772009,
          "incumbent": {
            "x1": 0.367483894849,
            "x2": 0.9242969094936,
            "x3": 0.2515436945914,
            "x4": 0.5843337442953,
            "x5": 0.3069094154523,
            "x6": 0.0134635201465
          }
        }
      ],
      "selected": {
        "seed": 0,
        "block": 1,
        "depth": 10,
        "branch_dir": "/home/io632776/experiments/adaptive-smac/experiments/hartmann/04_force_variable_policy/hartmann_6d_branch_select_policy/seed_0/block_01/depth_10/0",
        "n_trials": 100,
        "incumbent_cost": -2.988438161772009,
        "incumbent": {
          "x1": 0.367483894849,
          "x2": 0.9242969094936,
          "x3": 0.2515436945914,
          "x4": 0.5843337442953,
          "x5": 0.3069094154523,
          "x6": 0.0134635201465
        }
      }
    },
    {
      "block": 2,
      "start_trial": 101,
      "end_trial": 200,
      "branches": [
        {
          "seed": 0,
          "block": 2,
          "depth": 2,
          "branch_dir": "/home/io632776/experiments/adaptive-smac/experiments/hartmann/04_force_variable_policy/hartmann_6d_branch_select_policy/seed_0/block_02/depth_2/0",
          "n_trials": 200,
          "incumbent_cost": -3.0124764405057016,
          "incumbent": {
            "x1": 0.3675410766602,
            "x2": 0.9277994442225,
            "x3": 0.5419720801005,
            "x4": 0.5807637023239,
            "x5": 0.1263991619309,
            "x6": 0.0044256383093
          }
        },
        {
          "seed": 0,
          "block": 2,
          "depth": 5,
          "branch_dir": "/home/io632776/experiments/adaptive-smac/experiments/hartmann/04_force_variable_policy/hartmann_6d_branch_select_policy/seed_0/block_02/depth_5/0",
          "n_trials": 200,
          "incumbent_cost": -3.116745238907171,
          "incumbent": {
            "x1": 0.4005682579932,
            "x2": 0.9081679869534,
            "x3": 0.4544100707293,
            "x4": 0.5835346422271,
            "x5": 0.3672617836214,
            "x6": 0.0164168660665
          }
        },
        {
          "seed": 0,
          "block": 2,
          "depth": 10,
          "branch_dir": "/home/io632776/experiments/adaptive-smac/experiments/hartmann/04_force_variable_policy/hartmann_6d_branch_select_policy/seed_0/block_02/depth_10/0",
          "n_trials": 200,
          "incumbent_cost": -3.1224353252690626,
          "incumbent": {
            "x1": 0.372871742444,
            "x2": 0.8815625232637,
            "x3": 0.8236632899586,
            "x4": 0.5833948188104,
            "x5": 0.2929132987607,
            "x6": 0.0200824857661
          }
        },
        {
          "seed": 0,
          "block": 2,
          "depth": 15,
          "branch_dir": "/home/io632776/experiments/adaptive-smac/experiments/hartmann/04_force_variable_policy/hartmann_6d_branch_select_policy/seed_0/block_02/depth_15/0",
          "n_trials": 200,
          "incumbent_cost": -3.127909131667632,
          "incumbent": {
            "x1": 0.3889294569917,
            "x2": 0.9090102547946,
            "x3": 0.9891994505781,
            "x4": 0.5496596857787,
            "x5": 0.2743536840979,
            "x6": 0.0198865854013
          }
        },
        {
          "seed": 0,
          "block": 2,
          "depth": 20,
          "branch_dir": "/home/io632776/experiments/adaptive-smac/experiments/hartmann/04_force_variable_policy/hartmann_6d_branch_select_policy/seed_0/block_02/depth_20/0",
          "n_trials": 200,
          "incumbent_cost": -3.1225049494341954,
          "incumbent": {
            "x1": 0.4148063156023,
            "x2": 0.8391118860858,
            "x3": 0.9441850409411,
            "x4": 0.5715252546217,
            "x5": 0.3108820199714,
            "x6": 0.0199984084362
          }
        }
      ],
      "selected": {
        "seed": 0,
        "block": 2,
        "depth": 15,
        "branch_dir": "/home/io632776/experiments/adaptive-smac/experiments/hartmann/04_force_variable_policy/hartmann_6d_branch_select_policy/seed_0/block_02/depth_15/0",
        "n_trials": 200,
        "incumbent_cost": -3.127909131667632,
        "incumbent": {
          "x1": 0.3889294569917,
          "x2": 0.9090102547946,
          "x3": 0.9891994505781,
          "x4": 0.5496596857787,
          "x5": 0.2743536840979,
          "x6": 0.0198865854013
        }
      }
    },
    {
      "block": 3,
      "start_trial": 201,
      "end_trial": 300,
      "branches": [
        {
          "seed": 0,
          "block": 3,
          "depth": 2,
          "branch_dir": "/home/io632776/experiments/adaptive-smac/experiments/hartmann/04_force_variable_policy/hartmann_6d_branch_select_policy/seed_0/block_03/depth_2/0",