{
  "run_label": "basic_run_a",
  "seed": 0,
  "pythonhashseed": null,
  "n_trials": 400,
  "n_initial_design_configs": 25,
  "final_incumbent_cost": -3.1982405222987205,
  "best_at_end": -3.1982405222987205,
  "incumbent": {
    "x1": 0.4047688107444,
    "x2": 0.8838563093056,
    "x3": 0.8429508159872,
    "x4": 0.574192586598,
    "x5": 0.0121962263398,
    "x6": 0.0390092119642
  },
  "run_dir": "/rwthfs/rz/cluster/home/io632776/experiments/adaptive-smac/experiments/hartmann/Debug_06/basic_smac_two_jobs/basic_run_a/0"
}