{
  "seed": 4,
  "leaf_values": [
    1,
    2,
    3,
    4,
    5
  ],
  "trials_per_block": 100,
  "n_blocks": 5,
  "selected_leaf_values": [
    5,
    4,
    4,
    1,
    4
  ],
  "selected_trials": 500,
  "actual_evaluations": 2500,
  "final_incumbent_cost": -3.319989338863971,
  "final_incumbent": {
    "x1": 0.2138206555605,
    "x2": 0.1522154988281,
    "x3": 0.4758956498527,
    "x4": 0.2760964376496,
    "x5": 0.3143297517245,
    "x6": 0.6595909161263
  },
  "blocks": [
    {
      "block": 1,
      "start_trial": 1,
      "end_trial": 100,
      "branches": [
        {
          "seed": 4,
          "block": 1,
          "min_samples_leaf": 1,
          "branch_dir": "/home/io632776/experiments/adaptive-smac/experiments/hartmann/05_force_variable_min_samples_leaf/hartmann_6d_branch_select_min_samples_leaf/seed_4/block_01/leaf_1/4",
          "n_trials": 100,
          "incumbent_cost": -2.8896960179401234,
          "incumbent": {
            "x1": 0.0905819224401,
            "x2": 0.1171169702681,
            "x3": 0.4748259897377,
            "x4": 0.3272206800339,
            "x5": 0.2780380929592,
            "x6": 0.5805568436461
          }
        },
        {
          "seed": 4,
          "block": 1,
          "min_samples_leaf": 2,
          "branch_dir": "/home/io632776/experiments/adaptive-smac/experiments/hartmann/05_force_variable_min_samples_leaf/hartmann_6d_branch_select_min_samples_leaf/seed_4/block_01/leaf_2/4",
          "n_trials": 100,
          "incumbent_cost": -2.827096302044731,
          "incumbent": {
            "x1": 0.1847612346215,
            "x2": 0.0585283089509,
            "x3": 0.4485254034262,
            "x4": 0.3672955088153,
            "x5": 0.3701326323224,
            "x6": 0.6484514324937
          }
        },
        {
          "seed": 4,
          "block": 1,
          "min_samples_leaf": 3,
          "branch_dir": "/home/io632776/experiments/adaptive-smac/experiments/hartmann/05_force_variable_min_samples_leaf/hartmann_6d_branch_select_min_samples_leaf/seed_4/block_01/leaf_3/4",
          "n_trials": 100,
          "incumbent_cost": -2.8321476062854205,
          "incumbent": {
            "x1": 0.1115111445777,
            "x2": 0.0334971084256,
            "x3": 0.5031642780688,
            "x4": 0.2838870977069,
            "x5": 0.2918988615524,
            "x6": 0.559512853128
          }
        },
        {
          "seed": 4,
          "block": 1,
          "min_samples_leaf": 4,
          "branch_dir": "/home/io632776/experiments/adaptive-smac/experiments/hartmann/05_force_variable_min_samples_leaf/hartmann_6d_branch_select_min_samples_leaf/seed_4/block_01/leaf_4/4",
          "n_trials": 100,
          "incumbent_cost": -2.781337660507884,
          "incumbent": {
            "x1": 0.2866940881938,
            "x2": 0.0949363557077,
            "x3": 0.305069272652,
            "x4": 0.3776715740671,
            "x5": 0.2833638822016,
            "x6": 0.6453691018349
          }
        },
        {
          "seed": 4,
          "block": 1,
          "min_samples_leaf": 5,
          "branch_dir": "/home/io632776/experiments/adaptive-smac/experiments/hartmann/05_force_variable_min_samples_leaf/hartmann_6d_branch_select_min_samples_leaf/seed_4/block_01/leaf_5/4",
          "n_trials": 100,
          "incumbent_cost": -3.0394513783198516,
          "incumbent": {
            "x1": 0.208271456877,
            "x2": 0.0878676667949,
            "x3": 0.6080195600506,
            "x4": 0.3130769649813,
            "x5": 0.3185000373812,
            "x6": 0.6745616385035
          }
        }
      ],
      "selected": {
        "seed": 4,
        "block": 1,
        "min_samples_leaf": 5,
        "branch_dir": "/home/io632776/experiments/adaptive-smac/experiments/hartmann/05_force_variable_min_samples_leaf/hartmann_6d_branch_select_min_samples_leaf/seed_4/block_01/leaf_5/4",
        "n_trials": 100,
        "incumbent_cost": -3.0394513783198516,
        "incumbent": {
          "x1": 0.208271456877,
          "x2": 0.0878676667949,
          "x3": 0.6080195600506,
          "x4": 0.3130769649813,
          "x5": 0.3185000373812,
          "x6": 0.6745616385035
        }
      }
    },
    {
      "block": 2,
      "start_trial": 101,
      "end_trial": 200,
      "branches": [
        {
          "seed": 4,
          "block": 2,
          "min_samples_leaf": 1,
          "branch_dir": "/home/io632776/experiments/adaptive-smac/experiments/hartmann/05_force_variable_min_samples_leaf/hartmann_6d_branch_select_min_samples_leaf/seed_4/block_02/leaf_1/4",
          "n_trials": 200,
          "incumbent_cost": -3.256256497967446,
          "incumbent": {
            "x1": 0.2022197481776,
            "x2": 0.084331682397,
            "x3": 0.4440185373346,
            "x4": 0.2609261664972,
            "x5": 0.3146064259801,
            "x6": 0.6641153108807
          }
        },
        {
          "seed": 4,
          "block": 2,
          "min_samples_leaf": 2,
          "branch_dir": "/home/io632776/experiments/adaptive-smac/experiments/hartmann/05_force_variable_min_samples_leaf/hartmann_6d_branch_select_min_samples_leaf/seed_4/block_02/leaf_2/4",
          "n_trials": 200,
          "incumbent_cost": -3.1381096169554255,
          "incumbent": {
            "x1": 0.2118121958818,
            "x2": 0.0879322960112,
            "x3": 0.58617539804,
            "x4": 0.2741958018983,
            "x5": 0.3066447119282,
            "x6": 0.674009144043
          }
        },
        {
          "seed": 4,
          "block": 2,
          "min_samples_leaf": 3,
          "branch_dir": "/home/io632776/experiments/adaptive-smac/experiments/hartmann/05_force_variable_min_samples_leaf/hartmann_6d_branch_select_min_samples_leaf/seed_4/block_02/leaf_3/4",
          "n_trials": 200,
          "incumbent_cost": -3.2234132145795957,
          "incumbent": {
            "x1": 0.1731432879499,
            "x2": 0.0871941189612,
            "x3": 0.5308893304414,
            "x4": 0.2933962964718,
            "x5": 0.3111406597465,
            "x6": 0.6669087808014
          }
        },
        {
          "seed": 4,
          "block": 2,
          "min_samples_leaf": 4,
          "branch_dir": "/home/io632776/experiments/adaptive-smac/experiments/hartmann/05_force_variable_min_samples_leaf/hartmann_6d_branch_select_min_samples_leaf/seed_4/block_02/leaf_4/4",
          "n_trials": 200,
          "incumbent_cost": -3.265302517882187,
          "incumbent": {
            "x1": 0.2107331587589,
            "x2": 0.0881177289131,
            "x3": 0.4384945029608,
            "x4": 0.2723333446152,
            "x5": 0.3160146701447,
            "x6": 0.6552215868604
          }
        },
        {
          "seed": 4,
          "block": 2,
          "min_samples_leaf": 5,
          "branch_dir": "/home/io632776/experiments/adaptive-smac/experiments/hartmann/05_force_variable_min_samples_leaf/hartmann_6d_branch_select_min_samples_leaf/seed_4/block_02/leaf_5/4",
          "n_trials": 200,
          "incumbent_cost": -3.1763100728896676,
          "incumbent": {
            "x1": 0.1612133569663,
            "x2": 0.0881130416084,
            "x3": 0.5448584799599,
            "x4": 0.2629593204769,
            "x5": 0.334876430182,
            "x6": 0.676830719178
          }
        }
      ],
      "selected": {
        "seed": 4,
        "block": 2,
        "min_samples_leaf": 4,
        "branch_dir": "/home/io632776/experiments/adaptive-smac/experiments/hartmann/05_force_variable_min_samples_leaf/hartmann_6d_branch_select_min_samples_leaf/seed_4/block_02/leaf_4/4",
        "n_trials": 200,
        "incumbent_cost": -3.265302517882187,
        "incumbent": {
          "x1": 0.2107331587589,
          "x2": 0.0881177289131,
          "x3": 0.4384945029608,
          "x4": 0.2723333446152,
          "x5": 0.3160146701447,