{
  "seed": 4,
  "leaf_values": [
    1,
    2,
    3,
    4,
    5
  ],
  "trials_per_block": 100,
  "n_blocks": 5,
  "selected_leaf_values": [
    2,
    5,
    1,
    4,
    4
  ],
  "selected_trials": 500,
  "actual_evaluations": 2500,
  "final_incumbent_cost": -3.321785715082435,
  "final_incumbent": {
    "x1": 0.2014512921281,
    "x2": 0.1487137527559,
    "x3": 0.4719060175632,
    "x4": 0.2722643523218,
    "x5": 0.3119047610422,
    "x6": 0.6578935913543
  },
  "blocks": [
    {
      "block": 1,
      "start_trial": 1,
      "end_trial": 100,
      "branches": [
        {
          "seed": 4,
          "block": 1,
          "min_samples_leaf": 1,
          "branch_dir": "/home/io632776/experiments/adaptive-smac/experiments/hartmann/05_force_variable_min_samples_leaf/hartmann_6d_branch_select_min_samples_leaf/seed_4/block_01/leaf_1/4",
          "n_trials": 100,
          "incumbent_cost": -2.419300870573747,
          "incumbent": {
            "x1": 0.1035823928085,
            "x2": 0.0994191012638,
            "x3": 0.621292161857,
            "x4": 0.2874620417473,
            "x5": 0.1988553005702,
            "x6": 0.6236683563817
          }
        },
        {
          "seed": 4,
          "block": 1,
          "min_samples_leaf": 2,
          "branch_dir": "/home/io632776/experiments/adaptive-smac/experiments/hartmann/05_force_variable_min_samples_leaf/hartmann_6d_branch_select_min_samples_leaf/seed_4/block_01/leaf_2/4",
          "n_trials": 100,
          "incumbent_cost": -3.161283519912808,
          "incumbent": {
            "x1": 0.2386260482443,
            "x2": 0.1623749343925,
            "x3": 0.4868263412929,
            "x4": 0.2701893171694,
            "x5": 0.3044263950129,
            "x6": 0.7322606775304
          }
        },
        {
          "seed": 4,
          "block": 1,
          "min_samples_leaf": 3,
          "branch_dir": "/home/io632776/experiments/adaptive-smac/experiments/hartmann/05_force_variable_min_samples_leaf/hartmann_6d_branch_select_min_samples_leaf/seed_4/block_01/leaf_3/4",
          "n_trials": 100,
          "incumbent_cost": -2.903744237364243,
          "incumbent": {
            "x1": 0.1731683947735,
            "x2": 0.0164624420858,
            "x3": 0.4704257004423,
            "x4": 0.3122678638696,
            "x5": 0.3281709564805,
            "x6": 0.739353902404
          }
        },
        {
          "seed": 4,
          "block": 1,
          "min_samples_leaf": 4,
          "branch_dir": "/home/io632776/experiments/adaptive-smac/experiments/hartmann/05_force_variable_min_samples_leaf/hartmann_6d_branch_select_min_samples_leaf/seed_4/block_01/leaf_4/4",
          "n_trials": 100,
          "incumbent_cost": -3.046373866329554,
          "incumbent": {
            "x1": 0.0886860859348,
            "x2": 0.1149787481421,
            "x3": 0.5310119479598,
            "x4": 0.3015913825238,
            "x5": 0.2790781491213,
            "x6": 0.6431154847439
          }
        },
        {
          "seed": 4,
          "block": 1,
          "min_samples_leaf": 5,
          "branch_dir": "/home/io632776/experiments/adaptive-smac/experiments/hartmann/05_force_variable_min_samples_leaf/hartmann_6d_branch_select_min_samples_leaf/seed_4/block_01/leaf_5/4",
          "n_trials": 100,
          "incumbent_cost": -2.2748195501949957,
          "incumbent": {
            "x1": 0.2180034995036,
            "x2": 0.0719157047442,
            "x3": 0.4919538630906,
            "x4": 0.3070111686274,
            "x5": 0.3561444371655,
            "x6": 0.857797236304
          }
        }
      ],
      "selected": {
        "seed": 4,
        "block": 1,
        "min_samples_leaf": 2,
        "branch_dir": "/home/io632776/experiments/adaptive-smac/experiments/hartmann/05_force_variable_min_samples_leaf/hartmann_6d_branch_select_min_samples_leaf/seed_4/block_01/leaf_2/4",
        "n_trials": 100,
        "incumbent_cost": -3.161283519912808,
        "incumbent": {
          "x1": 0.2386260482443,
          "x2": 0.1623749343925,
          "x3": 0.4868263412929,
          "x4": 0.2701893171694,
          "x5": 0.3044263950129,
          "x6": 0.7322606775304
        }
      }
    },
    {
      "block": 2,
      "start_trial": 101,
      "end_trial": 200,
      "branches": [
        {
          "seed": 4,
          "block": 2,
          "min_samples_leaf": 1,
          "branch_dir": "/home/io632776/experiments/adaptive-smac/experiments/hartmann/05_force_variable_min_samples_leaf/hartmann_6d_branch_select_min_samples_leaf/seed_4/block_02/leaf_1/4",
          "n_trials": 200,
          "incumbent_cost": -3.252987683865446,
          "incumbent": {
            "x1": 0.198015435581,
            "x2": 0.1673230945773,
            "x3": 0.492013495837,
            "x4": 0.2567874428574,
            "x5": 0.3003576153498,
            "x6": 0.7006865202318
          }
        },
        {
          "seed": 4,
          "block": 2,
          "min_samples_leaf": 2,
          "branch_dir": "/home/io632776/experiments/adaptive-smac/experiments/hartmann/05_force_variable_min_samples_leaf/hartmann_6d_branch_select_min_samples_leaf/seed_4/block_02/leaf_2/4",
          "n_trials": 200,
          "incumbent_cost": -3.260076338762898,
          "incumbent": {
            "x1": 0.2241923982627,
            "x2": 0.1467342710127,
            "x3": 0.4956750334981,
            "x4": 0.2610123707389,
            "x5": 0.3235118969885,
            "x6": 0.6962830501301
          }
        },
        {
          "seed": 4,
          "block": 2,
          "min_samples_leaf": 3,
          "branch_dir": "/home/io632776/experiments/adaptive-smac/experiments/hartmann/05_force_variable_min_samples_leaf/hartmann_6d_branch_select_min_samples_leaf/seed_4/block_02/leaf_3/4",
          "n_trials": 200,
          "incumbent_cost": -3.234981212557324,
          "incumbent": {
            "x1": 0.2395369385398,
            "x2": 0.145777093292,
            "x3": 0.4879175870437,
            "x4": 0.2683602609322,
            "x5": 0.3042142237049,
            "x6": 0.7079230177094
          }
        },
        {
          "seed": 4,
          "block": 2,
          "min_samples_leaf": 4,
          "branch_dir": "/home/io632776/experiments/adaptive-smac/experiments/hartmann/05_force_variable_min_samples_leaf/hartmann_6d_branch_select_min_samples_leaf/seed_4/block_02/leaf_4/4",
          "n_trials": 200,
          "incumbent_cost": -3.264209731498612,
          "incumbent": {
            "x1": 0.2136988715327,
            "x2": 0.1359495664912,
            "x3": 0.4982800116853,
            "x4": 0.2675581876104,
            "x5": 0.306460163387,
            "x6": 0.6997242882393
          }
        },
        {
          "seed": 4,
          "block": 2,
          "min_samples_leaf": 5,
          "branch_dir": "/home/io632776/experiments/adaptive-smac/experiments/hartmann/05_force_variable_min_samples_leaf/hartmann_6d_branch_select_min_samples_leaf/seed_4/block_02/leaf_5/4",
          "n_trials": 200,
          "incumbent_cost": -3.2690363653188665,
          "incumbent": {
            "x1": 0.2227182827206,
            "x2": 0.1465314276378,
            "x3": 0.4714351251416,
            "x4": 0.2845262288708,
            "x5": 0.310996299616,
            "x6": 0.6999130127799
          }
        }
      ],
      "selected": {
        "seed": 4,
        "block": 2,
        "min_samples_leaf": 5,
        "branch_dir": "/home/io632776/experiments/adaptive-smac/experiments/hartmann/05_force_variable_min_samples_leaf/hartmann_6d_branch_select_min_samples_leaf/seed_4/block_02/leaf_5/4",
        "n_trials": 200,
        "incumbent_cost": -3.2690363653188665,
        "incumbent": {
          "x1": 0.2227182827206,
          "x2": 0.1465314276378,
          "x3": 0.4714351251416,
          "x4": 0.2845262288708,
          "x5": 0.310996299616,
          "x6": 0.6999130127799
        }
      }
    },
    {
      "block": 3,