{
  "run_label": "same_function_a",
  "seed": 0,
  "n_trials": 400,
  "n_initial_design_configs": 25,
  "final_incumbent_cost": -3.1559179809128746,
  "best_at_100": -2.9048938177362893,
  "best_at_200": -3.1465515216510114,
  "best_at_300": -3.1552140180269057,
  "best_at_400": -3.1559179809128746,
  "incumbent": {
    "x1": 0.406264238616,
    "x2": 0.878799270804,
    "x3": 0.8557710095095,
    "x4": 0.5727988387466,
    "x5": 0.141921711528,
    "x6": 0.0060466201113
  },
  "run_dir": "/home/io632776/experiments/adaptive-smac/experiments/hartmann/Debug_03/same_function_two_names/same_function_a/0"
}