{
  "incumbent_ids": [
    96
  ],
  "rejected_config_ids": [
    2,
    3,
    4,
    5,
    6,
    7,
    8,
    9,
    10,
    11,
    12,
    13,
    1,
    15,
    16,
    17,
    18,
    19,
    20,
    21,
    22,
    23,
    24,
    25,
    26,
    27,
    28,
    29,
    30,
    31,
    32,
    33,
    34,
    35,
    36,
    37,
    38,
    39,
    40,
    41,
    42,
    43,
    44,
    14,
    46,
    47,
    48,
    49,
    50,
    51,
    52,
    53,
    54,
    55,
    56,
    57,
    58,
    59,
    60,
    61,
    62,
    63,
    64,
    65,
    66,
    67,
    68,
    69,
    70,
    71,
    72,
    73,
    74,
    75,
    76,
    77,
    78,
    79,
    80,
    81,
    82,
    83,
    84,
    85,
    86,
    87,
    88,
    89,
    90,
    91,
    92,
    93,
    94,
    95,
    45,
    97,
    98,
    99,
    100
  ],
  "incumbents_changed": 4,
  "trajectory": [
    {
      "config_ids": [
        1
      ],
      "costs": [
        -0.8844801719943094
      ],
      "trial": 1,
      "walltime": 0.0023717880249023438
    },
    {
      "config_ids": [
        14
      ],
      "costs": [
        -1.1629591518362856
      ],
      "trial": 14,
      "walltime": 0.049915313720703125
    },
    {
      "config_ids": [
        45
      ],
      "costs": [
        -2.4709006062041508
      ],
      "trial": 45,
      "walltime": 2.7205443382263184
    },
    {
      "config_ids": [
        96
      ],
      "costs": [
        -2.5003514328110574
      ],
      "trial": 96,
      "walltime": 8.716241598129272
    }
  ],
  "state": {
    "queue": [
      [
        100,
        1
      ]
    ]
  }
}