{
  "run_type": "default_surrogate",
  "seed": 0,
  "n_trials": 400,
  "n_initial_design_configs": 25,
  "final_incumbent_cost": -3.198248124118917,
  "best_at_100": -2.786223616169116,
  "best_at_200": -3.1258787226094737,
  "best_at_300": -3.153828469555575,
  "best_at_400": -3.198248124118917,
  "incumbent": {
    "x1": 0.4036504884783,
    "x2": 0.8815841559761,
    "x3": 0.7616968679131,
    "x4": 0.5825368336789,
    "x5": 0.078016171202,
    "x6": 0.036940765547
  },
  "run_dir": "/home/io632776/experiments/adaptive-smac/experiments/hartmann/Debug/debug_default_surrogate/default_surrogate/0"
}