{
  "incumbent_ids": [
    19
  ],
  "rejected_config_ids": [
    1,
    3,
    4,
    5,
    6,
    7,
    8,
    9,
    10,
    11,
    12,
    13,
    14,
    15,
    2,
    17,
    18,
    16,
    20,
    21,
    22,
    23,
    24,
    25,
    26,
    27,
    28,
    29,
    30
  ],
  "incumbents_changed": 4,
  "trajectory": [
    {
      "config_ids": [
        1
      ],
      "costs": [
        102.97287942173601
      ],
      "trial": 1,
      "walltime": 0.003984212875366211
    },
    {
      "config_ids": [
        2
      ],
      "costs": [
        1.2716989457739096
      ],
      "trial": 2,
      "walltime": 0.009982585906982422
    },
    {
      "config_ids": [
        16
      ],
      "costs": [
        1.1339143589266225
      ],
      "trial": 16,
      "walltime": 8.298969030380249
    },
    {
      "config_ids": [
        19
      ],
      "costs": [
        0.42113953170907514
      ],
      "trial": 19,
      "walltime": 11.277522325515747
    }
  ],
  "state": {
    "queue": [
      [
        30,
        1
      ]
    ]
  }
}