{
  "run_label": "basic_run_b",
  "seed": 0,
  "pythonhashseed": null,
  "n_trials": 400,
  "n_initial_design_configs": 25,
  "final_incumbent_cost": -3.1937592952732796,
  "best_at_end": -3.1937592952732796,
  "incumbent": {
    "x1": 0.4022468859955,
    "x2": 0.8836307541978,
    "x3": 0.9995006149227,
    "x4": 0.5710763468631,
    "x5": 0.0003197433581,
    "x6": 0.0369304933189
  },
  "run_dir": "/rwthfs/rz/cluster/home/io632776/experiments/adaptive-smac/experiments/hartmann/Debug_06/basic_smac_two_jobs/basic_run_b/0"
}