{
  "seed": 0,
  "leaf_values": [
    1,
    2,
    3,
    4,
    5
  ],
  "trials_per_block": 100,
  "n_blocks": 5,
  "selected_leaf_values": [
    5,
    3,
    5,
    1,
    3
  ],
  "selected_trials": 500,
  "actual_evaluations": 2500,
  "final_incumbent_cost": -3.2031404137830735,
  "final_incumbent": {
    "x1": 0.4048512284378,
    "x2": 0.882660552776,
    "x3": 0.8493089746443,
    "x4": 0.5743124416319,
    "x5": 0.1449514891508,
    "x6": 0.0383960551654
  },
  "blocks": [
    {
      "block": 1,
      "start_trial": 1,
      "end_trial": 100,
      "branches": [
        {
          "seed": 0,
          "block": 1,
          "min_samples_leaf": 1,
          "branch_dir": "/home/io632776/experiments/adaptive-smac/experiments/hartmann/05_force_variable_min_samples_leaf/hartmann_6d_branch_select_min_samples_leaf/seed_0/block_01/leaf_1/0",
          "n_trials": 100,
          "incumbent_cost": -2.8569618187054493,
          "incumbent": {
            "x1": 0.4170960833527,
            "x2": 0.9978871360309,
            "x3": 0.8429464071214,
            "x4": 0.5952352739259,
            "x5": 0.0913705869825,
            "x6": 0.0307083002673
          }
        },
        {
          "seed": 0,
          "block": 1,
          "min_samples_leaf": 2,
          "branch_dir": "/home/io632776/experiments/adaptive-smac/experiments/hartmann/05_force_variable_min_samples_leaf/hartmann_6d_branch_select_min_samples_leaf/seed_0/block_01/leaf_2/0",
          "n_trials": 100,
          "incumbent_cost": -2.9492439931979644,
          "incumbent": {
            "x1": 0.4183892386276,
            "x2": 0.9661804648048,
            "x3": 0.7848127122935,
            "x4": 0.5856746945771,
            "x5": 0.4300506143903,
            "x6": 0.0093092227135
          }
        },
        {
          "seed": 0,
          "block": 1,
          "min_samples_leaf": 3,
          "branch_dir": "/home/io632776/experiments/adaptive-smac/experiments/hartmann/05_force_variable_min_samples_leaf/hartmann_6d_branch_select_min_samples_leaf/seed_0/block_01/leaf_3/0",
          "n_trials": 100,
          "incumbent_cost": -2.7761998095933826,
          "incumbent": {
            "x1": 0.3924399925742,
            "x2": 0.993021050325,
            "x3": 0.8596915048541,
            "x4": 0.5396120408243,
            "x5": 0.4999191822849,
            "x6": 0.0047666598967
          }
        },
        {
          "seed": 0,
          "block": 1,
          "min_samples_leaf": 4,
          "branch_dir": "/home/io632776/experiments/adaptive-smac/experiments/hartmann/05_force_variable_min_samples_leaf/hartmann_6d_branch_select_min_samples_leaf/seed_0/block_01/leaf_4/0",
          "n_trials": 100,
          "incumbent_cost": -2.837679214560895,
          "incumbent": {
            "x1": 0.3787297354166,
            "x2": 0.9852610885891,
            "x3": 0.536548920174,
            "x4": 0.561206945934,
            "x5": 0.353674930458,
            "x6": 0.0699390401792
          }
        },
        {
          "seed": 0,
          "block": 1,
          "min_samples_leaf": 5,
          "branch_dir": "/home/io632776/experiments/adaptive-smac/experiments/hartmann/05_force_variable_min_samples_leaf/hartmann_6d_branch_select_min_samples_leaf/seed_0/block_01/leaf_5/0",
          "n_trials": 100,
          "incumbent_cost": -3.1729278050581486,
          "incumbent": {
            "x1": 0.3872042028315,
            "x2": 0.9037728846701,
            "x3": 0.8006458404408,
            "x4": 0.5761003602915,
            "x5": 0.1969585801033,
            "x6": 0.0350533955814
          }
        }
      ],
      "selected": {
        "seed": 0,
        "block": 1,
        "min_samples_leaf": 5,
        "branch_dir": "/home/io632776/experiments/adaptive-smac/experiments/hartmann/05_force_variable_min_samples_leaf/hartmann_6d_branch_select_min_samples_leaf/seed_0/block_01/leaf_5/0",
        "n_trials": 100,
        "incumbent_cost": -3.1729278050581486,
        "incumbent": {
          "x1": 0.3872042028315,
          "x2": 0.9037728846701,
          "x3": 0.8006458404408,
          "x4": 0.5761003602915,
          "x5": 0.1969585801033,
          "x6": 0.0350533955814
        }
      }
    },
    {
      "block": 2,
      "start_trial": 101,
      "end_trial": 200,
      "branches": [
        {
          "seed": 0,
          "block": 2,
          "min_samples_leaf": 1,
          "branch_dir": "/home/io632776/experiments/adaptive-smac/experiments/hartmann/05_force_variable_min_samples_leaf/hartmann_6d_branch_select_min_samples_leaf/seed_0/block_02/leaf_1/0",
          "n_trials": 200,
          "incumbent_cost": -3.196145157082769,
          "incumbent": {
            "x1": 0.4064993052247,
            "x2": 0.8936423907138,
            "x3": 0.8735612224746,
            "x4": 0.5698246202951,
            "x5": 0.2206653778914,
            "x6": 0.0350533955814
          }
        },
        {
          "seed": 0,
          "block": 2,
          "min_samples_leaf": 2,
          "branch_dir": "/home/io632776/experiments/adaptive-smac/experiments/hartmann/05_force_variable_min_samples_leaf/hartmann_6d_branch_select_min_samples_leaf/seed_0/block_02/leaf_2/0",
          "n_trials": 200,
          "incumbent_cost": -3.1829647648077026,
          "incumbent": {
            "x1": 0.3991907116457,
            "x2": 0.9041587064707,
            "x3": 0.892654051159,
            "x4": 0.5845899899919,
            "x5": 0.2139518798407,
            "x6": 0.0351164948532
          }
        },
        {
          "seed": 0,
          "block": 2,
          "min_samples_leaf": 3,
          "branch_dir": "/home/io632776/experiments/adaptive-smac/experiments/hartmann/05_force_variable_min_samples_leaf/hartmann_6d_branch_select_min_samples_leaf/seed_0/block_02/leaf_3/0",
          "n_trials": 200,
          "incumbent_cost": -3.198032123119705,
          "incumbent": {
            "x1": 0.4053555506842,
            "x2": 0.8827421467691,
            "x3": 0.7828148218867,
            "x4": 0.5814309043636,
            "x5": 0.0560976160475,
            "x6": 0.0351164948532
          }
        },
        {
          "seed": 0,
          "block": 2,
          "min_samples_leaf": 4,
          "branch_dir": "/home/io632776/experiments/adaptive-smac/experiments/hartmann/05_force_variable_min_samples_leaf/hartmann_6d_branch_select_min_samples_leaf/seed_0/block_02/leaf_4/0",
          "n_trials": 200,
          "incumbent_cost": -3.1825473267894178,
          "incumbent": {
            "x1": 0.4023132778443,
            "x2": 0.8771433124957,
            "x3": 0.5841810460704,
            "x4": 0.5882313970229,
            "x5": 0.1976205726296,
            "x6": 0.0332429400749
          }
        },
        {
          "seed": 0,
          "block": 2,
          "min_samples_leaf": 5,
          "branch_dir": "/home/io632776/experiments/adaptive-smac/experiments/hartmann/05_force_variable_min_samples_leaf/hartmann_6d_branch_select_min_samples_leaf/seed_0/block_02/leaf_5/0",
          "n_trials": 200,
          "incumbent_cost": -3.178202324088992,
          "incumbent": {
            "x1": 0.4058770419057,
            "x2": 0.8961747666477,
            "x3": 0.6868434789158,
            "x4": 0.5950489307006,
            "x5": 0.0764934591214,
            "x6": 0.0350533955814
          }
        }
      ],
      "selected": {
        "seed": 0,
        "block": 2,
        "min_samples_leaf": 3,
        "branch_dir": "/home/io632776/experiments/adaptive-smac/experiments/hartmann/05_force_variable_min_samples_leaf/hartmann_6d_branch_select_min_samples_leaf/seed_0/block_02/leaf_3/0",
        "n_trials": 200,
        "incumbent_cost": -3.198032123119705,
        "incumbent": {
          "x1": 0.4053555506842,
          "x2": 0.8827421467691,
          "x3": 0.7828148218867,
          "x4": 0.5814309043636,
          "x5": 0.0560976160475,