{
  "seed": 0,
  "leaf_values": [
    1,
    2,
    3,
    4,
    5
  ],
  "trials_per_block": 100,
  "n_blocks": 5,
  "selected_leaf_values": [
    4,
    2,
    3,
    3,
    1
  ],
  "selected_trials": 500,
  "actual_evaluations": 2500,
  "final_incumbent_cost": -3.203117891443623,
  "final_incumbent": {
    "x1": 0.404363551646,
    "x2": 0.8831289876864,
    "x3": 0.8498982219597,
    "x4": 0.5747993780411,
    "x5": 0.1420028103566,
    "x6": 0.0386185379407
  },
  "blocks": [
    {
      "block": 1,
      "start_trial": 1,
      "end_trial": 100,
      "branches": [
        {
          "seed": 0,
          "block": 1,
          "min_samples_leaf": 1,
          "branch_dir": "/home/io632776/experiments/adaptive-smac/experiments/hartmann/05_force_variable_min_samples_leaf/hartmann_6d_branch_select_min_samples_leaf/seed_0/block_01/leaf_1/0",
          "n_trials": 100,
          "incumbent_cost": -2.9546044550961788,
          "incumbent": {
            "x1": 0.4159614306271,
            "x2": 0.9740253136623,
            "x3": 0.9096858016151,
            "x4": 0.5426910725163,
            "x5": 0.0736677642817,
            "x6": 0.028445205875
          }
        },
        {
          "seed": 0,
          "block": 1,
          "min_samples_leaf": 2,
          "branch_dir": "/home/io632776/experiments/adaptive-smac/experiments/hartmann/05_force_variable_min_samples_leaf/hartmann_6d_branch_select_min_samples_leaf/seed_0/block_01/leaf_2/0",
          "n_trials": 100,
          "incumbent_cost": -2.893228738884442,
          "incumbent": {
            "x1": 0.4106550107948,
            "x2": 0.9845940234833,
            "x3": 0.9018806730598,
            "x4": 0.606194879875,
            "x5": 0.0112407936162,
            "x6": 0.0593979829288
          }
        },
        {
          "seed": 0,
          "block": 1,
          "min_samples_leaf": 3,
          "branch_dir": "/home/io632776/experiments/adaptive-smac/experiments/hartmann/05_force_variable_min_samples_leaf/hartmann_6d_branch_select_min_samples_leaf/seed_0/block_01/leaf_3/0",
          "n_trials": 100,
          "incumbent_cost": -2.8181389979321114,
          "incumbent": {
            "x1": 0.3956707648202,
            "x2": 0.9936665797227,
            "x3": 0.533091025528,
            "x4": 0.5625983104755,
            "x5": 0.4493059808399,
            "x6": 0.0115423758027
          }
        },
        {
          "seed": 0,
          "block": 1,
          "min_samples_leaf": 4,
          "branch_dir": "/home/io632776/experiments/adaptive-smac/experiments/hartmann/05_force_variable_min_samples_leaf/hartmann_6d_branch_select_min_samples_leaf/seed_0/block_01/leaf_4/0",
          "n_trials": 100,
          "incumbent_cost": -3.0985984803366247,
          "incumbent": {
            "x1": 0.4124778317503,
            "x2": 0.8468882135529,
            "x3": 0.9492520688317,
            "x4": 0.5647979755371,
            "x5": 0.4148223185201,
            "x6": 0.0677022131878
          }
        },
        {
          "seed": 0,
          "block": 1,
          "min_samples_leaf": 5,
          "branch_dir": "/home/io632776/experiments/adaptive-smac/experiments/hartmann/05_force_variable_min_samples_leaf/hartmann_6d_branch_select_min_samples_leaf/seed_0/block_01/leaf_5/0",
          "n_trials": 100,
          "incumbent_cost": -2.9131337142229445,
          "incumbent": {
            "x1": 0.4113950052413,
            "x2": 0.9680725997035,
            "x3": 0.7591054881139,
            "x4": 0.5706462413767,
            "x5": 0.5436011858036,
            "x6": 0.0723319128156
          }
        }
      ],
      "selected": {
        "seed": 0,
        "block": 1,
        "min_samples_leaf": 4,
        "branch_dir": "/home/io632776/experiments/adaptive-smac/experiments/hartmann/05_force_variable_min_samples_leaf/hartmann_6d_branch_select_min_samples_leaf/seed_0/block_01/leaf_4/0",
        "n_trials": 100,
        "incumbent_cost": -3.0985984803366247,
        "incumbent": {
          "x1": 0.4124778317503,
          "x2": 0.8468882135529,
          "x3": 0.9492520688317,
          "x4": 0.5647979755371,
          "x5": 0.4148223185201,
          "x6": 0.0677022131878
        }
      }
    },
    {
      "block": 2,
      "start_trial": 101,
      "end_trial": 200,
      "branches": [
        {
          "seed": 0,
          "block": 2,
          "min_samples_leaf": 1,
          "branch_dir": "/home/io632776/experiments/adaptive-smac/experiments/hartmann/05_force_variable_min_samples_leaf/hartmann_6d_branch_select_min_samples_leaf/seed_0/block_02/leaf_1/0",
          "n_trials": 200,
          "incumbent_cost": -3.177477325375319,
          "incumbent": {
            "x1": 0.4009587243142,
            "x2": 0.8650189307705,
            "x3": 0.9388141730152,
            "x4": 0.5723343248594,
            "x5": 0.3269052160325,
            "x6": 0.030772910693
          }
        },
        {
          "seed": 0,
          "block": 2,
          "min_samples_leaf": 2,
          "branch_dir": "/home/io632776/experiments/adaptive-smac/experiments/hartmann/05_force_variable_min_samples_leaf/hartmann_6d_branch_select_min_samples_leaf/seed_0/block_02/leaf_2/0",
          "n_trials": 200,
          "incumbent_cost": -3.196303066797739,
          "incumbent": {
            "x1": 0.4137523798714,
            "x2": 0.8820377913684,
            "x3": 0.8659195839578,
            "x4": 0.5750418867717,
            "x5": 0.1535570281073,
            "x6": 0.0315088836178
          }
        },
        {
          "seed": 0,
          "block": 2,
          "min_samples_leaf": 3,
          "branch_dir": "/home/io632776/experiments/adaptive-smac/experiments/hartmann/05_force_variable_min_samples_leaf/hartmann_6d_branch_select_min_samples_leaf/seed_0/block_02/leaf_3/0",
          "n_trials": 200,
          "incumbent_cost": -3.19178104557951,
          "incumbent": {
            "x1": 0.4186418485787,
            "x2": 0.8820388990636,
            "x3": 0.8755220115615,
            "x4": 0.5749601993431,
            "x5": 0.0929245024535,
            "x6": 0.0384236433719
          }
        },
        {
          "seed": 0,
          "block": 2,
          "min_samples_leaf": 4,
          "branch_dir": "/home/io632776/experiments/adaptive-smac/experiments/hartmann/05_force_variable_min_samples_leaf/hartmann_6d_branch_select_min_samples_leaf/seed_0/block_02/leaf_4/0",
          "n_trials": 200,
          "incumbent_cost": -3.189598211268167,
          "incumbent": {
            "x1": 0.4131456755067,
            "x2": 0.8940208982906,
            "x3": 0.9103563953168,
            "x4": 0.5770410414067,
            "x5": 0.1631055949811,
            "x6": 0.027774759392
          }
        },
        {
          "seed": 0,
          "block": 2,
          "min_samples_leaf": 5,
          "branch_dir": "/home/io632776/experiments/adaptive-smac/experiments/hartmann/05_force_variable_min_samples_leaf/hartmann_6d_branch_select_min_samples_leaf/seed_0/block_02/leaf_5/0",
          "n_trials": 200,
          "incumbent_cost": -3.1388488906434056,
          "incumbent": {
            "x1": 0.4097170559944,
            "x2": 0.8652333185369,
            "x3": 0.8318695017533,
            "x4": 0.5933963258257,
            "x5": 0.2824842174158,
            "x6": 0.0673997566649
          }
        }
      ],
      "selected": {
        "seed": 0,
        "block": 2,
        "min_samples_leaf": 2,
        "branch_dir": "/home/io632776/experiments/adaptive-smac/experiments/hartmann/05_force_variable_min_samples_leaf/hartmann_6d_branch_select_min_samples_leaf/seed_0/block_02/leaf_2/0",
        "n_trials": 200,
        "incumbent_cost": -3.196303066797739,
        "incumbent": {
          "x1": 0.4137523798714,
          "x2": 0.8820377913684,
          "x3": 0.8659195839578,
          "x4": 0.5750418867717,
          "x5": 0.1535570281073,