{
  "stats": {
    "submitted": 1,
    "finished": 1,
    "running": 0
  },
  "data": [
    {
      "config_id": 1,
      "instance": null,
      "seed": 209652396,
      "budget": null,
      "cost": 87.6412762445344,
      "time": 0.0,
      "cpu_time": 0.0,
      "status": 1,
      "starttime": 1779904738.375035,
      "endtime": 1779904738.375035,
      "additional_info": {}
    }
  ],
  "configs": {
    "1": {
      "x1": -0.9968221839517,
      "x2": 9.3084704317152
    }
  },
  "config_origins": {
    "1": "Initial Design: Sobol"
  }
}