{
  "seed": 2,
  "depths": [
    2,
    5,
    10,
    15,
    20
  ],
  "trials_per_block": 100,
  "n_blocks": 5,
  "selected_depths": [
    10,
    15,
    20,
    15,
    15
  ],
  "selected_trials": 500,
  "actual_evaluations": 2500,
  "final_incumbent_cost": -3.3209958974725113,
  "final_incumbent": {
    "x1": 0.2008635698535,
    "x2": 0.1556074619175,
    "x3": 0.4842611303152,
    "x4": 0.2786121751262,
    "x5": 0.3105335127776,
    "x6": 0.6557066854926
  },
  "blocks": [
    {
      "block": 1,
      "start_trial": 1,
      "end_trial": 100,
      "branches": [
        {
          "seed": 2,
          "block": 1,
          "depth": 2,
          "branch_dir": "/home/io632776/experiments/adaptive-smac/experiments/hartmann/04_force_variable_policy/hartmann_6d_branch_select_policy/seed_2/block_01/depth_2/2",
          "n_trials": 100,
          "incumbent_cost": -2.914523406502363,
          "incumbent": {
            "x1": 0.2845795538703,
            "x2": 0.035209297189,
            "x3": 0.5872041604345,
            "x4": 0.2675280508195,
            "x5": 0.3060083834512,
            "x6": 0.7017354444504
          }
        },
        {
          "seed": 2,
          "block": 1,
          "depth": 5,
          "branch_dir": "/home/io632776/experiments/adaptive-smac/experiments/hartmann/04_force_variable_policy/hartmann_6d_branch_select_policy/seed_2/block_01/depth_5/2",
          "n_trials": 100,
          "incumbent_cost": -2.7997373232800657,
          "incumbent": {
            "x1": 0.0313998517003,
            "x2": 0.1783553149698,
            "x3": 0.4408960586136,
            "x4": 0.2679007491584,
            "x5": 0.3489402524491,
            "x6": 0.5937497022232
          }
        },
        {
          "seed": 2,
          "block": 1,
          "depth": 10,
          "branch_dir": "/home/io632776/experiments/adaptive-smac/experiments/hartmann/04_force_variable_policy/hartmann_6d_branch_select_policy/seed_2/block_01/depth_10/2",
          "n_trials": 100,
          "incumbent_cost": -3.15194809291595,
          "incumbent": {
            "x1": 0.2514219254698,
            "x2": 0.107770023678,
            "x3": 0.5638857796728,
            "x4": 0.2577096540432,
            "x5": 0.321334674018,
            "x6": 0.6282708723629
          }
        },
        {
          "seed": 2,
          "block": 1,
          "depth": 15,
          "branch_dir": "/home/io632776/experiments/adaptive-smac/experiments/hartmann/04_force_variable_policy/hartmann_6d_branch_select_policy/seed_2/block_01/depth_15/2",
          "n_trials": 100,
          "incumbent_cost": -3.15194809291595,
          "incumbent": {
            "x1": 0.2514219254698,
            "x2": 0.107770023678,
            "x3": 0.5638857796728,
            "x4": 0.2577096540432,
            "x5": 0.321334674018,
            "x6": 0.6282708723629
          }
        },
        {
          "seed": 2,
          "block": 1,
          "depth": 20,
          "branch_dir": "/home/io632776/experiments/adaptive-smac/experiments/hartmann/04_force_variable_policy/hartmann_6d_branch_select_policy/seed_2/block_01/depth_20/2",
          "n_trials": 100,
          "incumbent_cost": -3.15194809291595,
          "incumbent": {
            "x1": 0.2514219254698,
            "x2": 0.107770023678,
            "x3": 0.5638857796728,
            "x4": 0.2577096540432,
            "x5": 0.321334674018,
            "x6": 0.6282708723629
          }
        }
      ],
      "selected": {
        "seed": 2,
        "block": 1,
        "depth": 10,
        "branch_dir": "/home/io632776/experiments/adaptive-smac/experiments/hartmann/04_force_variable_policy/hartmann_6d_branch_select_policy/seed_2/block_01/depth_10/2",
        "n_trials": 100,
        "incumbent_cost": -3.15194809291595,
        "incumbent": {
          "x1": 0.2514219254698,
          "x2": 0.107770023678,
          "x3": 0.5638857796728,
          "x4": 0.2577096540432,
          "x5": 0.321334674018,
          "x6": 0.6282708723629
        }
      }
    },
    {
      "block": 2,
      "start_trial": 101,
      "end_trial": 200,
      "branches": [
        {
          "seed": 2,
          "block": 2,
          "depth": 2,
          "branch_dir": "/home/io632776/experiments/adaptive-smac/experiments/hartmann/04_force_variable_policy/hartmann_6d_branch_select_policy/seed_2/block_02/depth_2/2",
          "n_trials": 200,
          "incumbent_cost": -3.15194809291595,
          "incumbent": {
            "x1": 0.2514219254698,
            "x2": 0.107770023678,
            "x3": 0.5638857796728,
            "x4": 0.2577096540432,
            "x5": 0.321334674018,
            "x6": 0.6282708723629
          }
        },
        {
          "seed": 2,
          "block": 2,
          "depth": 5,
          "branch_dir": "/home/io632776/experiments/adaptive-smac/experiments/hartmann/04_force_variable_policy/hartmann_6d_branch_select_policy/seed_2/block_02/depth_5/2",
          "n_trials": 200,
          "incumbent_cost": -3.204509387780819,
          "incumbent": {
            "x1": 0.2251177138449,
            "x2": 0.107770023678,
            "x3": 0.5342339869581,
            "x4": 0.3173646038298,
            "x5": 0.3109632264256,
            "x6": 0.6570463380656
          }
        },
        {
          "seed": 2,
          "block": 2,
          "depth": 10,
          "branch_dir": "/home/io632776/experiments/adaptive-smac/experiments/hartmann/04_force_variable_policy/hartmann_6d_branch_select_policy/seed_2/block_02/depth_10/2",
          "n_trials": 200,
          "incumbent_cost": -3.213760862708522,
          "incumbent": {
            "x1": 0.2624897615658,
            "x2": 0.0976714935195,
            "x3": 0.4888316713216,
            "x4": 0.2571154181899,
            "x5": 0.3230981505803,
            "x6": 0.634468849838
          }
        },
        {
          "seed": 2,
          "block": 2,
          "depth": 15,
          "branch_dir": "/home/io632776/experiments/adaptive-smac/experiments/hartmann/04_force_variable_policy/hartmann_6d_branch_select_policy/seed_2/block_02/depth_15/2",
          "n_trials": 200,
          "incumbent_cost": -3.2638364931283856,
          "incumbent": {
            "x1": 0.2150038271461,
            "x2": 0.1083691520114,
            "x3": 0.468336005624,
            "x4": 0.2520563059344,
            "x5": 0.3305427463393,
            "x6": 0.6464864458664
          }
        },
        {
          "seed": 2,
          "block": 2,
          "depth": 20,
          "branch_dir": "/home/io632776/experiments/adaptive-smac/experiments/hartmann/04_force_variable_policy/hartmann_6d_branch_select_policy/seed_2/block_02/depth_20/2",
          "n_trials": 200,
          "incumbent_cost": -3.2638364931283856,
          "incumbent": {
            "x1": 0.2150038271461,
            "x2": 0.1083691520114,
            "x3": 0.468336005624,
            "x4": 0.2520563059344,
            "x5": 0.3305427463393,
            "x6": 0.6464864458664
          }
        }
      ],
      "selected": {
        "seed": 2,
        "block": 2,
        "depth": 15,
        "branch_dir": "/home/io632776/experiments/adaptive-smac/experiments/hartmann/04_force_variable_policy/hartmann_6d_branch_select_policy/seed_2/block_02/depth_15/2",
        "n_trials": 200,
        "incumbent_cost": -3.2638364931283856,
        "incumbent": {
          "x1": 0.2150038271461,
          "x2": 0.1083691520114,
          "x3": 0.468336005624,
          "x4": 0.2520563059344,
          "x5": 0.3305427463393,
          "x6": 0.6464864458664
        }
      }
    },
    {
      "block": 3,
      "start_trial": 201,
      "end_trial": 300,
      "branches": [
        {
          "seed": 2,
          "block": 3,
          "depth": 2,
          "branch_dir": "/home/io632776/experiments/adaptive-smac/experiments/hartmann/04_force_variable_policy/hartmann_6d_branch_select_policy/seed_2/block_03/depth_2/2",
          "n_trials": 300,