{
  "seed": 2,
  "depths": [
    2,
    5,
    10,
    15,
    20
  ],
  "trials_per_block": 100,
  "n_blocks": 5,
  "selected_depths": [
    2,
    10,
    5,
    5,
    20
  ],
  "selected_trials": 500,
  "actual_evaluations": 2500,
  "final_incumbent_cost": -3.3078743776033606,
  "final_incumbent": {
    "x1": 0.212164213316,
    "x2": 0.1525893004601,
    "x3": 0.50631373105,
    "x4": 0.2726713767488,
    "x5": 0.3063786333234,
    "x6": 0.6672138863209
  },
  "blocks": [
    {
      "block": 1,
      "start_trial": 1,
      "end_trial": 100,
      "branches": [
        {
          "seed": 2,
          "block": 1,
          "depth": 2,
          "branch_dir": "/home/io632776/experiments/adaptive-smac/experiments/hartmann/04_force_variable_policy/hartmann_6d_branch_select_policy/seed_2/block_01/depth_2/2",
          "n_trials": 100,
          "incumbent_cost": -2.9003927160943856,
          "incumbent": {
            "x1": 0.2465707250131,
            "x2": 0.0752662158742,
            "x3": 0.278403762823,
            "x4": 0.2697707896981,
            "x5": 0.2941984641213,
            "x6": 0.7312308563916
          }
        },
        {
          "seed": 2,
          "block": 1,
          "depth": 5,
          "branch_dir": "/home/io632776/experiments/adaptive-smac/experiments/hartmann/04_force_variable_policy/hartmann_6d_branch_select_policy/seed_2/block_01/depth_5/2",
          "n_trials": 100,
          "incumbent_cost": -1.790831818752089,
          "incumbent": {
            "x1": 0.2675935967948,
            "x2": 0.0004431273447,
            "x3": 0.5314296387437,
            "x4": 0.2905437402371,
            "x5": 0.1277645467866,
            "x6": 0.6734619733474
          }
        },
        {
          "seed": 2,
          "block": 1,
          "depth": 10,
          "branch_dir": "/home/io632776/experiments/adaptive-smac/experiments/hartmann/04_force_variable_policy/hartmann_6d_branch_select_policy/seed_2/block_01/depth_10/2",
          "n_trials": 100,
          "incumbent_cost": -2.2922980402930353,
          "incumbent": {
            "x1": 0.3022551966435,
            "x2": 0.011111163271,
            "x3": 0.1173776398598,
            "x4": 0.2570094677049,
            "x5": 0.3075637050278,
            "x6": 0.7730082514056
          }
        },
        {
          "seed": 2,
          "block": 1,
          "depth": 15,
          "branch_dir": "/home/io632776/experiments/adaptive-smac/experiments/hartmann/04_force_variable_policy/hartmann_6d_branch_select_policy/seed_2/block_01/depth_15/2",
          "n_trials": 100,
          "incumbent_cost": -2.0712305747184256,
          "incumbent": {
            "x1": 0.2963332669034,
            "x2": 0.0110546520329,
            "x3": 0.0055778585791,
            "x4": 0.2811723094758,
            "x5": 0.3044709355741,
            "x6": 0.7723468692162
          }
        },
        {
          "seed": 2,
          "block": 1,
          "depth": 20,
          "branch_dir": "/home/io632776/experiments/adaptive-smac/experiments/hartmann/04_force_variable_policy/hartmann_6d_branch_select_policy/seed_2/block_01/depth_20/2",
          "n_trials": 100,
          "incumbent_cost": -2.0712305747184256,
          "incumbent": {
            "x1": 0.2963332669034,
            "x2": 0.0110546520329,
            "x3": 0.0055778585791,
            "x4": 0.2811723094758,
            "x5": 0.3044709355741,
            "x6": 0.7723468692162
          }
        }
      ],
      "selected": {
        "seed": 2,
        "block": 1,
        "depth": 2,
        "branch_dir": "/home/io632776/experiments/adaptive-smac/experiments/hartmann/04_force_variable_policy/hartmann_6d_branch_select_policy/seed_2/block_01/depth_2/2",
        "n_trials": 100,
        "incumbent_cost": -2.9003927160943856,
        "incumbent": {
          "x1": 0.2465707250131,
          "x2": 0.0752662158742,
          "x3": 0.278403762823,
          "x4": 0.2697707896981,
          "x5": 0.2941984641213,
          "x6": 0.7312308563916
        }
      }
    },
    {
      "block": 2,
      "start_trial": 101,
      "end_trial": 200,
      "branches": [
        {
          "seed": 2,
          "block": 2,
          "depth": 2,
          "branch_dir": "/home/io632776/experiments/adaptive-smac/experiments/hartmann/04_force_variable_policy/hartmann_6d_branch_select_policy/seed_2/block_02/depth_2/2",
          "n_trials": 200,
          "incumbent_cost": -2.9003927160943856,
          "incumbent": {
            "x1": 0.2465707250131,
            "x2": 0.0752662158742,
            "x3": 0.278403762823,
            "x4": 0.2697707896981,
            "x5": 0.2941984641213,
            "x6": 0.7312308563916
          }
        },
        {
          "seed": 2,
          "block": 2,
          "depth": 5,
          "branch_dir": "/home/io632776/experiments/adaptive-smac/experiments/hartmann/04_force_variable_policy/hartmann_6d_branch_select_policy/seed_2/block_02/depth_5/2",
          "n_trials": 200,
          "incumbent_cost": -3.132948265953265,
          "incumbent": {
            "x1": 0.2068251016769,
            "x2": 0.0732406244875,
            "x3": 0.3457323599588,
            "x4": 0.2676998581671,
            "x5": 0.3132848321153,
            "x6": 0.6604970350221
          }
        },
        {
          "seed": 2,
          "block": 2,
          "depth": 10,
          "branch_dir": "/home/io632776/experiments/adaptive-smac/experiments/hartmann/04_force_variable_policy/hartmann_6d_branch_select_policy/seed_2/block_02/depth_10/2",
          "n_trials": 200,
          "incumbent_cost": -3.193714196236883,
          "incumbent": {
            "x1": 0.1442221865378,
            "x2": 0.0746201997892,
            "x3": 0.4610897988427,
            "x4": 0.294209004884,
            "x5": 0.3209071854968,
            "x6": 0.6399695022996
          }
        },
        {
          "seed": 2,
          "block": 2,
          "depth": 15,
          "branch_dir": "/home/io632776/experiments/adaptive-smac/experiments/hartmann/04_force_variable_policy/hartmann_6d_branch_select_policy/seed_2/block_02/depth_15/2",
          "n_trials": 200,
          "incumbent_cost": -3.177251364744738,
          "incumbent": {
            "x1": 0.2456073519527,
            "x2": 0.0754312525291,
            "x3": 0.4757886375626,
            "x4": 0.2374738900517,
            "x5": 0.2932887215977,
            "x6": 0.6557791007294
          }
        },
        {
          "seed": 2,
          "block": 2,
          "depth": 20,
          "branch_dir": "/home/io632776/experiments/adaptive-smac/experiments/hartmann/04_force_variable_policy/hartmann_6d_branch_select_policy/seed_2/block_02/depth_20/2",
          "n_trials": 200,
          "incumbent_cost": -3.1442904156862657,
          "incumbent": {
            "x1": 0.2473508416841,
            "x2": 0.0761632669154,
            "x3": 0.4839479047768,
            "x4": 0.2213572445906,
            "x5": 0.3169828872524,
            "x6": 0.6434282567839
          }
        }
      ],
      "selected": {
        "seed": 2,
        "block": 2,
        "depth": 10,
        "branch_dir": "/home/io632776/experiments/adaptive-smac/experiments/hartmann/04_force_variable_policy/hartmann_6d_branch_select_policy/seed_2/block_02/depth_10/2",
        "n_trials": 200,
        "incumbent_cost": -3.193714196236883,
        "incumbent": {
          "x1": 0.1442221865378,
          "x2": 0.0746201997892,
          "x3": 0.4610897988427,
          "x4": 0.294209004884,
          "x5": 0.3209071854968,
          "x6": 0.6399695022996
        }
      }
    },
    {
      "block": 3,
      "start_trial": 201,
      "end_trial": 300,
      "branches": [
        {
          "seed": 2,
          "block": 3,
          "depth": 2,
          "branch_dir": "/home/io632776/experiments/adaptive-smac/experiments/hartmann/04_force_variable_policy/hartmann_6d_branch_select_policy/seed_2/block_03/depth_2/2",
          "n_trials": 300,