{
  "seed": 1,
  "leaf_values": [
    1,
    2,
    3,
    4,
    5
  ],
  "trials_per_block": 100,
  "n_blocks": 5,
  "selected_leaf_values": [
    2,
    2,
    2,
    2,
    1
  ],
  "selected_trials": 500,
  "actual_evaluations": 2500,
  "final_incumbent_cost": -3.2026327499012806,
  "final_incumbent": {
    "x1": 0.4048634135948,
    "x2": 0.8868360979356,
    "x3": 0.8498684136338,
    "x4": 0.5734366848038,
    "x5": 0.1371760686192,
    "x6": 0.0391873613281
  },
  "blocks": [
    {
      "block": 1,
      "start_trial": 1,
      "end_trial": 100,
      "branches": [
        {
          "seed": 1,
          "block": 1,
          "min_samples_leaf": 1,
          "branch_dir": "/home/io632776/experiments/adaptive-smac/experiments/hartmann/05_force_variable_min_samples_leaf/hartmann_6d_branch_select_min_samples_leaf/seed_1/block_01/leaf_1/1",
          "n_trials": 100,
          "incumbent_cost": -3.0662369482334606,
          "incumbent": {
            "x1": 0.4073547820609,
            "x2": 0.8343923869571,
            "x3": 0.7366046817084,
            "x4": 0.5273406041285,
            "x5": 0.0070698149772,
            "x6": 0.0309544052123
          }
        },
        {
          "seed": 1,
          "block": 1,
          "min_samples_leaf": 2,
          "branch_dir": "/home/io632776/experiments/adaptive-smac/experiments/hartmann/05_force_variable_min_samples_leaf/hartmann_6d_branch_select_min_samples_leaf/seed_1/block_01/leaf_2/1",
          "n_trials": 100,
          "incumbent_cost": -3.104451501299488,
          "incumbent": {
            "x1": 0.4145716642201,
            "x2": 0.9350816066818,
            "x3": 0.5767179673941,
            "x4": 0.5716433061067,
            "x5": 0.3018256322483,
            "x6": 0.0311618808821
          }
        },
        {
          "seed": 1,
          "block": 1,
          "min_samples_leaf": 3,
          "branch_dir": "/home/io632776/experiments/adaptive-smac/experiments/hartmann/05_force_variable_min_samples_leaf/hartmann_6d_branch_select_min_samples_leaf/seed_1/block_01/leaf_3/1",
          "n_trials": 100,
          "incumbent_cost": -2.8966445028668137,
          "incumbent": {
            "x1": 0.4105654408084,
            "x2": 0.9455993303447,
            "x3": 0.6713414533338,
            "x4": 0.5312255985023,
            "x5": 0.1270228876304,
            "x6": 0.0975201620279
          }
        },
        {
          "seed": 1,
          "block": 1,
          "min_samples_leaf": 4,
          "branch_dir": "/home/io632776/experiments/adaptive-smac/experiments/hartmann/05_force_variable_min_samples_leaf/hartmann_6d_branch_select_min_samples_leaf/seed_1/block_01/leaf_4/1",
          "n_trials": 100,
          "incumbent_cost": -1.4803773803431404,
          "incumbent": {
            "x1": 0.1842758884132,
            "x2": 0.3005613799487,
            "x3": 0.5743385510369,
            "x4": 0.5283617538143,
            "x5": 0.3089033054985,
            "x6": 0.5376387497519
          }
        },
        {
          "seed": 1,
          "block": 1,
          "min_samples_leaf": 5,
          "branch_dir": "/home/io632776/experiments/adaptive-smac/experiments/hartmann/05_force_variable_min_samples_leaf/hartmann_6d_branch_select_min_samples_leaf/seed_1/block_01/leaf_5/1",
          "n_trials": 100,
          "incumbent_cost": -3.0937252914775994,
          "incumbent": {
            "x1": 0.1223955765243,
            "x2": 0.1456875647746,
            "x3": 0.4291926979501,
            "x4": 0.2412653302397,
            "x5": 0.2967237025054,
            "x6": 0.7136868127993
          }
        }
      ],
      "selected": {
        "seed": 1,
        "block": 1,
        "min_samples_leaf": 2,
        "branch_dir": "/home/io632776/experiments/adaptive-smac/experiments/hartmann/05_force_variable_min_samples_leaf/hartmann_6d_branch_select_min_samples_leaf/seed_1/block_01/leaf_2/1",
        "n_trials": 100,
        "incumbent_cost": -3.104451501299488,
        "incumbent": {
          "x1": 0.4145716642201,
          "x2": 0.9350816066818,
          "x3": 0.5767179673941,
          "x4": 0.5716433061067,
          "x5": 0.3018256322483,
          "x6": 0.0311618808821
        }
      }
    },
    {
      "block": 2,
      "start_trial": 101,
      "end_trial": 200,
      "branches": [
        {
          "seed": 1,
          "block": 2,
          "min_samples_leaf": 1,
          "branch_dir": "/home/io632776/experiments/adaptive-smac/experiments/hartmann/05_force_variable_min_samples_leaf/hartmann_6d_branch_select_min_samples_leaf/seed_1/block_02/leaf_1/1",
          "n_trials": 200,
          "incumbent_cost": -3.1841399526998795,
          "incumbent": {
            "x1": 0.414149147652,
            "x2": 0.8896128509615,
            "x3": 0.8525862538274,
            "x4": 0.5676934877602,
            "x5": 0.2947538134909,
            "x6": 0.0307169183992
          }
        },
        {
          "seed": 1,
          "block": 2,
          "min_samples_leaf": 2,
          "branch_dir": "/home/io632776/experiments/adaptive-smac/experiments/hartmann/05_force_variable_min_samples_leaf/hartmann_6d_branch_select_min_samples_leaf/seed_1/block_02/leaf_2/1",
          "n_trials": 200,
          "incumbent_cost": -3.1874636495298265,
          "incumbent": {
            "x1": 0.4029256549259,
            "x2": 0.888499188273,
            "x3": 0.798315892159,
            "x4": 0.5826213594253,
            "x5": 0.3006357824157,
            "x6": 0.0311618808821
          }
        },
        {
          "seed": 1,
          "block": 2,
          "min_samples_leaf": 3,
          "branch_dir": "/home/io632776/experiments/adaptive-smac/experiments/hartmann/05_force_variable_min_samples_leaf/hartmann_6d_branch_select_min_samples_leaf/seed_1/block_02/leaf_3/1",
          "n_trials": 200,
          "incumbent_cost": -3.1737273038919533,
          "incumbent": {
            "x1": 0.4081734705956,
            "x2": 0.8904611276386,
            "x3": 0.5814009784145,
            "x4": 0.5709943947929,
            "x5": 0.334529705292,
            "x6": 0.0310498843762
          }
        },
        {
          "seed": 1,
          "block": 2,
          "min_samples_leaf": 4,
          "branch_dir": "/home/io632776/experiments/adaptive-smac/experiments/hartmann/05_force_variable_min_samples_leaf/hartmann_6d_branch_select_min_samples_leaf/seed_1/block_02/leaf_4/1",
          "n_trials": 200,
          "incumbent_cost": -3.146499884235381,
          "incumbent": {
            "x1": 0.4044707799643,
            "x2": 0.8887140754583,
            "x3": 0.4567709792952,
            "x4": 0.5783902718575,
            "x5": 0.4150762252886,
            "x6": 0.0311618808821
          }
        },
        {
          "seed": 1,
          "block": 2,
          "min_samples_leaf": 5,
          "branch_dir": "/home/io632776/experiments/adaptive-smac/experiments/hartmann/05_force_variable_min_samples_leaf/hartmann_6d_branch_select_min_samples_leaf/seed_1/block_02/leaf_5/1",
          "n_trials": 200,
          "incumbent_cost": -3.1800160873528904,
          "incumbent": {
            "x1": 0.3981525493741,
            "x2": 0.887828087345,
            "x3": 0.9372720044705,
            "x4": 0.577781998447,
            "x5": 0.3452888703507,
            "x6": 0.0311618808821
          }
        }
      ],
      "selected": {
        "seed": 1,
        "block": 2,
        "min_samples_leaf": 2,
        "branch_dir": "/home/io632776/experiments/adaptive-smac/experiments/hartmann/05_force_variable_min_samples_leaf/hartmann_6d_branch_select_min_samples_leaf/seed_1/block_02/leaf_2/1",
        "n_trials": 200,
        "incumbent_cost": -3.1874636495298265,
        "incumbent": {
          "x1": 0.4029256549259,
          "x2": 0.888499188273,
          "x3": 0.798315892159,
          "x4": 0.5826213594253,
          "x5": 0.3006357824157,