{
  "seed": 1,
  "leaf_values": [
    1,
    2,
    3,
    4,
    5
  ],
  "trials_per_block": 100,
  "n_blocks": 5,
  "selected_leaf_values": [
    4,
    5,
    4,
    2,
    5
  ],
  "selected_trials": 500,
  "actual_evaluations": 2500,
  "final_incumbent_cost": -3.3213101944956938,
  "final_incumbent": {
    "x1": 0.2005005215853,
    "x2": 0.1405355910524,
    "x3": 0.4762903162229,
    "x4": 0.2746238489861,
    "x5": 0.311990992599,
    "x6": 0.6573485259618
  },
  "blocks": [
    {
      "block": 1,
      "start_trial": 1,
      "end_trial": 100,
      "branches": [
        {
          "seed": 1,
          "block": 1,
          "min_samples_leaf": 1,
          "branch_dir": "/home/io632776/experiments/adaptive-smac/experiments/hartmann/05_force_variable_min_samples_leaf/hartmann_6d_branch_select_min_samples_leaf/seed_1/block_01/leaf_1/1",
          "n_trials": 100,
          "incumbent_cost": -3.0709235351969895,
          "incumbent": {
            "x1": 0.44530108887,
            "x2": 0.8670033928088,
            "x3": 0.5880598782815,
            "x4": 0.5544050716854,
            "x5": 0.2820626977061,
            "x6": 0.0237282208327
          }
        },
        {
          "seed": 1,
          "block": 1,
          "min_samples_leaf": 2,
          "branch_dir": "/home/io632776/experiments/adaptive-smac/experiments/hartmann/05_force_variable_min_samples_leaf/hartmann_6d_branch_select_min_samples_leaf/seed_1/block_01/leaf_2/1",
          "n_trials": 100,
          "incumbent_cost": -2.9875353756765217,
          "incumbent": {
            "x1": 0.3618868241861,
            "x2": 0.8529390825049,
            "x3": 0.8576220860644,
            "x4": 0.6243196582562,
            "x5": 0.2776907057837,
            "x6": 0.0559726694358
          }
        },
        {
          "seed": 1,
          "block": 1,
          "min_samples_leaf": 3,
          "branch_dir": "/home/io632776/experiments/adaptive-smac/experiments/hartmann/05_force_variable_min_samples_leaf/hartmann_6d_branch_select_min_samples_leaf/seed_1/block_01/leaf_3/1",
          "n_trials": 100,
          "incumbent_cost": -1.517397571434385,
          "incumbent": {
            "x1": 0.1955417081172,
            "x2": 0.8716787794093,
            "x3": 0.7075269452389,
            "x4": 0.5868525280028,
            "x5": 0.3039987949368,
            "x6": 0.0320232939916
          }
        },
        {
          "seed": 1,
          "block": 1,
          "min_samples_leaf": 4,
          "branch_dir": "/home/io632776/experiments/adaptive-smac/experiments/hartmann/05_force_variable_min_samples_leaf/hartmann_6d_branch_select_min_samples_leaf/seed_1/block_01/leaf_4/1",
          "n_trials": 100,
          "incumbent_cost": -3.1995833342149513,
          "incumbent": {
            "x1": 0.2331537113022,
            "x2": 0.140386658146,
            "x3": 0.4063248891408,
            "x4": 0.3181045995299,
            "x5": 0.2916901557846,
            "x6": 0.636686638632
          }
        },
        {
          "seed": 1,
          "block": 1,
          "min_samples_leaf": 5,
          "branch_dir": "/home/io632776/experiments/adaptive-smac/experiments/hartmann/05_force_variable_min_samples_leaf/hartmann_6d_branch_select_min_samples_leaf/seed_1/block_01/leaf_5/1",
          "n_trials": 100,
          "incumbent_cost": -2.7020694217595116,
          "incumbent": {
            "x1": 0.1843848786329,
            "x2": 0.2438498708375,
            "x3": 0.6254447298452,
            "x4": 0.2539138611427,
            "x5": 0.3570561853282,
            "x6": 0.7675064476492
          }
        }
      ],
      "selected": {
        "seed": 1,
        "block": 1,
        "min_samples_leaf": 4,
        "branch_dir": "/home/io632776/experiments/adaptive-smac/experiments/hartmann/05_force_variable_min_samples_leaf/hartmann_6d_branch_select_min_samples_leaf/seed_1/block_01/leaf_4/1",
        "n_trials": 100,
        "incumbent_cost": -3.1995833342149513,
        "incumbent": {
          "x1": 0.2331537113022,
          "x2": 0.140386658146,
          "x3": 0.4063248891408,
          "x4": 0.3181045995299,
          "x5": 0.2916901557846,
          "x6": 0.636686638632
        }
      }
    },
    {
      "block": 2,
      "start_trial": 101,
      "end_trial": 200,
      "branches": [
        {
          "seed": 1,
          "block": 2,
          "min_samples_leaf": 1,
          "branch_dir": "/home/io632776/experiments/adaptive-smac/experiments/hartmann/05_force_variable_min_samples_leaf/hartmann_6d_branch_select_min_samples_leaf/seed_1/block_02/leaf_1/1",
          "n_trials": 200,
          "incumbent_cost": -3.2499537645090615,
          "incumbent": {
            "x1": 0.2089258574481,
            "x2": 0.1403345293411,
            "x3": 0.4206391421317,
            "x4": 0.3064776848652,
            "x5": 0.3240918519597,
            "x6": 0.6380702578064
          }
        },
        {
          "seed": 1,
          "block": 2,
          "min_samples_leaf": 2,
          "branch_dir": "/home/io632776/experiments/adaptive-smac/experiments/hartmann/05_force_variable_min_samples_leaf/hartmann_6d_branch_select_min_samples_leaf/seed_1/block_02/leaf_2/1",
          "n_trials": 200,
          "incumbent_cost": -3.221079528300445,
          "incumbent": {
            "x1": 0.2518042234341,
            "x2": 0.140386658146,
            "x3": 0.4112794381579,
            "x4": 0.2911683321967,
            "x5": 0.2975362914206,
            "x6": 0.6241343270712
          }
        },
        {
          "seed": 1,
          "block": 2,
          "min_samples_leaf": 3,
          "branch_dir": "/home/io632776/experiments/adaptive-smac/experiments/hartmann/05_force_variable_min_samples_leaf/hartmann_6d_branch_select_min_samples_leaf/seed_1/block_02/leaf_3/1",
          "n_trials": 200,
          "incumbent_cost": -3.2349004297080985,
          "incumbent": {
            "x1": 0.2335043297364,
            "x2": 0.1402261546784,
            "x3": 0.4904038580799,
            "x4": 0.3105675924505,
            "x5": 0.2918323856458,
            "x6": 0.6325827940464
          }
        },
        {
          "seed": 1,
          "block": 2,
          "min_samples_leaf": 4,
          "branch_dir": "/home/io632776/experiments/adaptive-smac/experiments/hartmann/05_force_variable_min_samples_leaf/hartmann_6d_branch_select_min_samples_leaf/seed_1/block_02/leaf_4/1",
          "n_trials": 200,
          "incumbent_cost": -3.281625588999707,
          "incumbent": {
            "x1": 0.2331537113022,
            "x2": 0.140386658146,
            "x3": 0.4795958696019,
            "x4": 0.2971918783885,
            "x5": 0.3180725921539,
            "x6": 0.636686638632
          }
        },
        {
          "seed": 1,
          "block": 2,
          "min_samples_leaf": 5,
          "branch_dir": "/home/io632776/experiments/adaptive-smac/experiments/hartmann/05_force_variable_min_samples_leaf/hartmann_6d_branch_select_min_samples_leaf/seed_1/block_02/leaf_5/1",
          "n_trials": 200,
          "incumbent_cost": -3.3066036675334853,
          "incumbent": {
            "x1": 0.1790677966306,
            "x2": 0.1353139163079,
            "x3": 0.4987825013574,
            "x4": 0.2757874028127,
            "x5": 0.3054952361183,
            "x6": 0.6611732886235
          }
        }
      ],
      "selected": {
        "seed": 1,
        "block": 2,
        "min_samples_leaf": 5,
        "branch_dir": "/home/io632776/experiments/adaptive-smac/experiments/hartmann/05_force_variable_min_samples_leaf/hartmann_6d_branch_select_min_samples_leaf/seed_1/block_02/leaf_5/1",
        "n_trials": 200,
        "incumbent_cost": -3.3066036675334853,
        "incumbent": {
          "x1": 0.1790677966306,
          "x2": 0.1353139163079,
          "x3": 0.4987825013574,
          "x4": 0.2757874028127,
          "x5": 0.3054952361183,