{
  "run_type": "default_surrogate",
  "seed": 0,
  "n_trials": 400,
  "n_initial_design_configs": 25,
  "final_incumbent_cost": -3.142966099678235,
  "best_at_100": -3.128795882014325,
  "best_at_200": -3.1406435285919705,
  "best_at_300": -3.142386196963967,
  "best_at_400": -3.142966099678235,
  "incumbent": {
    "x1": 0.4035602689499,
    "x2": 0.8816189911063,
    "x3": 0.9297390692283,
    "x4": 0.5740274227596,
    "x5": 0.1152448987473,
    "x6": 0.0019015509234
  },
  "run_dir": "/home/io632776/experiments/adaptive-smac/experiments/hartmann/Debug_02/debug_default_surrogate/default_surrogate/0"
}