{
  "seed": 2,
  "leaf_values": [
    1,
    2,
    3,
    4,
    5
  ],
  "trials_per_block": 100,
  "n_blocks": 5,
  "selected_leaf_values": [
    4,
    4,
    2,
    1,
    1
  ],
  "selected_trials": 500,
  "actual_evaluations": 2500,
  "final_incumbent_cost": -3.3218764393178173,
  "final_incumbent": {
    "x1": 0.2031674041268,
    "x2": 0.1458922256523,
    "x3": 0.4810816875177,
    "x4": 0.2745682570714,
    "x5": 0.3128804983737,
    "x6": 0.6573426013948
  },
  "blocks": [
    {
      "block": 1,
      "start_trial": 1,
      "end_trial": 100,
      "branches": [
        {
          "seed": 2,
          "block": 1,
          "min_samples_leaf": 1,
          "branch_dir": "/home/io632776/experiments/adaptive-smac/experiments/hartmann/05_force_variable_min_samples_leaf/hartmann_6d_branch_select_min_samples_leaf/seed_2/block_01/leaf_1/2",
          "n_trials": 100,
          "incumbent_cost": -2.89855295268937,
          "incumbent": {
            "x1": 0.2886995581204,
            "x2": 0.1049010500134,
            "x3": 0.3441342223589,
            "x4": 0.2918868943928,
            "x5": 0.2401037754458,
            "x6": 0.6542099147876
          }
        },
        {
          "seed": 2,
          "block": 1,
          "min_samples_leaf": 2,
          "branch_dir": "/home/io632776/experiments/adaptive-smac/experiments/hartmann/05_force_variable_min_samples_leaf/hartmann_6d_branch_select_min_samples_leaf/seed_2/block_01/leaf_2/2",
          "n_trials": 100,
          "incumbent_cost": -2.858621348949815,
          "incumbent": {
            "x1": 0.18529704404,
            "x2": 0.0342664201796,
            "x3": 0.5297564834787,
            "x4": 0.3525187463797,
            "x5": 0.3594597453274,
            "x6": 0.6305585617312
          }
        },
        {
          "seed": 2,
          "block": 1,
          "min_samples_leaf": 3,
          "branch_dir": "/home/io632776/experiments/adaptive-smac/experiments/hartmann/05_force_variable_min_samples_leaf/hartmann_6d_branch_select_min_samples_leaf/seed_2/block_01/leaf_3/2",
          "n_trials": 100,
          "incumbent_cost": -2.7424619106947645,
          "incumbent": {
            "x1": 0.2958622880064,
            "x2": 0.0149168874407,
            "x3": 0.4722563258329,
            "x4": 0.3408527492739,
            "x5": 0.3633611416709,
            "x6": 0.7055153771854
          }
        },
        {
          "seed": 2,
          "block": 1,
          "min_samples_leaf": 4,
          "branch_dir": "/home/io632776/experiments/adaptive-smac/experiments/hartmann/05_force_variable_min_samples_leaf/hartmann_6d_branch_select_min_samples_leaf/seed_2/block_01/leaf_4/2",
          "n_trials": 100,
          "incumbent_cost": -3.041255333742074,
          "incumbent": {
            "x1": 0.1316762869094,
            "x2": 0.0898197953067,
            "x3": 0.565006277495,
            "x4": 0.3268242714348,
            "x5": 0.3049574193363,
            "x6": 0.6310790427428
          }
        },
        {
          "seed": 2,
          "block": 1,
          "min_samples_leaf": 5,
          "branch_dir": "/home/io632776/experiments/adaptive-smac/experiments/hartmann/05_force_variable_min_samples_leaf/hartmann_6d_branch_select_min_samples_leaf/seed_2/block_01/leaf_5/2",
          "n_trials": 100,
          "incumbent_cost": -2.4736408507029686,
          "incumbent": {
            "x1": 0.1622154242954,
            "x2": 0.1277901312481,
            "x3": 0.0731090433329,
            "x4": 0.2503658873977,
            "x5": 0.3419513708833,
            "x6": 0.6992594919875
          }
        }
      ],
      "selected": {
        "seed": 2,
        "block": 1,
        "min_samples_leaf": 4,
        "branch_dir": "/home/io632776/experiments/adaptive-smac/experiments/hartmann/05_force_variable_min_samples_leaf/hartmann_6d_branch_select_min_samples_leaf/seed_2/block_01/leaf_4/2",
        "n_trials": 100,
        "incumbent_cost": -3.041255333742074,
        "incumbent": {
          "x1": 0.1316762869094,
          "x2": 0.0898197953067,
          "x3": 0.565006277495,
          "x4": 0.3268242714348,
          "x5": 0.3049574193363,
          "x6": 0.6310790427428
        }
      }
    },
    {
      "block": 2,
      "start_trial": 101,
      "end_trial": 200,
      "branches": [
        {
          "seed": 2,
          "block": 2,
          "min_samples_leaf": 1,
          "branch_dir": "/home/io632776/experiments/adaptive-smac/experiments/hartmann/05_force_variable_min_samples_leaf/hartmann_6d_branch_select_min_samples_leaf/seed_2/block_02/leaf_1/2",
          "n_trials": 200,
          "incumbent_cost": -3.2121161161869867,
          "incumbent": {
            "x1": 0.1395466795908,
            "x2": 0.0914100052619,
            "x3": 0.5064231942809,
            "x4": 0.2773795181236,
            "x5": 0.3185324964967,
            "x6": 0.6798172923593
          }
        },
        {
          "seed": 2,
          "block": 2,
          "min_samples_leaf": 2,
          "branch_dir": "/home/io632776/experiments/adaptive-smac/experiments/hartmann/05_force_variable_min_samples_leaf/hartmann_6d_branch_select_min_samples_leaf/seed_2/block_02/leaf_2/2",
          "n_trials": 200,
          "incumbent_cost": -3.2460029192908557,
          "incumbent": {
            "x1": 0.1764895910151,
            "x2": 0.1042952222331,
            "x3": 0.5194493437244,
            "x4": 0.2734942461189,
            "x5": 0.2982937808869,
            "x6": 0.6310790427428
          }
        },
        {
          "seed": 2,
          "block": 2,
          "min_samples_leaf": 3,
          "branch_dir": "/home/io632776/experiments/adaptive-smac/experiments/hartmann/05_force_variable_min_samples_leaf/hartmann_6d_branch_select_min_samples_leaf/seed_2/block_02/leaf_3/2",
          "n_trials": 200,
          "incumbent_cost": -3.2187168158392807,
          "incumbent": {
            "x1": 0.1318550926308,
            "x2": 0.1048516123347,
            "x3": 0.4490309974845,
            "x4": 0.2932211443793,
            "x5": 0.3049574193363,
            "x6": 0.6608013128279
          }
        },
        {
          "seed": 2,
          "block": 2,
          "min_samples_leaf": 4,
          "branch_dir": "/home/io632776/experiments/adaptive-smac/experiments/hartmann/05_force_variable_min_samples_leaf/hartmann_6d_branch_select_min_samples_leaf/seed_2/block_02/leaf_4/2",
          "n_trials": 200,
          "incumbent_cost": -3.291131127825217,
          "incumbent": {
            "x1": 0.1880673081386,
            "x2": 0.1071848393965,
            "x3": 0.4844378405479,
            "x4": 0.2730099355994,
            "x5": 0.3046464124126,
            "x6": 0.6431545537869
          }
        },
        {
          "seed": 2,
          "block": 2,
          "min_samples_leaf": 5,
          "branch_dir": "/home/io632776/experiments/adaptive-smac/experiments/hartmann/05_force_variable_min_samples_leaf/hartmann_6d_branch_select_min_samples_leaf/seed_2/block_02/leaf_5/2",
          "n_trials": 200,
          "incumbent_cost": -3.2036689156065075,
          "incumbent": {
            "x1": 0.1314713450853,
            "x2": 0.098102639013,
            "x3": 0.4942737638621,
            "x4": 0.2777414104739,
            "x5": 0.3052983874109,
            "x6": 0.6265160004584
          }
        }
      ],
      "selected": {
        "seed": 2,
        "block": 2,
        "min_samples_leaf": 4,
        "branch_dir": "/home/io632776/experiments/adaptive-smac/experiments/hartmann/05_force_variable_min_samples_leaf/hartmann_6d_branch_select_min_samples_leaf/seed_2/block_02/leaf_4/2",
        "n_trials": 200,
        "incumbent_cost": -3.291131127825217,
        "incumbent": {
          "x1": 0.1880673081386,
          "x2": 0.1071848393965,
          "x3": 0.4844378405479,
          "x4": 0.2730099355994,
          "x5": 0.3046464124126,