{
  "seed": 2,
  "leaf_values": [
    1,
    2,
    3,
    4,
    5
  ],
  "trials_per_block": 100,
  "n_blocks": 5,
  "selected_leaf_values": [
    4,
    2,
    2,
    3,
    1
  ],
  "selected_trials": 500,
  "actual_evaluations": 2500,
  "final_incumbent_cost": -3.3216511328741474,
  "final_incumbent": {
    "x1": 0.1998290580744,
    "x2": 0.1551948585784,
    "x3": 0.4770101292383,
    "x4": 0.276269332251,
    "x5": 0.3102684936291,
    "x6": 0.6604520854542
  },
  "blocks": [
    {
      "block": 1,
      "start_trial": 1,
      "end_trial": 100,
      "branches": [
        {
          "seed": 2,
          "block": 1,
          "min_samples_leaf": 1,
          "branch_dir": "/home/io632776/experiments/adaptive-smac/experiments/hartmann/05_force_variable_min_samples_leaf/hartmann_6d_branch_select_min_samples_leaf/seed_2/block_01/leaf_1/2",
          "n_trials": 100,
          "incumbent_cost": -3.1670521296742,
          "incumbent": {
            "x1": 0.1827356464712,
            "x2": 0.1053366539768,
            "x3": 0.4741660231962,
            "x4": 0.3326015712016,
            "x5": 0.2857592508896,
            "x6": 0.6637512014997
          }
        },
        {
          "seed": 2,
          "block": 1,
          "min_samples_leaf": 2,
          "branch_dir": "/home/io632776/experiments/adaptive-smac/experiments/hartmann/05_force_variable_min_samples_leaf/hartmann_6d_branch_select_min_samples_leaf/seed_2/block_01/leaf_2/2",
          "n_trials": 100,
          "incumbent_cost": -2.701060243122894,
          "incumbent": {
            "x1": 0.2904144604604,
            "x2": 0.0891564014249,
            "x3": 0.3585573848929,
            "x4": 0.3057179989235,
            "x5": 0.3065578314508,
            "x6": 0.5283580925833
          }
        },
        {
          "seed": 2,
          "block": 1,
          "min_samples_leaf": 3,
          "branch_dir": "/home/io632776/experiments/adaptive-smac/experiments/hartmann/05_force_variable_min_samples_leaf/hartmann_6d_branch_select_min_samples_leaf/seed_2/block_01/leaf_3/2",
          "n_trials": 100,
          "incumbent_cost": -3.2340387802358204,
          "incumbent": {
            "x1": 0.2013944335468,
            "x2": 0.1307629384674,
            "x3": 0.4544563454799,
            "x4": 0.325205345712,
            "x5": 0.3220795769561,
            "x6": 0.6483725637914
          }
        },
        {
          "seed": 2,
          "block": 1,
          "min_samples_leaf": 4,
          "branch_dir": "/home/io632776/experiments/adaptive-smac/experiments/hartmann/05_force_variable_min_samples_leaf/hartmann_6d_branch_select_min_samples_leaf/seed_2/block_01/leaf_4/2",
          "n_trials": 100,
          "incumbent_cost": -3.24195043376158,
          "incumbent": {
            "x1": 0.1674645380145,
            "x2": 0.1036329374285,
            "x3": 0.4931968485854,
            "x4": 0.267899927407,
            "x5": 0.3091728223296,
            "x6": 0.6948329678921
          }
        },
        {
          "seed": 2,
          "block": 1,
          "min_samples_leaf": 5,
          "branch_dir": "/home/io632776/experiments/adaptive-smac/experiments/hartmann/05_force_variable_min_samples_leaf/hartmann_6d_branch_select_min_samples_leaf/seed_2/block_01/leaf_5/2",
          "n_trials": 100,
          "incumbent_cost": -1.8251587774644913,
          "incumbent": {
            "x1": 0.3718270487027,
            "x2": 0.1189745316939,
            "x3": 0.4432149151881,
            "x4": 0.0791890856724,
            "x5": 0.4056600190464,
            "x6": 0.6720236958801
          }
        }
      ],
      "selected": {
        "seed": 2,
        "block": 1,
        "min_samples_leaf": 4,
        "branch_dir": "/home/io632776/experiments/adaptive-smac/experiments/hartmann/05_force_variable_min_samples_leaf/hartmann_6d_branch_select_min_samples_leaf/seed_2/block_01/leaf_4/2",
        "n_trials": 100,
        "incumbent_cost": -3.24195043376158,
        "incumbent": {
          "x1": 0.1674645380145,
          "x2": 0.1036329374285,
          "x3": 0.4931968485854,
          "x4": 0.267899927407,
          "x5": 0.3091728223296,
          "x6": 0.6948329678921
        }
      }
    },
    {
      "block": 2,
      "start_trial": 101,
      "end_trial": 200,
      "branches": [
        {
          "seed": 2,
          "block": 2,
          "min_samples_leaf": 1,
          "branch_dir": "/home/io632776/experiments/adaptive-smac/experiments/hartmann/05_force_variable_min_samples_leaf/hartmann_6d_branch_select_min_samples_leaf/seed_2/block_02/leaf_1/2",
          "n_trials": 200,
          "incumbent_cost": -3.252396272055011,
          "incumbent": {
            "x1": 0.1984876168229,
            "x2": 0.1036329374285,
            "x3": 0.4976533452634,
            "x4": 0.2582336208573,
            "x5": 0.3157987572164,
            "x6": 0.6920165440151
          }
        },
        {
          "seed": 2,
          "block": 2,
          "min_samples_leaf": 2,
          "branch_dir": "/home/io632776/experiments/adaptive-smac/experiments/hartmann/05_force_variable_min_samples_leaf/hartmann_6d_branch_select_min_samples_leaf/seed_2/block_02/leaf_2/2",
          "n_trials": 200,
          "incumbent_cost": -3.2892649586659766,
          "incumbent": {
            "x1": 0.1964639446634,
            "x2": 0.1035843574591,
            "x3": 0.4927637834064,
            "x4": 0.2811191228173,
            "x5": 0.3124177925433,
            "x6": 0.6698248002527
          }
        },
        {
          "seed": 2,
          "block": 2,
          "min_samples_leaf": 3,
          "branch_dir": "/home/io632776/experiments/adaptive-smac/experiments/hartmann/05_force_variable_min_samples_leaf/hartmann_6d_branch_select_min_samples_leaf/seed_2/block_02/leaf_3/2",
          "n_trials": 200,
          "incumbent_cost": -3.287875721158384,
          "incumbent": {
            "x1": 0.2155517781171,
            "x2": 0.1036525562254,
            "x3": 0.4820734695608,
            "x4": 0.26814987556,
            "x5": 0.3040241010488,
            "x6": 0.6676553593878
          }
        },
        {
          "seed": 2,
          "block": 2,
          "min_samples_leaf": 4,
          "branch_dir": "/home/io632776/experiments/adaptive-smac/experiments/hartmann/05_force_variable_min_samples_leaf/hartmann_6d_branch_select_min_samples_leaf/seed_2/block_02/leaf_4/2",
          "n_trials": 200,
          "incumbent_cost": -3.264409064908372,
          "incumbent": {
            "x1": 0.2136899140924,
            "x2": 0.1036329374285,
            "x3": 0.5024593783928,
            "x4": 0.2767606547731,
            "x5": 0.3062849701057,
            "x6": 0.6867851559334
          }
        },
        {
          "seed": 2,
          "block": 2,
          "min_samples_leaf": 5,
          "branch_dir": "/home/io632776/experiments/adaptive-smac/experiments/hartmann/05_force_variable_min_samples_leaf/hartmann_6d_branch_select_min_samples_leaf/seed_2/block_02/leaf_5/2",
          "n_trials": 200,
          "incumbent_cost": -3.277982830837859,
          "incumbent": {
            "x1": 0.1669409404394,
            "x2": 0.1036329374285,
            "x3": 0.4853070762356,
            "x4": 0.2822070020791,
            "x5": 0.3066649047953,
            "x6": 0.6493247261993
          }
        }
      ],
      "selected": {
        "seed": 2,
        "block": 2,
        "min_samples_leaf": 2,
        "branch_dir": "/home/io632776/experiments/adaptive-smac/experiments/hartmann/05_force_variable_min_samples_leaf/hartmann_6d_branch_select_min_samples_leaf/seed_2/block_02/leaf_2/2",
        "n_trials": 200,
        "incumbent_cost": -3.2892649586659766,
        "incumbent": {
          "x1": 0.1964639446634,
          "x2": 0.1035843574591,
          "x3": 0.4927637834064,
          "x4": 0.2811191228173,
          "x5": 0.3124177925433,