{
  "policy_type": "adaptive",
  "policy_name": "adaptive_3_2_2",
  "min_samples_leaf_by_block": [
    3,
    2,
    2
  ],
  "task_id": 10101,
  "task_name": "blood-transfusion-service-center",
  "seed": 0,
  "pythonhashseed": "12345",
  "n_trials": 300,
  "trials_per_block": 100,
  "n_initial_design_configs": 25,
  "incumbent": {
    "max_depth": 50,
    "max_features": 0.8760702619192,
    "min_samples_leaf": 1,
    "min_samples_split": 2
  },
  "incumbent_cost": 0.10313901345291476,
  "iteration": [
    1,
    2,
    3,
    4,
    5,
    6,
    7,
    8,
    9,
    10,
    11,
    12,
    13,
    14,
    15,
    16,
    17,
    18,
    19,
    20,
    21,
    22,
    23,
    24,
    25,
    26,
    27,
    28,
    29,
    30,
    31,
    32,
    33,
    34,
    35,
    36,
    37,
    38,
    39,
    40,
    41,
    42,
    43,
    44,
    45,
    46,
    47,
    48,
    49,
    50,
    51,
    52,
    53,
    54,
    55,
    56,
    57,
    58,
    59,
    60,
    61,
    62,
    63,
    64,
    65,
    66,
    67,
    68,
    69,
    70,
    71,
    72,
    73,
    74,
    75,
    76,
    77,
    78,
    79,
    80,
    81,
    82,
    83,
    84,
    85,
    86,
    87,
    88,
    89,
    90,
    91,
    92,
    93,
    94,
    95,
    96,
    97,
    98,
    99,
    100,
    101,
    102,
    103,
    104,
    105,
    106,
    107,
    108,
    109,
    110,
    111,
    112,
    113,
    114,
    115,
    116,
    117,
    118,
    119,
    120,
    121,
    122,
    123,
    124,
    125,
    126,
    127,
    128,
    129,
    130,
    131,
    132,
    133,
    134,
    135,
    136,
    137,
    138,
    139,
    140,
    141,
    142,
    143,
    144,
    145,
    146,
    147,
    148,
    149,
    150,
    151,
    152,
    153,
    154,
    155,
    156,
    157,
    158,
    159,
    160,
    161,
    162,
    163,
    164,
    165,
    166,
    167,
    168,
    169,
    170,
    171,
    172,
    173,
    174,
    175,
    176,
    177,
    178,
    179,
    180,
    181,
    182,
    183,
    184,
    185,
    186,
    187,
    188,
    189,
    190,
    191,
    192,
    193,
    194,
    195,
    196,
    197,
    198,
    199,
    200,
    201,
    202,
    203,
    204,
    205,
    206,
    207,
    208,
    209,
    210,
    211,
    212,
    213,
    214,
    215,
    216,
    217,
    218,
    219,
    220,
    221,
    222,
    223,
    224,
    225,
    226,
    227,
    228,
    229,
    230,
    231,
    232,
    233,
    234,
    235,
    236,
    237,
    238,
    239,
    240,
    241,
    242,
    243,
    244,
    245,
    246,
    247,
    248,
    249,
    250,
    251,
    252,
    253,
    254,
    255,
    256,
    257,
    258,
    259,
    260,
    261,
    262,
    263,
    264,
    265,
    266,
    267,
    268,
    269,
    270,
    271,
    272,
    273,
    274,
    275,
    276,
    277,
    278,
    279,
    280,
    281,
    282,
    283,
    284,
    285,
    286,
    287,
    288,
    289,
    290,
    291,
    292,
    293,
    294,
    295,
    296,
    297,
    298,
    299,
    300
  ],
  "cost": [
    0.22421524663677128,
    0.179372197309417,
    0.21076233183856508,
    0.2376681614349776,
    0.2600896860986547,
    0.20627802690582964,
    0.21076233183856508,
    0.19730941704035876,
    0.2017937219730942,
    0.22869955156950672,
    0.2152466367713004,
    0.2511210762331838,
    0.2376681614349776,
    0.2152466367713004,
    0.22869955156950672,
    0.22869955156950672,
    0.21076233183856508,
    0.21076233183856508,
    0.19282511210762332,
    0.2376681614349776,
    0.2376681614349776,
    0.22421524663677128,
    0.22869955156950672,
    0.2017937219730942,
    0.2152466367713004,
    0.21973094170403584,
    0.18834080717488788,
    0.19730941704035876,
    0.18834080717488788,
    0.22421524663677128,
    0.2152466367713004,
    0.2017937219730942,
    0.19282511210762332,
    0.18834080717488788,
    0.20627802690582964,
    0.17488789237668156,
    0.20627802690582964,
    0.179372197309417,
    0.20627802690582964,
    0.15695067264573992,
    0.19730941704035876,
    0.2376681614349776,
    0.18834080717488788,
    0.18834080717488788,
    0.18385650224215244,
    0.18834080717488788,
    0.19730941704035876,
    0.179372197309417,
    0.2152466367713004,
    0.2152466367713004,
    0.17040358744394624,
    0.18385650224215244,
    0.17488789237668156,
    0.19282511210762332,
    0.19730941704035876,
    0.19730941704035876,
    0.18385650224215244,
    0.16143497757847536,
    0.179372197309417,
    0.2152466367713004,
    0.14798206278026904,
    0.19730941704035876,
    0.179372197309417,
    0.179372197309417,
    0.1434977578475336,
    0.15246636771300448,
    0.179372197309417,
    0.15695067264573992,
    0.20627802690582964,
    0.179372197309417,
    0.1434977578475336,
    0.1434977578475336,
    0.18834080717488788,
    0.13452914798206284,
    0.1300448430493274,
    0.17040358744394624,
    0.1434977578475336,
    0.1434977578475336,
    0.2152466367713004,
    0.1300448430493274,
    0.19730941704035876,
    0.14798206278026904,
    0.12556053811659196,
    0.15246636771300448,
    0.12556053811659196,
    0.2017937219730942,
    0.2376681614349776,
    0.13452914798206284,
    0.1659192825112108,
    0.2152466367713004,
    0.17040358744394624,
    0.14798206278026904,
    0.2017937219730942,
    0.179372197309417,
    0.21973094170403584,
    0.1300448430493274,
    0.14798206278026904,
    0.15695067264573992,
    0.20627802690582964,
    0.19282511210762332,
    0.20627802690582964,
    0.18385650224215244,
    0.21076233183856508,
    0.21076233183856508,
    0.21973094170403584,
    0.13452914798206284,
    0.20627802690582964,
    0.16143497757847536,
    0.1300448430493274,
    0.1434977578475336,
    0.15695067264573992,
    0.20627802690582964,
    0.13452914798206284,
    0.1434977578475336,
    0.15246636771300448,
    0.12556053811659196,
    0.22421524663677128,
    0.14798206278026904,
    0.1434977578475336,
    0.21076233183856508,
    0.16143497757847536,
    0.21076233183856508,
    0.13901345291479816,
    0.21076233183856508,
    0.1434977578475336,
    0.12556053811659196,
    0.16143497757847536,
    0.18385650224215244,
    0.12107623318385652,
    0.13901345291479816,
    0.12556053811659196,
    0.2017937219730942,
    0.12107623318385652,
    0.1076233183856502,
    0.15246636771300448,
    0.14798206278026904,
    0.15246636771300448,
    0.179372197309417,
    0.17488789237668156,
    0.1300448430493274,
    0.13452914798206284,
    0.17040358744394624,
    0.1300448430493274,
    0.1434977578475336,
    0.13452914798206284,
    0.12556053811659196,
    0.11659192825112108,
    0.13901345291479816,
    0.20627802690582964,
    0.1659192825112108,
    0.15695067264573992,
    0.15695067264573992,
    0.24663677130044848,
    0.2376681614349776,
    0.1300448430493274,
    0.15246636771300448,
    0.1434977578475336,
    0.16143497757847536,
    0.17488789237668156,
    0.13452914798206284,
    0.17488789237668156,
    0.19282511210762332,
    0.13901345291479816,
    0.21973094170403584,
    0.1434977578475336,
    0.13901345291479816,
    0.13452914798206284,
    0.21076233183856508,
    0.14798206278026904,
    0.24215246636771304,
    0.15246636771300448,
    0.20627802690582964,
    0.19730941704035876,
    0.2376681614349776,
    0.23318385650224216,
    0.2152466367713004,
    0.22421524663677128,
    0.18834080717488788,
    0.10313901345291476,
    0.13452914798206284,
    0.21076233183856508,
    0.11659192825112108,
    0.2017937219730942,
    0.2376681614349776,
    0.2152466367713004,
    0.16143497757847536,
    0.21076233183856508,
    0.2376681614349776,
    0.14798206278026904,
    0.1659192825112108,
    0.13901345291479816,
    0.13901345291479816,
    0.17040358744394624,
    0.13901345291479816,
    0.2017937219730942,
    0.15246636771300448,
    0.17488789237668156,
    0.12556053811659196,
