{
  "incumbent_ids": [
    7
  ],
  "rejected_config_ids": [
    1,
    3,
    2,
    5,
    6,
    4,
    8,
    9,
    10
  ],
  "incumbents_changed": 4,
  "trajectory": [
    {
      "config_ids": [
        1
      ],
      "costs": [
        87.6412762445344
      ],
      "trial": 1,
      "walltime": 0.002674102783203125
    },
    {
      "config_ids": [
        2
      ],
      "costs": [
        30.561935457563166
      ],
      "trial": 2,
      "walltime": 0.006673097610473633
    },
    {
      "config_ids": [
        4
      ],
      "costs": [
        14.198880932674147
      ],
      "trial": 4,
      "walltime": 1.4301903247833252
    },
    {
      "config_ids": [
        7
      ],
      "costs": [
        7.8331902663949915
      ],
      "trial": 7,
      "walltime": 1.4448330402374268
    }
  ],
  "state": {
    "queue": [
      [
        10,
        1
      ]
    ]
  }
}